M,threshold,TPR,FPR,A,EHC
2,-1.0,0.9999683287581669,0.8413447460685429,16.83006739302465,0.0
2,-0.995,0.9999676528735231,0.840131867824506,16.8058340721911,0.0
2,-0.99,0.9999669633523706,0.8389129404891691,16.781479890240647,0.0
2,-0.985,0.9999662599371678,0.8376879645181008,16.757004856270395,0.0
2,-0.98,0.999965542365885,0.8364569406723077,16.732408985480024,0.0
2,-0.975,0.9999648103719341,0.8352198700196897,16.707692299200836,0.0
2,-0.97,0.9999640636840972,0.8339767539364704,16.68285482492436,0.0
2,-0.965,0.9999633020264541,0.832727594108605,16.657896596330456,0.0
2,-0.96,0.999962525118309,0.8314723925331622,16.632817653314948,0.0
2,-0.955,0.9999617326741155,0.8302111515196839,16.607618042016767,0.0
2,-0.95,0.9999609244034022,0.8289438736915182,16.5822978148446,0.0
2,-0.945,0.9999601000106952,0.8276705619871281,16.556857030503032,0.0
2,-0.94,0.9999592591954415,0.8263912196613754,16.531295754018192,0.0
2,-0.935,0.9999584016519296,0.825105850286778,16.50561405676286,0.0
2,-0.9299999999999999,0.9999575270692113,0.823814457754742,16.47981201648113,0.0
2,-0.925,0.9999566351310195,0.8225170462767677,16.45388971731244,0.0
2,-0.92,0.9999557255156879,0.8212136203856283,16.427847249815166,0.0
2,-0.915,0.9999547978960678,0.8199041849365231,16.401684710989652,0.0
2,-0.91,0.9999538519394437,0.8185887451082028,16.37540220430068,0.0
2,-0.905,0.9999528873074498,0.8172673064040681,16.34899983969943,0.0
2,-0.9,0.9999519036559824,0.8159398746532405,16.322477733644863,0.0
2,-0.895,0.9999509006351138,0.8146064560116055,16.29583600912458,0.0
2,-0.89,0.9999498778890038,0.8132670569628273,16.26907479567507,0.0
2,-0.885,0.9999488350558102,0.8119216843193366,16.242194229401463,0.0
2,-0.88,0.9999477717675982,0.8105703452232879,16.215194452996645,0.0
2,-0.875,0.9999466876502489,0.8092130471474893,16.18807561575984,0.0
2,-0.87,0.9999455823233663,0.8078497978963038,16.160837873614618,0.0
2,-0.865,0.9999444554001832,0.8064806056065194,16.13348138912626,0.0
2,-0.86,0.9999433064874658,0.8051054787481916,16.106006331518618,0.0
2,-0.855,0.9999421351854175,0.8037244261254556,16.07841287669031,0.0
2,-0.85,0.999940941087581,0.8023374568773076,16.050701207230357,0.0
2,-0.845,0.9999397237807397,0.8009445804783577,16.022871512433202,0.0
2,-0.84,0.9999384828448168,0.7995458067395503,15.994923988313111,0.0
2,-0.835,0.9999372178527745,0.7981411458088563,15.966858837618004,0.0
2,-0.83,0.9999359283705112,0.7967306081719316,15.938676269842604,0.0
2,-0.825,0.9999346139567573,0.7953142046527473,15.910376501241025,0.0
2,-0.8200000000000001,0.9999332741629703,0.7938919464141869,15.881959754838713,0.0
2,-0.815,0.9999319085332279,0.7924638449586122,15.853426260443737,0.0
2,-0.81,0.9999305166041201,0.7910299121283983,15.824776254657479,0.0
2,-0.8049999999999999,0.9999290979046405,0.7895901601064363,15.79600998088469,0.0
2,-0.8,0.9999276519560749,0.7881446014166034,15.767127689342857,0.0
2,-0.7949999999999999,0.9999261782718903,0.7866932489242013,15.738129637070982,0.0
2,-0.79,0.9999246763576213,0.7852361158363629,15.709016087937682,0.0
2,-0.785,0.9999231457107552,0.7837732157024244,15.679787312648655,0.0
2,-0.78,0.9999215858206164,0.7823045624142668,15.650443588753465,0.0
2,-0.775,0.9999199961682489,0.7808301702066226,15.620985200651685,0.0
2,-0.77,0.9999183762262973,0.7793500536573503,15.591412439598384,0.0
2,-0.765,0.999916725458887,0.7778642276876762,15.561725603708947,0.0
2,-0.76,0.999915043321502,0.7763727075624006,15.531924997963195,0.0
2,-0.755,0.9999133292608623,0.7748755088900731,15.502010934208876,0.0
2,-0.75,0.9999115827147992,0.7733726476231317,15.47198373116447,0.0
2,-0.745,0.999909803112129,0.7718641400580104,15.44184371442129,0.0
2,-0.74,0.9999079898725259,0.7703500028352095,15.411591216444936,0.0
2,-0.735,0.9999061424063929,0.7688302529393352,15.381226576576044,0.0
2,-0.73,0.9999042601147311,0.7673049076991025,15.350750141030364,0.0
2,-0.725,0.9999023423890081,0.7657739847873051,15.320162262898137,0.0
2,-0.72,0.999900388611024,0.7642375022207488,15.289463302142781,0.0
2,-0.715,0.999898398152777,0.7626954783601526,15.258653625598903,0.0
2,-0.71,0.999896370376326,0.7611479319100133,15.227733606969592,0.0
2,-0.7050000000000001,0.9998943046336528,0.7595948819184355,15.196703626823014,0.0
2,-0.7,0.9998922002665226,0.758036347776927,15.165564072588332,0.0
2,-0.6950000000000001,0.9998900566063423,0.756472349220159,15.134315338550905,0.0
2,-0.69,0.9998878729740177,0.7549029063256906,15.102957825846776,0.0
2,-0.685,0.9998856486798091,0.7533280395136581,15.071491942456486,0.0
2,-0.6799999999999999,0.9998833830231846,0.7517477695464294,15.039918103198122,0.0
2,-0.675,0.9998810752926732,0.7501621175282229,15.008236729719748,0.0
2,-0.6699999999999999,0.9998787247657146,0.7485711049046898,14.976448250491018,0.0
2,-0.665,0.9998763307085085,0.7469747534624621,14.944553100794165,0.0
2,-0.6599999999999999,0.9998738923758616,0.7453730853286639,14.912551722714223,0.0
2,-0.655,0.9998714090110332,0.7437661229703878,14.88044456512857,0.0
2,-0.6499999999999999,0.9998688798455795,0.7421538891941353,14.848232083695734,0.0
2,-0.645,0.9998663040991952,0.7405364071452203,14.815914740843485,0.0
2,-0.64,0.9998636809795542,0.7389137003071384,14.783493005756219,0.0
2,-0.635,0.9998610096821483,0.7372857925008991,14.750967354361608,0.0
2,-0.63,0.9998582893901242,0.7356527078843225,14.718338269316565,0.0
2,-0.625,0.9998555192741188,0.7340144709512995,14.685606239992445,0.0
2,-0.62,0.9998526984920926,0.732371106531017,14.652771762459562,0.0
2,-0.615,0.9998498261891613,0.730722639787146,14.619835339470962,0.0
2,-0.61,0.9998469014974263,0.7290690962169943,14.586797480445497,0.0
2,-0.605,0.9998439235358019,0.7274105016506229,14.553658701450162,0.0
2,-0.6,0.9998408914098424,0.7257468822499265,14.520419525181726,0.0
2,-0.595,0.9998378042115666,0.7240782645076775,14.487080480947627,0.0
2,-0.59,0.9998346610192799,0.7224046752465351,14.453642104646157,0.0
2,-0.585,0.9998314608973956,0.720726141618017,14.420104938745927,0.0
2,-0.5800000000000001,0.9998282028962541,0.7190426911014357,14.38646953226461,0.0
2,-0.575,0.9998248860519394,0.7173543515027994,14.352736440746972,0.0
2,-0.5700000000000001,0.9998215093860952,0.7156611509536759,14.318906226242165,0.0
2,-0.565,0.9998180719057375,0.7139631179100213,14.28497945728034,0.0
2,-0.56,0.9998145726030667,0.712260281150973,14.250956708848502,0.0
2,-0.5549999999999999,0.9998110104552771,0.7105526697776057,14.216838562365668,0.0
2,-0.55,0.9998073844243643,0.7088403132116536,14.182625605657329,0.0
2,-0.5449999999999999,0.9998036934569315,0.7071232411941949,14.148318432929155,0.0
2,-0.54,0.9997999364839927,0.705401483784302,14.113917644740035,0.0
2,-0.5349999999999999,0.9997961124207752,0.7036750713576556,14.079423847974375,0.0
2,-0.53,0.9997922201665194,0.7019440346051236,14.0448376558137,0.0
2,-0.5249999999999999,0.9997882586042766,0.7002084045313041,14.010159687707539,0.0
2,-0.52,0.9997842266007053,0.6984682124530338,13.97539056934363,0.0
2,-0.515,0.999780123005865,0.6967234899978605,13.94053093261737,0.0
2,-0.51,0.999775946653009,0.6949742691024806,13.905581415600622,0.0
2,-0.505,0.9997716963583728,0.6932205820111423,13.870542662509791,0.0
2,-0.5,0.9997673709209645,0.6914624612740131,13.835415323673201,0.0
2,-0.495,0.9997629691223487,0.6896999397455121,13.800200055497777,0.0
2,-0.49,0.9997584897264321,0.6879330505826095,13.764897520435067,0.0
2,-0.485,0.9997539314792446,0.6861618272430887,13.729508386946495,0.0
2,-0.48,0.9997492931087195,0.6843863034837774,13.694033329468047,0.0
2,-0.475,0.9997445733244714,0.6826065133587409,13.658473028374134,0.0
2,-0.47,0.9997397708175725,0.6808224912174442,13.622828169940886,0.0
2,-0.46499999999999997,0.9997348842603256,0.679034271702878,13.587099446308708,0.0
2,-0.45999999999999996,0.9997299123060365,0.6772418897496523,13.551287555444173,0.0
2,-0.45499999999999996,0.9997248535887833,0.6754453805820555,13.515393201101244,0.0
2,-0.44999999999999996,0.9997197067231838,0.6736447797120799,13.47941709278182,0.0
2,-0.44499999999999995,0.9997144703041617,0.6718401229374151,13.443359945695637,0.0
2,-0.43999999999999995,0.9997091429067092,0.6700314463394064,13.407222480719474,0.0
2,-0.43499999999999994,0.9997037230856486,0.668218786280981,13.371005424355713,0.0
2,-0.42999999999999994,0.9996982093753913,0.6664021794045423,13.334709508690263,0.0
2,-0.42499999999999993,0.9996926002896952,0.6645816626298304,13.298335471349805,0.0
2,-0.42000000000000004,0.9996868943214188,0.6627572731517506,13.261884055458404,0.0
2,-0.41500000000000004,0.999681089942275,0.6609290484381688,13.225356009593458,0.0
2,-0.41000000000000003,0.9996751856025812,0.6590970262276774,13.188752087741047,0.0
2,-0.405,0.9996691797310073,0.6572612445273263,13.1520730492506,0.0
2,-0.4,0.9996630707343231,0.6554217416103242,13.115319658788962,0.0
2,-0.395,0.9996568569971418,0.6535785560137083,13.078492686293835,0.0
2,-0.39,0.999650536881662,0.6517317265359823,13.04159290692656,0.0
2,-0.385,0.9996441087274079,0.6498812922347244,13.004621101024341,0.0
2,-0.38,0.9996375708509669,0.6480272924241628,12.967578054051792,0.0
2,-0.375,0.999630921545725,0.6461697666727237,12.930464556551936,0.0
2,-0.37,0.9996241590816,0.6443087548005467,12.893281404096555,0.0
2,-0.365,0.9996172817047732,0.6424442968769708,12.856029397235972,0.0
2,-0.36,0.999610287637418,0.6405764332179913,12.818709341448214,0.0
2,-0.355,0.9996031750774269,0.6387052043836872,12.781322047087617,0.0
2,-0.35,0.999595942198136,0.6368306511756191,12.743868329332832,0.0
2,-0.345,0.9995885871480474,0.6349528146341984,12.706349008134243,0.0
2,-0.33999999999999997,0.9995811080505497,0.6330717360360281,12.668764908160853,0.0
2,-0.33499999999999996,0.9995735030036356,0.6311874568912148,12.631116858746545,0.0
2,-0.32999999999999996,0.9995657700796183,0.6293000189406535,12.593405693835848,0.0
2,-0.32499999999999996,0.999557907324845,0.627409464153284,12.555632251929111,0.0
2,-0.31999999999999995,0.9995499127594079,0.6255158347233201,12.517797376027122,0.0
2,-0.31499999999999995,0.9995417843768541,0.6236191730674514,12.479901913575217,0.0
2,-0.30999999999999994,0.9995335201438924,0.6217195218220193,12.441946716406825,0.0
2,-0.30499999999999994,0.9995251180000982,0.619816923840165,12.403932640686497,0.0
2,-0.29999999999999993,0.9995165758576162,0.6179114221889526,12.365860546852424,0.0
2,-0.29500000000000004,0.9995078916008607,0.6160030601464654,12.327731299558398,0.0
2,-0.29000000000000004,0.9994990630862143,0.6140918811988774,12.289545767615293,0.0
2,-0.28500000000000003,0.9994900881417235,0.6121779290374987,12.25130482393206,0.0
2,-0.28,0.999480964566793,0.6102612475557972,12.213009345456165,0.0
2,-0.275,0.9994716901318774,0.6083418808463948,12.174660213113608,0.0
2,-0.27,0.9994622625781703,0.6064198731980396,12.136258311748394,0.0
2,-0.265,0.9994526796172922,0.604495269092554,12.097804530061575,0.0
2,-0.26,0.9994429389309754,0.6025681132017605,12.059299760549793,0.0
2,-0.255,0.9994330381707468,0.6006384503843826,12.020744899443379,0.0
2,-0.25,0.9994229749576092,0.5987063256829237,11.982140846643967,0.0
2,-0.245,0.9994127468817195,0.5967717843205244,11.943488505661712,0.0
2,-0.24,0.9994023515020656,0.5948348716977958,11.904788783552004,0.0
2,-0.235,0.9993917863461401,0.592895633389633,11.86604259085179,0.0
2,-0.22999999999999998,0.9993810489096132,0.5909541151420059,11.827250841515472,0.0
2,-0.22499999999999998,0.9993701366560023,0.5890103628687295,11.788414452850336,0.0
2,-0.21999999999999997,0.9993590470163399,0.5870644226482146,11.749534345451654,0.0
2,-0.21499999999999997,0.9993477773888398,0.5851163407201957,11.710611443137287,0.0
2,-0.20999999999999996,0.9993363251385601,0.5831661634824423,11.67164667288197,0.0
2,-0.20499999999999996,0.9993246875970648,0.5812139374874481,11.632640964751156,0.0
2,-0.19999999999999996,0.9993128620620841,0.579259709439103,11.593595251834522,0.0
2,-0.19499999999999995,0.9993008457971705,0.5773035261893451,11.554510470179057,0.0
2,-0.18999999999999995,0.9992886360313546,0.5753454347347954,11.515387558721839,0.0
2,-0.18499999999999994,0.9992762299587984,0.5733854822133744,11.476227459222395,0.0
2,-0.17999999999999994,0.9992636247384461,0.5714237159009007,11.437031116194765,0.0
2,-0.17499999999999993,0.999250817493673,0.5694601832076737,11.397799476839193,0.0
2,-0.16999999999999993,0.9992378053119327,0.5674949316750384,11.358533490973507,0.0
2,-0.16500000000000004,0.9992245852444023,0.5655280089719352,11.319234110964153,0.0
2,-0.16000000000000003,0.9992111543056245,0.5635594628914329,11.279902291656942,0.0
2,-0.15500000000000003,0.9991975094731489,0.5615893413472468,11.240538990307456,0.0
2,-0.15000000000000002,0.9991836476871714,0.5596176923702425,11.20114516651119,0.0
2,-0.14500000000000002,0.9991695658501702,0.5576445641049235,11.161721782133377,0.0
2,-0.14,0.9991552608265414,0.5556700048059064,11.12226980123854,0.0
2,-0.135,0.9991407294422313,0.5536940628343817,11.082790190019791,0.0
2,-0.13,0.9991259684843684,0.5517167866545611,11.04328391672782,0.0
2,-0.125,0.9991109747008916,0.5497382248301129,11.003751951599675,0.0
2,-0.12,0.9990957448001777,0.5477584260205839,10.964195266787268,0.0
2,-0.11499999999999999,0.9990802754506668,0.5457774389778103,10.924614836285665,0.0
2,-0.10999999999999999,0.9990645632804859,0.5437953125423168,10.8850116358611,0.0
2,-0.10499999999999998,0.9990486048770698,0.5418120956397047,10.845386642978841,0.0
2,-0.09999999999999998,0.9990323967867817,0.539827837277029,10.805740836730775,0.0
2,-0.09499999999999997,0.99901593551453,0.5378425865391663,10.766075197762833,0.0
2,-0.08999999999999997,0.9989992175233859,0.5358563925851721,10.726390708202207,0.0
2,-0.08499999999999996,0.9989822392341964,0.5338693046446292,10.686688351584376,0.0
2,-0.07999999999999996,0.9989649970251971,0.5318813720139873,10.64696911277997,0.0
2,-0.07499999999999996,0.998947487231624,0.5298926440528947,10.607233977921469,0.0
2,-0.06999999999999995,0.9989297061453211,0.5279031701805211,10.56748393432972,0.0
2,-0.06499999999999995,0.9989116500143491,0.5259129998718738,10.527719970440323,0.0
2,-0.05999999999999994,0.9988933150425907,0.5239221826541068,10.487943075729905,0.0
2,-0.05499999999999994,0.9988746973893544,0.5219307681028235,10.4481542406422,0.0
2,-0.04999999999999993,0.9988557931689773,0.5199388058383725,10.408354456514061,0.0
2,-0.04499999999999993,0.9988365984504259,0.517946345522139,10.368544715501347,0.0
2,-0.040000000000000036,0.9988171092568956,0.5159534368528308,10.328726010504695,0.0
2,-0.03500000000000003,0.998797321565408,0.5139601295627583,10.288899335095218,0.0
2,-0.030000000000000027,0.9987772313064077,0.5119664734141126,10.249065683440097,0.0
2,-0.025000000000000022,0.9987568343633567,0.509972518195238,10.209226050228121,0.0
2,-0.020000000000000018,0.9987361265723277,0.5079783137169019,10.169381430595148,0.0
2,-0.015000000000000013,0.9987151037215961,0.5059839098085622,10.129532820049505,0.0
2,-0.010000000000000009,0.9986937615512306,0.5039893563146316,10.089681214397363,0.0
2,-0.0050000000000000044,0.9986720957526816,0.5019947030907408,10.049827609668053,0.0
2,0.0,0.9986501019683699,0.5,10.009973002039366,0.0
2,0.0050000000000001155,0.9986277757912725,0.49800529690925915,9.970118387762824,0.0
2,0.010000000000000009,0.9986051127645078,0.4960106436853684,9.930264763088951,0.0
2,0.015000000000000124,0.9985821083809197,0.4940160901914377,9.890413124192545,0.0
2,0.020000000000000018,0.99855875808266,0.492021686283098,9.85056446709795,0.0
2,0.02499999999999991,0.9985350572607704,0.49002748180476197,9.81071978760436,0.0
2,0.030000000000000027,0.9985110012547626,0.48803352658588733,9.770880081211125,0.0
2,0.03499999999999992,0.9984865853521969,0.48603987043724173,9.731046343043134,0.0
2,0.040000000000000036,0.998461804788262,0.4840465631471692,9.691219567776205,0.0
2,0.04499999999999993,0.9984366547453501,0.48205365447786097,9.651400749562569,0.0
2,0.050000000000000044,0.9984111303526352,0.4800611941616275,9.61159088195637,0.0
2,0.05499999999999994,0.9983852266856462,0.47806923189717654,9.5717909578393,0.0
2,0.06000000000000005,0.998358938765843,0.4760778173458931,9.532001969346261,0.0
2,0.06499999999999995,0.9983322615601887,0.4740870001281262,9.492224907791165,0.0
2,0.07000000000000006,0.9983051899807227,0.47209682981947887,9.452460763592804,0.0
2,0.07499999999999996,0.9982777188841324,0.47010735594710523,9.412710526200845,0.0
2,0.08000000000000007,0.9982498430713239,0.4681186279860126,9.372975184021959,0.0
2,0.08499999999999996,0.9982215572869928,0.4661306953553708,9.33325572434605,0.0
2,0.09000000000000008,0.9981928562191936,0.46414360741482785,9.293553133272646,0.0
2,0.09499999999999997,0.9981637344989084,0.4621574134608337,9.253868395637436,0.0
2,0.10000000000000009,0.998134186699616,0.46017216272297096,9.214202494938952,0.0
2,0.10499999999999998,0.998104207336859,0.4581879043602954,9.174556413265439,0.0
2,0.1100000000000001,0.9980737908678121,0.45620468745768317,9.134931131221865,0.0
2,0.11499999999999999,0.9980429316908482,0.4542225610221897,9.095327627857168,0.0
2,0.1200000000000001,0.9980116241451057,0.4522415739794161,9.055746880591634,0.0
2,0.125,0.997979862510054,0.4502617751698871,9.016189865144545,0.0
2,0.13000000000000012,0.9979476410050603,0.4482832133454388,8.97665755546197,0.0
2,0.135,0.9979149537889545,0.4463059371656183,8.937150923644833,0.0
2,0.14000000000000012,0.9978817949595954,0.44432999519409355,8.89767093987718,0.0
2,0.14500000000000002,0.9978481585534356,0.4423554358950765,8.858218572354696,0.0
2,0.15000000000000013,0.9978140385450868,0.44038230762975744,8.818794787213456,0.0
2,0.15500000000000003,0.9977794288468854,0.43841065865275314,8.779400548458945,0.0
2,0.15999999999999992,0.9977443233084576,0.4364405371085672,8.74003681789534,0.0
2,0.16500000000000004,0.9977087157162847,0.4344719910280648,8.70070455505506,0.0
2,0.16999999999999993,0.9976725997932685,0.4325050683249616,8.661404717128597,0.0
2,0.17500000000000004,0.997635969198297,0.4305398167923263,8.622138258894644,0.0
2,0.17999999999999994,0.9975988175258107,0.4285762840990993,8.582906132650521,0.0
2,0.18500000000000005,0.9975611383053685,0.4266145177866256,8.543709288142887,0.0
2,0.18999999999999995,0.9975229250012141,0.42465456526520456,8.504548672498812,0.0
2,0.19500000000000006,0.9974841710118435,0.42269647381065484,8.465425230157122,0.0
2,0.19999999999999996,0.997444869669572,0.420740290560897,8.426339902800114,0.0
2,0.20500000000000007,0.9974050142401029,0.4187860625125518,8.387293629285587,0.0
2,0.20999999999999996,0.9973645979220951,0.41683383651755773,8.348287345579244,0.0
2,0.21500000000000008,0.9973236138467335,0.4148836592798042,8.309321984687422,0.0
2,0.21999999999999997,0.9972820550772987,0.41293557735178543,8.27039847659022,0.0
2,0.2250000000000001,0.9972399146087375,0.41098963713127035,8.231517748174957,0.0
2,0.22999999999999998,0.997197185367235,0.40904588485799415,8.192680723170067,0.0
2,0.2350000000000001,0.9971538602097869,0.407104366610367,8.153888322079329,0.0
2,0.24,0.9971099319237738,0.40516512830220414,8.115141462116513,0.0
2,0.2450000000000001,0.9970653932265352,0.40322821567947553,8.076441057140451,0.0
2,0.25,0.9970202367649454,0.4012936743170763,8.037788017590483,0.0
2,0.2550000000000001,0.9969744551149913,0.39936154961561743,7.999183250422336,0.0
2,0.26,0.9969280407813496,0.3974318867982395,7.960627659044452,0.0
2,0.2650000000000001,0.9968809861969672,0.395504730907446,7.922122143254711,0.0
2,0.27,0.9968332837226422,0.3935801268019605,7.883667599177623,0.0
2,0.27500000000000013,0.9967849256466063,0.39165811915360516,7.845264919201963,0.0
2,0.28,0.9967359041841087,0.3897387524442028,7.806914991918854,0.0
2,0.2849999999999999,0.9966862114770023,0.3878220709625014,7.768618702060318,0.0
2,0.29000000000000004,0.9966358395933308,0.38590811880112263,7.730376930438297,0.0
2,0.29499999999999993,0.9965847805269181,0.38399693985353456,7.69219055388416,0.0
2,0.30000000000000004,0.9965330261969594,0.3820885778110473,7.654060445188665,0.0
2,0.30499999999999994,0.9964805684476138,0.380183076159835,7.615987473042455,0.0
2,0.31000000000000005,0.9964273990476002,0.3782804781779807,7.577972501977007,0.0
2,0.31499999999999995,0.9963735096897938,0.37638082693254865,7.540016392306118,0.0
2,0.32000000000000006,0.996318891990825,0.37448416527667994,7.502120000067881,0.0
2,0.32499999999999996,0.9962635374906822,0.372590535846716,7.464284176967198,0.0
2,0.33000000000000007,0.9962074376523146,0.37069998105934643,7.426509770318789,0.0
2,0.33499999999999996,0.9961505838612386,0.3688125431087852,7.3887976229907535,0.0
2,0.3400000000000001,0.9960929674251472,0.36692826396397193,7.351148573348663,0.0
2,0.345,0.9960345795735209,0.3650471853658016,7.313563455200187,0.0
2,0.3500000000000001,0.9959754114572417,0.3631693488243809,7.276043097740276,0.0
2,0.355,0.9959154541482099,0.36129479561631284,7.238588325496895,0.0
2,0.3600000000000001,0.9958546986389639,0.3594235667820087,7.2011999582773125,0.0
2,0.365,0.9957931358423026,0.35755570312302926,7.163878811114971,0.0
2,0.3700000000000001,0.9957307565909107,0.3556912451994532,7.1266256942168935,0.0
2,0.375,0.9956675516369874,0.3538302333272762,7.089441412911718,0.0
2,0.3800000000000001,0.9956035116518787,0.3519727075758372,7.052326767598265,0.0
2,0.385,0.9955386272257115,0.3501187077652757,7.015282553694723,0.0
2,0.3900000000000001,0.9954728888670327,0.34826827346401756,6.978309561588412,0.0
2,0.395,0.9954062870024508,0.3464214439862917,6.9414085765861575,0.0
2,0.40000000000000013,0.9953388119762813,0.34457825838967576,6.904580378865247,0.0
2,0.405,0.9952704540501955,0.34273875547267374,6.8678257434250245,0.0
2,0.4099999999999999,0.9952012034028738,0.3409029737723226,6.831145440039062,0.0
2,0.41500000000000004,0.9951310501296614,0.3390709515618312,6.7945402332079805,0.0
2,0.41999999999999993,0.9950599842422293,0.3372427268482495,6.7580108821128695,0.0
2,0.42500000000000004,0.9949879956682387,0.33541833737016946,6.72155814056935,0.0
2,0.42999999999999994,0.994915074251009,0.33359782059545773,6.685182756982266,0.0
2,0.43500000000000005,0.9948412097491911,0.33178121371901903,6.648885474300984,0.0
2,0.43999999999999995,0.9947663918364442,0.32996855366059363,6.612667029975389,0.0
2,0.44500000000000006,0.9946906101011169,0.32815987706258476,6.576528155912466,0.0
2,0.44999999999999996,0.9946138540459333,0.32635522028792,6.5404695784335605,0.0
2,0.45500000000000007,0.9945361130876832,0.3245546194179446,6.504492018232288,0.0
2,0.45999999999999996,0.9944573765569173,0.32275811025034773,6.468596190333086,0.0
2,0.4650000000000001,0.9943776336976472,0.320965728297122,6.432782804050451,0.0
2,0.47,0.9942968736670493,0.3191775087825558,6.397052562948805,0.0
2,0.4750000000000001,0.9942150855351756,0.317393486641259,6.361406164803057,0.0
2,0.48,0.9941322582846674,0.31561369651622256,6.32584430155982,0.0
2,0.4850000000000001,0.9940483808104761,0.31383817275691117,6.290367659299294,0.0
2,0.49,0.9939634419195873,0.31206694941739055,6.254976918197856,0.0
2,0.4950000000000001,0.9938774303307525,0.31030006025448775,6.21967275249128,0.0
2,0.5,0.9937903346742238,0.3085375387259869,6.1844558304387025,0.0
2,0.5050000000000001,0.9937021434914969,0.30677941798885755,6.149326814287203,0.0
2,0.51,0.9936128452350568,0.3050257308975194,6.114286360237139,0.0
2,0.5150000000000001,0.9935224282681322,0.3032765100021395,6.07933511840811,0.0
2,0.52,0.9934308808644532,0.3015317875469662,6.044473732805673,0.0
2,0.5250000000000001,0.9933381912080173,0.2997915954686958,6.009702841288702,0.0
2,0.53,0.9932443473928594,0.29805596539487644,5.975023075537488,0.0
2,0.5350000000000001,0.9931493374228294,0.2963249286423444,5.940435061022498,0.0
2,0.54,0.9930531492113757,0.294598516215698,5.905939416973873,0.0
2,0.5449999999999999,0.992955770581335,0.2928767588058051,5.871536756351613,0.0
2,0.55,0.9928571892647285,0.29115968678834636,5.837227685816455,0.0
2,0.5549999999999999,0.9927573929025654,0.2894473302223943,5.8030128057014885,0.0
2,0.56,0.9926563690446517,0.28773971884902705,5.768892709984454,0.0
2,0.565,0.9925541051494076,0.2860368820899787,5.734867986260762,0.0
2,0.5700000000000001,0.9924505885836908,0.2843388490463241,5.70093921571723,0.0
2,0.575,0.9923458066226267,0.28264564849720064,5.66710697310652,0.0
2,0.5800000000000001,0.9922397464494463,0.2809573088985643,5.633371826722304,0.0
2,0.585,0.9921323951553314,0.27927385838198304,5.599734338375128,0.0
2,0.5900000000000001,0.9920237397392663,0.27759532475346493,5.566195063369015,0.0
2,0.595,0.991913767107898,0.27592173549232246,5.53275455047876,0.0
2,0.6000000000000001,0.9918024640754038,0.27425311775007355,5.499413341927978,0.0
2,0.605,0.9916898173633659,0.2725894983493771,5.466171973367823,0.0
2,0.6100000000000001,0.9915758136006543,0.27093090378300566,5.433030973856466,0.0
2,0.615,0.991460439323318,0.269277360212854,5.399990865839288,0.0
2,0.6200000000000001,0.9913436809744834,0.267628893468983,5.36705216512977,0.0
2,0.625,0.9912255249042616,0.26598552904870054,5.334215380891122,0.0
2,0.6300000000000001,0.9911059573696632,0.26434729211567753,5.301481015618631,0.0
2,0.635,0.9909849645345221,0.26271420749910085,5.268849565122725,0.0
2,0.6400000000000001,0.9908625324694273,0.26108629969286157,5.236321518512764,0.0
2,0.645,0.9907386471516638,0.2594635928547797,5.203897358181532,0.0
2,0.6500000000000001,0.9906132944651614,0.2578461108058647,5.17157755979048,0.0
2,0.655,0.9904864602004531,0.25623387702961214,5.13936259225566,0.0
2,0.6600000000000001,0.9903581300546417,0.2546269146713361,5.107252917734389,0.0
2,0.665,0.990228289631376,0.2530252465375379,5.075248991612634,0.0
2,0.6699999999999999,0.9900969244408357,0.2514288950953102,5.043351262493115,0.0
2,0.675,0.9899640198997259,0.24983788247177702,5.011560172184099,0.0
2,0.6799999999999999,0.9898295613312803,0.2482522304535706,4.979876155688966,0.0
2,0.685,0.9896935339652746,0.24667196048634193,4.948299641196417,0.0
2,0.69,0.989555922938049,0.24509709367430943,4.916831050071464,0.0
2,0.6950000000000001,0.9894167132925402,0.24352765077984095,4.8854707968470725,0.0
2,0.7,0.9892758899783242,0.24196365222307303,4.854219289216566,0.0
2,0.7050000000000001,0.9891334378516673,0.24040511808156456,4.823076928026693,0.0
2,0.71,0.9889893416755886,0.2388520680899867,4.792044107271447,0.0
2,0.7150000000000001,0.9888435861199317,0.23730452163984733,4.761121214086549,0.0
2,0.72,0.9886961557614472,0.23576249777925118,4.730308628744667,0.0
2,0.7250000000000001,0.9885470350838848,0.23422601521269487,4.699606724651321,0.0
2,0.73,0.9883962084780965,0.2326950923008974,4.669015868341492,0.0
2,0.7350000000000001,0.98824366024215,0.23116974706066484,4.638536419476926,0.0
2,0.74,0.988089374581453,0.22964999716479056,4.608168730844144,0.0
2,0.7450000000000001,0.9879333356088873,0.22813585994198965,4.577913148353131,0.0
2,0.75,0.9877755273449553,0.2266273523768682,4.547770011036726,0.0
2,0.7550000000000001,0.9876159337179362,0.22512449110992694,4.517739651050699,0.0
2,0.76,0.9874545385640534,0.22362729243759938,4.4878223936745165,0.0
2,0.7650000000000001,0.987291325627654,0.2221357723123238,4.458018557312783,0.0
2,0.77,0.987126278561398,0.22064994634264962,4.428328453497367,0.0
2,0.7750000000000001,0.9869593809264604,0.21916982979337735,4.398752386890209,0.0
2,0.78,0.9867906161927437,0.21769543758573312,4.369290655286803,0.0
2,0.7850000000000001,0.9866199677391027,0.21622678429757547,4.33994354962034,0.0
2,0.79,0.98644741885358,0.21476388416363712,4.310711353966542,0.0
2,0.7949999999999999,0.9862729527336547,0.21330675107579872,4.281594345549131,0.0
2,0.8,0.9860965524865014,0.2118553985833967,4.252592794745996,0.0
2,0.8049999999999999,0.9859182011292623,0.2104098398935637,4.223706965095988,0.0
2,0.81,0.9857378815893312,0.2089700878716016,4.194937113306387,0.0
2,0.815,0.9855555767046486,0.20753615504138778,4.166283489261021,0.0
2,0.8200000000000001,0.9853712692240107,0.20610805358581302,4.137746336029025,0.0
2,0.825,0.9851849418073901,0.20468579534725267,4.109325889874256,0.0
2,0.8300000000000001,0.9849965770262678,0.2032693918280684,4.081022380265332,0.0
2,0.835,0.9848061573639798,0.20185885419114374,4.052836029886332,0.0
2,0.8400000000000001,0.9846136652160745,0.2004541932604496,4.0247670546481045,0.0
2,0.845,0.9844190828906846,0.19905541952164235,3.996815663700228,0.0
2,0.8500000000000001,0.9842223926089095,0.19766254312269238,3.9689820594435714,0.0
2,0.855,0.9840235765052133,0.19627557387454442,3.9412664375435016,0.0
2,0.8600000000000001,0.9838226166278339,0.1948945212518084,3.913668986943688,0.0
2,0.865,0.9836194949392054,0.19351939439348065,3.886189889880527,0.0
2,0.8700000000000001,0.983414193316395,0.19215020210369615,3.8588293218981775,0.0
2,0.875,0.9832066935515512,0.19078695285251068,3.831587451864195,0.0
2,0.8800000000000001,0.9829969773523672,0.18942965477671214,3.804464441985756,0.0
2,0.885,0.9827850263425566,0.1880783156806633,3.777460447826504,0.0
2,0.8900000000000001,0.9825708220623429,0.18673294303717258,3.750575618323955,0.0
2,0.895,0.982354345968963,0.18539354398839447,3.723810095807501,0.0
2,0.9000000000000001,0.9821355794371834,0.18406012534675947,3.6971640160169983,0.0
2,0.905,0.9819145037598319,0.18273269359593192,3.6706375081219167,0.0
2,0.9100000000000001,0.981691100148341,0.1814112548917972,3.644230694741075,0.0
2,0.915,0.981465349733307,0.18009581506347694,3.6179436919629353,0.0
2,0.9199999999999999,0.9812372335650622,0.17878637961437172,3.591776609366448,0.0
2,0.925,0.9810067326142615,0.17748295372323225,3.565729550042465,0.0
2,0.9299999999999999,0.9807738277724828,0.17618554224525795,3.5398026106157032,0.0
2,0.935,0.9805384998528421,0.17489414971322204,3.513995881267233,0.0
2,0.94,0.9803007295906231,0.1736087803386246,3.488309445757532,0.0
2,0.9450000000000001,0.9800604976439199,0.17232943801287187,3.4627433814500588,0.0
2,0.95,0.9798177845942956,0.17105612630848183,3.437297759335353,0.0
2,0.9550000000000001,0.9795725709474546,0.16978884848031606,3.4119726440556644,0.0
2,0.96,0.9793248371339299,0.16852760746683781,3.3867680939300984,0.0
2,0.9650000000000001,0.9790745635097845,0.16727240589139503,3.3616841609802686,0.0
2,0.97,0.9788217303573278,0.16602324606352958,3.336720890956468,0.0
2,0.9750000000000001,0.978566317885847,0.16478012998031033,3.311878323364317,0.0
2,0.98,0.9783083062323532,0.16354305932769236,3.2871564914919404,0.0
2,0.9850000000000001,0.9780476754623418,0.16231203548189926,3.262555422437594,0.0
2,0.99,0.9777844055705686,0.1610870595108309,3.2380751371378125,0.0
2,0.9950000000000001,0.9775184764818403,0.15986813217549406,3.213715650396008,0.0
2,1.0,0.9772498680518208,0.15865525393145707,3.1894769709115485,0.0
2,1.005,0.9769785600678517,0.1574484249303279,3.1653591013093085,0.0
2,1.0100000000000002,0.9767045322497881,0.1562476450212545,3.1413620381696603,0.0
2,1.0150000000000001,0.9764277642508509,0.15505291375244956,3.1174857720589593,0.0
2,1.02,0.9761482356584915,0.15386423037273478,3.093730287560411,0.0
2,1.025,0.9758659259952752,0.15268159383311042,3.0700955633054514,0.0
2,1.0300000000000002,0.9755808147197774,0.15150500278834367,3.046581572005502,0.0
2,1.0350000000000001,0.9752928812274961,0.15033445559858144,3.0231882804842067,0.0
2,1.04,0.9750021048517795,0.1491699503309814,2.9999156497100437,0.0
2,1.045,0.9747084648647699,0.14801148476136605,2.976763634829389,0.0
2,1.0499999999999998,0.9744119404783614,0.14685905637589597,2.9537321851999687,0.0
2,1.0550000000000002,0.9741125108451748,0.1457126623727641,2.93082124442473,0.0
2,1.06,0.9738101550595473,0.1445722996639096,2.9080307503861045,0.0
2,1.065,0.9735048521585372,0.14343796487675103,2.885360635280656,0.0
2,1.0699999999999998,0.973196581122945,0.14230965435593929,2.8628108256541256,0.0
2,1.0750000000000002,0.9728853208783503,0.14118736416512895,2.8403812424368438,0.0
2,1.08,0.9725710502961632,0.140071090088769,2.818071800979528,0.0
2,1.085,0.9722537481946921,0.13896082763391104,2.7958824110894365,0.0
2,1.0899999999999999,0.9719333933402275,0.1378565720320355,2.773812977066874,0.0
2,1.0950000000000002,0.9716099644481406,0.13675831824089646,2.751863397742074,0.0
2,1.1,0.9712834401839981,0.13566606094638267,2.7300335665124056,0.0
2,1.105,0.9709537991646933,0.13457979456439612,2.708323371379928,0.0
2,1.1099999999999999,0.9706210199595906,0.13349951324274728,2.6867326949892827,0.0
2,1.1150000000000002,0.9702850810916893,0.13242521086306613,2.6652614146658946,0.0
2,1.12,0.9699459610388002,0.1313568810427307,2.6439094024545353,0.0
2,1.125,0.9696036382347386,0.13029451713680879,2.622676525158134,0.0
2,1.13,0.9692580910705341,0.12923811224001786,2.6015626443769673,0.0
2,1.1350000000000002,0.9689092978956545,0.12818765918869734,2.5805676165480858,0.0
2,1.1400000000000001,0.9685572370192472,0.12714315056279818,2.559691292985092,0.0
2,1.145,0.9682018867113947,0.1261045786878845,2.53893351991816,0.0
2,1.15,0.9678432252043863,0.12507193563715036,2.5182941385343516,0.0
2,1.1550000000000002,0.9674812306940062,0.1240452132334503,2.4977729850182175,0.0
2,1.1600000000000001,0.9671158813408361,0.12302440305134338,2.4773698905926573,0.0
2,1.165,0.9667471552715747,0.12200949641914921,2.457084681560033,0.0
2,1.17,0.9663750305803717,0.12100048442101824,2.4369171793435522,0.0
2,1.1750000000000003,0.9659994853301775,0.11999735789901245,2.416867200528872,0.0
2,1.1800000000000002,0.96562049755411,0.11900010745520073,2.3969345569059928,0.0
2,1.185,0.9652380452568344,0.11800872345376312,2.377119055511324,0.0
2,1.19,0.9648521064159612,0.11702319602310873,2.357420498670032,0.0
2,1.1949999999999998,0.9644626589834573,0.11604351505800337,2.337838684038576,0.0
2,1.2000000000000002,0.9640696808870742,0.11506967022170828,2.318373404647473,0.0
2,1.205,0.9636731500317913,0.11410165094812963,2.299024448944266,0.0
2,1.21,0.9632730443012737,0.11313944644397739,2.2797916008366936,0.0
2,1.2149999999999999,0.9628693415593464,0.11218304569093435,2.260674639736055,0.0
2,1.2200000000000002,0.9624620196514831,0.11123243744783462,2.2416733406007654,0.0
2,1.225,0.9620510564063108,0.11028761025285133,2.222787473980096,0.0
2,1.23,0.9616364296371288,0.10934855242569191,2.204016806058067,0.0
2,1.2349999999999999,0.9612181171434433,0.10841525206980401,2.185361098697553,0.0
2,1.2400000000000002,0.9607960967125173,0.10748769707458689,2.1668201094844965,0.0
2,1.245,0.9603703461209354,0.10656587511761301,2.1483935917723267,0.0
2,1.25,0.9599408431361829,0.10564977366685535,2.1300812947264935,0.0
2,1.255,0.9595075655182402,0.10473937998292232,2.111882963369153,0.0
2,1.2600000000000002,0.9590704910211927,0.1038346811213004,2.0937983386240058,0.0
2,1.2650000000000001,0.9586295973948539,0.1029356639346018,2.0758271573612412,0.0
2,1.27,0.9581848623864051,0.10204231507481915,2.0579691524426145,0.0
2,1.275,0.9577362637420476,0.10115462099558592,2.0402240527666478,0.0
2,1.2800000000000002,0.957283779208671,0.100272567954442,2.0225915833139245,0.0
2,1.2850000000000001,0.9568273865355357,0.09939614201510566,2.005071465192522,0.0
2,1.29,0.9563670634759681,0.09852532904974787,1.9876634156834818,0.04325117174075506
2,1.295,0.9559027877890729,0.09766011474127456,1.9703671482864473,0.10045128208195213
2,1.3000000000000003,0.955434537241457,0.09680048458561019,1.9531823727653206,0.15354344607864484
2,1.3050000000000002,0.9549622896089686,0.09594642389398761,1.9361087951940517,0.20284281223552678
2,1.31,0.9544860226784502,0.09509791779523902,1.9191461180024443,0.24863881274366348
2,1.315,0.9540057142495056,0.0942549512380928,1.9022940400220842,0.2911973711043454
2,1.3199999999999998,0.95352134213628,0.09341750899347184,1.8855522565322929,0.33076291173686395
2,1.3250000000000002,0.9530328841692541,0.09258557565679493,1.868920459306148,0.36756019003277046
2,1.33,0.9525403181970526,0.09175913565028077,1.8523983366565508,0.40179595953719804
2,1.335,0.9520436220882643,0.090938173225254,1.8359855734823403,0.4336604913331104
2,1.3399999999999999,0.9515427737332772,0.09012267246445249,1.8196818513144262,0.4633289592590653
2,1.3450000000000002,0.9510377510461258,0.08931261728433698,1.8034868483619753,0.4909627032886659
2,1.35,0.9505285319663519,0.08850799143740196,1.7874002395586182,0.5167103822261728
2,1.355,0.9500150944608786,0.08770877851448616,1.7714216966086513,0.5407090258143088
2,1.3599999999999999,0.9494974165258963,0.08691496194708509,1.755550888033278,0.563084995395499
2,1.3650000000000002,0.9489754761887619,0.08612652500966322,1.7397874792168464,0.5839548614065138
2,1.37,0.9484492515099107,0.08534345082196698,1.7241311324530986,0.6034262052088524
2,1.375,0.9479187205847804,0.08456572235133569,1.7085815069913826,0.6215983520551958
2,1.38,0.9473838615457479,0.08379332241501436,1.693138259082902,0.6385630413579478
2,1.3850000000000002,0.9468446525640772,0.08302623368246326,1.6778010420268974,0.6544050398530808
2,1.3900000000000001,0.9463010718518803,0.08226443867766897,1.662569506216864,0.6692027027342929
2,1.395,0.9457530976640897,0.08150791978145133,1.6474432991866794,0.6830284873644095
2,1.4,0.945200708300442,0.08075665923377107,1.6324220656567547,0.695949423747061
2,1.4050000000000002,0.9446438821074743,0.08001063913603362,1.6175054475801014,0.7080275455585773
2,1.4100000000000001,0.9440825974805306,0.07926984145339239,1.6026930841883908,0.7193202851928876
2,1.415,0.9435168328657798,0.07853424801704807,1.5879846120379362,0.7298808359581711
2,1.42,0.9429465667622459,0.07780384052654638,1.5733796650556413,0.7397584842793296
2,1.4250000000000003,0.9423717777238468,0.07707860055207184,1.5588778745848721,0.7489989145025592
2,1.4300000000000002,0.9417924443614469,0.07635850953673907,1.5444788694312757,0.7576444886645233
2,1.435,0.941208545344917,0.07564354879887994,1.5301822759085195,0.7657345033767263
2,1.44,0.940620059405207,0.07493369953432708,1.515987717883959,0.7733054257834395
2,1.4449999999999998,0.9400269653364272,0.07422894281869365,1.5018948168242277,0.7803911103771092
2,1.4500000000000002,0.939429241997941,0.0735292596096483,1.487903191840732,0.7870229982968667
2,1.455,0.9388268683164666,0.07283463074918609,1.4740124597350674,0.7932303005919862
2,1.46,0.9382198232881881,0.07214503696589378,1.4602222350443215,0.7990401668015953
2,1.4649999999999999,0.9376080859808769,0.071460458877211,1.4465321300862934,0.804477840083271
2,1.4700000000000002,0.9369916355360216,0.0707808769916855,1.432941755004597,0.8095668000153591
2,1.475,0.9363704511709674,0.07010627171122312,1.4194507178136573,0.8143288940997828
2,1.48,0.9357445121810641,0.06943662333333173,1.406058624443589,0.8187844589029547
2,1.4849999999999999,0.9351137979418235,0.0687719120533592,1.3927650787849533,0.822952431691257
2,1.4900000000000002,0.9344782879110834,0.06811211796672541,1.3795696827333952,0.8268504533437157
2,1.495,0.9338379616311828,0.06745722107114747,1.36647203623415,0.8304949632572686
2,1.5,0.9331927987311419,0.06680720126885807,1.353471737326407,0.8339012868987894
2,1.505,0.9325427789288525,0.06616203836881716,1.3405683821875438,0.8370837166022365
2,1.5100000000000002,0.9318878820332746,0.0655217120889165,1.327761565177217,0.8400555861584629
2,1.5150000000000001,0.9312280879466408,0.06488620205817655,1.3150508788813005,0.8428293396988675
2,1.52,0.9305633766666683,0.06425548781893581,1.3024359141556707,0.8454165953317906
2,1.525,0.9298937282887769,0.06362954882903263,1.2899162601698475,0.8478282039519917
2,1.5300000000000002,0.9292191230083144,0.06300836446397841,1.2774915044504551,0.8500743036083612
2,1.5350000000000001,0.928539541122789,0.062391914019123085,1.2651612329245348,0.8521643697828762
2,1.54,0.9278549630341062,0.061780176711811886,1.2529250299626837,0.8541072619044784
2,1.545,0.9271653692508139,0.061173131683533444,1.2407824784220143,0.8559112663947495
2,1.5500000000000003,0.9264707403903516,0.06057075800205899,1.2287331596889457,0.857584136517763
2,1.5550000000000002,0.9257710571813064,0.05997303466357283,1.2167766537218112,0.8591331292841079
2,1.56,0.925066300465673,0.05937994059479304,1.2049125390932784,0.8605650396386026
2,1.565,0.9243564512011201,0.05879145465508292,1.1931403930325792,0.8618862321425014
2,1.5699999999999998,0.9236414904632609,0.058207555638553045,1.181459791467555,0.8631026703438468
2,1.5750000000000002,0.9229213994479282,0.05762822227615312,1.169870309066498,0.8642199440139562
2,1.58,0.9221961594734536,0.057053433237754185,1.1583715192797976,0.8652432944136561
2,1.585,0.9214657519829519,0.05648316713422019,1.1469629943813784,0.8661776377397403
2,1.5899999999999999,0.9207301585466077,0.055917402519469465,1.1356443055099321,0.8670275868900671
2,1.5950000000000002,0.9199893608639663,0.05535611789252561,1.124415022709941,0.8677974716746771
2,1.6,0.9192433407662289,0.054799291699557974,1.1132747149724929,0.8684913575901843
2,1.605,0.9184920802185487,0.05424690233591037,1.10222295027586,0.8691130632654143
2,1.6099999999999999,0.917735561322331,0.053698928148119704,1.0912592956258784,0.8696661766777398
2,1.6150000000000002,0.9169737663175367,0.053155347435922776,1.080383317096088,0.870154070231756
2,1.62,0.9162066775849856,0.05261613845425206,1.0695945798676558,0.8705799147847549
2,1.625,0.9154342776486644,0.05208127941521953,1.0588926482690595,0.870946692696883
2,1.63,0.914656549178033,0.051550748490089365,1.0482770858155464,0.8712572099777998
2,1.6350000000000002,0.9138734749903367,0.051024523811238114,1.037747455248344,0.8715141075961144
2,1.6400000000000001,0.913085038052915,0.05050258347410371,1.0273033185736504,0.8717198720127428
2,1.645,0.9122912214855139,0.049984905539121376,1.0169442371013555,0.8718768449946604
2,1.65,0.911492008562598,0.0494714680336481,1.006669771483541,0.8719872327611747
2,1.6550000000000002,0.9106873827156629,0.04896224895387424,0.9964794817527207,0.8720531145108892
2,1.6600000000000001,0.9098773275355475,0.04845722626672279,0.9863729273598323,0.8720764503738611
2,1.665,0.909061826774746,0.04795637791173565,0.9763496672119731,0.8720590888300915
2,1.67,0.9082408643497193,0.04745968180294733,0.9664092597098821,0.8720027736323888
2,1.6750000000000003,0.907414424343205,0.04696711583074578,0.9565512627851648,0.8719091502687786
2,1.6800000000000002,0.9065824910065281,0.04647865786372002,0.9467752339372566,0.8717797719970238
2,1.685,0.9057450487619072,0.045994285750494385,0.9370807302701158,0.871616105481367
2,1.69,0.904902082204761,0.045513977321549805,0.9274673085286604,0.8714195360593924
2,1.6949999999999998,0.9040535761060124,0.04503771039103149,0.9179345251349293,0.8711913726648322
2,1.7000000000000002,0.9031995154143896,0.044565462758543006,0.9084819362239771,0.8709328524302403
2,1.705,0.9023398852587254,0.04409721221092707,0.8991090976794973,0.8706451449917056
2,1.71,0.9014746709502521,0.0436329365240319,0.8898155651691624,0.8703293565161508
2,1.7149999999999999,0.9006038579848943,0.043172613464464375,0.880600894179696,0.8699865334702708
2,1.7200000000000002,0.8997274320455579,0.04271622079132892,0.8714646400516629,0.8696176661487826
2,1.725,0.8988453790044141,0.04226373625795246,0.8624063580139785,0.8692236919783762
2,1.73,0.8979576849251809,0.04181513761359493,0.8534256032181303,0.8688054986125886
2,1.7349999999999999,0.8970643360653983,0.041370402605146094,0.8445219307721269,0.8683639268317123
2,1.7400000000000002,0.8961653188786995,0.040929508978807344,0.8356948957741448,0.8678997732608662
2,1.745,0.8952606200170776,0.040492434481759765,0.8269440533459016,0.8674137929183998
2,1.75,0.8943502263331446,0.040059156863817086,0.8182689586657282,0.8669067016059531
2,1.755,0.8934341248823869,0.039629653879064544,0.8096691670013574,0.8663791781506929
2,1.7600000000000002,0.8925123029254131,0.039203903287482626,0.8011442337424112,0.8658318665095021
2,1.7650000000000001,0.8915847479301959,0.03878188285655675,0.7926937144326079,0.8652653777442166
2,1.77,0.8906514475743081,0.03836357036287122,0.7843171648016531,0.8646802918763729
2,1.775,0.8897123897471486,0.037948943593689125,0.7760141407968515,0.8640771596293321
2,1.7800000000000002,0.8887675625521653,0.03753798034851676,0.7677841986144083,0.863456504065115
2,1.7850000000000001,0.8878169543090657,0.03713065844065356,0.7596268947304395,0.8628188221227615
2,1.79,0.8868605535560226,0.03672695569872628,0.7515417859316714,0.8621645860645724
2,1.795,0.8858983490518704,0.036326849968208716,0.7435284293458476,0.8614942448361512
2,1.8000000000000003,0.8849303297782918,0.03593031911292576,0.7355863824718225,0.860808225345757
2,1.8050000000000002,0.8839564849419966,0.03553734101654273,0.7277152032093637,0.8601069336681125
2,1.81,0.8829768039768913,0.03514789358403879,0.7199144498886328,0.8593907561774589
2,1.815,0.8819912765462369,0.03476195474316552,0.7121836812993718,0.8586600606143232
2,1.8199999999999998,0.8809998925447993,0.034379502445890005,0.7045224567197783,0.8579151970901737
2,1.8250000000000002,0.8800026421009874,0.03400051466982242,0.6969303359450718,0.8571564990338502
2,1.83,0.8789995155789818,0.0336249694196283,0.6894068793157531,0.8563842840834017
2,1.835,0.8779905035808508,0.03325284472842523,0.6819516477455532,0.8555988549267219
2,1.8399999999999999,0.8769755969486566,0.03288411865916389,0.6745642027490677,0.854800500094152
2,1.8450000000000002,0.8759547867665497,0.03251876930599386,0.6672441064690883,0.8539894947060052
2,1.85,0.8749280643628496,0.03215677479561371,0.6599909217036191,0.8531661011777791
2,1.855,0.8738954213121155,0.0317981132886053,0.6528042119325762,0.8523305698856418
2,1.8599999999999999,0.8728568494372018,0.031442762980752714,0.6456835413441832,0.8514831397946028
2,1.8650000000000002,0.8718123408113025,0.031090702104345436,0.638628474861048,0.8506240390516334
2,1.87,0.8707618877599821,0.030741908929465954,0.6316385781659294,0.8497534855458468
2,1.875,0.8697054828631912,0.03039636176526137,0.624713417727186,0.8488716874377149
2,1.88,0.8686431189572693,0.03005403896119979,0.6178525608239173,0.8479788436591748
2,1.8850000000000002,0.8675747891369336,0.0297149189083106,0.6110555755707845,0.8470751443863573
2,1.8900000000000001,0.8665004867572528,0.029378980040409418,0.6043220309425252,0.8461607714865608
2,1.895,0.8654202054356039,0.02904620083530679,0.5976514967981418,0.845235898940987
2,1.9,0.8643339390536173,0.028716559816001803,0.5910435439047884,0.8443006932446682
2,1.9050000000000002,0.8632416817591035,0.028390035551859375,0.5844977439613324,0.843355313784917
2,1.9100000000000001,0.8621434279679645,0.028066606659772484,0.5780136696216136,0.842399913199551
2,1.915,0.861039172366089,0.027746251805307872,0.571590894517373,0.8414346377160665
2,1.92,0.859928909911231,0.027428949703836802,0.5652289932808839,0.8404596274728598
2,1.9250000000000003,0.858812635834871,0.027114679121649627,0.558927541567257,0.8394750168235305
2,1.9300000000000002,0.8576903456440608,0.02680341887705495,0.5526861160764391,0.8384809346252359
2,1.935,0.856562035123249,0.026495147841462834,0.5465042945748924,0.8374775045120034
2,1.94,0.8554277003360904,0.026189844940452685,0.5403816559169664,0.8364648451538576
2,1.9449999999999998,0.854287337627236,0.025887489154825145,0.5343177800659511,0.8354430705025623
2,1.9500000000000002,0.853140943624104,0.02558805952163861,0.5283122481148216,0.8344122900247326
2,1.955,0.851988515238634,0.025291535135230112,0.5223646423066703,0.8333726089230227
2,1.96,0.8508300496690187,0.024997895148220435,0.5164745460548247,0.832324128346055
2,1.9649999999999999,0.8496655444014185,0.024707118772503898,0.5106415439626563,0.8312669455877183
2,1.9700000000000002,0.8484949972116562,0.024419185280222525,0.5048652218430791,0.8302011542764208
2,1.975,0.8473184061668896,0.02413407400472475,0.4991451667377383,0.8291268445548508
2,1.98,0.8461357696272652,0.023851764341508513,0.4934809669358854,0.8280441032507674
2,1.9849999999999999,0.8449470862475504,0.023572235749149177,0.48787221199295155,0.8269530140393095
2,1.9900000000000002,0.8437523549787453,0.023295467750211803,0.48231849274880667,0.8258536575972836
2,1.995,0.8425515750696722,0.023021439932148342,0.4768194013457173,0.8247461117498663
2,2.0,0.8413447460685429,0.022750131948179195,0.47137453124599116,0.8236304516101279
2,2.005,0.840131867824506,0.022481523518159723,0.46598347724932143,0.8225067497117623
2,2.0100000000000002,0.8389129404891691,0.022215594429431457,0.4606458355098239,0.8213750761353878
2,2.015,0.8376879645181008,0.021952324537658184,0.45536120355277254,0.8202354986287589
2,2.02,0.8364569406723077,0.02169169376764678,0.4501291802910288,0.8190880827212094
2,2.025,0.8352198700196897,0.021433682114152985,0.4449493660411704,0.817932891832636
2,2.0300000000000002,0.8339767539364703,0.02117826964267226,0.4398213625393211,0.8167699873773016
2,2.035,0.8327275941086049,0.02092543649021554,0.43474477295667857,0.8155994288627352
2,2.04,0.8314723925331622,0.020675162866070042,0.4297192019147427,0.8144212739839783
2,2.045,0.8302111515196839,0.020427429052545333,0.4247442555002494,0.8132355787134204
2,2.0500000000000003,0.8289438736915182,0.020182215405704383,0.4198195412798039,0.8120423973864515
2,2.055,0.8276705619871281,0.019939502356080104,0.41494466831422305,0.810841782783143
2,2.06,0.8263912196613754,0.019699270409376895,0.41011924717257786,0.8096337862061637
2,2.065,0.825105850286778,0.01946150014715788,0.40534288994594997,0.8084184575551171
2,2.0700000000000003,0.8238144577547419,0.01922617222751726,0.40061521026088975,0.8071958453974857
2,2.075,0.8225170462767677,0.018993267385738533,0.3959358232925913,0.8059659970363475
2,2.08,0.8212136203856283,0.01876276643493775,0.3913043457777688,0.8047289585750317
2,2.085,0.8199041849365231,0.01853465026669295,0.3867203960272556,0.8034847749788623
2,2.09,0.8185887451082028,0.01830889985165897,0.38218359393831025,0.8022334901341339
2,2.095,0.8172673064040681,0.01808549624016806,0.3776935610066392,0.8009751469044601
2,2.1,0.8159398746532405,0.017864420562816542,0.3732499203381393,0.7997097871846166
2,2.105,0.8146064560116055,0.01764565403103706,0.3688522966603525,0.7984374519520085
2,2.11,0.8132670569628274,0.017429177937657088,0.36450031633364516,0.7971581813158718
2,2.115,0.8119216843193366,0.0172149736574434,0.36019360736210587,0.7958720145643222
2,2.12,0.8105703452232879,0.017003022647632787,0.35593179940416886,0.7945789902093519
2,2.125,0.8092130471474893,0.016793306448448803,0.3517145237829569,0.7932791460298743
2,2.13,0.8078497978963038,0.01658580668360501,0.3475414134963542,0.7919725191129099
2,2.1350000000000002,0.8064806056065192,0.01638050506079452,0.3434121032268048,0.790659145892999
2,2.14,0.8051054787481916,0.01617738337216608,0.33932622935084206,0.7893390621899278
2,2.145,0.8037244261254556,0.01597642349478663,0.335283429948346,0.7880123032448433
2,2.15,0.8023374568773076,0.0157776073910905,0.3312833448115343,0.7866789037548371
2,2.1550000000000002,0.8009445804783576,0.015580917109315454,0.32732561545368993,0.7853388979060624
2,2.16,0.7995458067395502,0.015386334783925445,0.3234098851176214,0.783992319405459
2,2.165,0.7981411458088563,0.015193842636020248,0.3195357987838616,0.782639201511144
2,2.17,0.7967306081719316,0.015003422973732207,0.3157030031786081,0.7812795770615317
2,2.1750000000000003,0.7953142046527473,0.014815058192609911,0.31191114678140097,0.7799134785032419
2,2.18,0.7938919464141869,0.014628730775989246,0.3081598798325489,0.7785409379178473
2,2.185,0.7924638449586122,0.014444423295351491,0.30444885434029506,0.7771619870475148
2,2.19,0.7910299121283983,0.014262118410668878,0.3007777240877321,0.7757766573195889
2,2.1950000000000003,0.7895901601064362,0.01408179887073763,0.2971461446394666,0.7743849798701654
2,2.2,0.7881446014166033,0.013903447513498595,0.293553773348034,0.7729869855666973
2,2.205,0.7866932489242013,0.013727047266345301,0.2900002693600631,0.7715827050296764
2,2.21,0.7852361158363629,0.013552581146419983,0.28648529362219854,0.7701721686534317
2,2.215,0.7837732157024245,0.01338003226089734,0.28300850888677737,0.768755406626083
2,2.22,0.7823045624142668,0.01320938380725627,0.2795695797172656,0.7673324489486817
2,2.225,0.7808301702066226,0.013040619073539617,0.276168172493454,0.7659033254535801
2,2.23,0.7793500536573503,0.012873721438602014,0.2728039554164153,0.7644680658220556
2,2.235,0.7778642276876762,0.012708674372346022,0.26947659851322703,0.7630266996012258
2,2.24,0.7763727075624005,0.012545461435946563,0.26618577364146034,0.7615792562202801
2,2.245,0.774875508890073,0.012384066282063831,0.26293115449343685,0.7601257650060613
2,2.25,0.7733726476231317,0.012224472655044696,0.2597124166002556,0.7586662551980171
2,2.255,0.7718641400580104,0.012066664391112734,0.25652923733559263,0.7572007559625548
2,2.2600000000000002,0.7703500028352094,0.011910625418547052,0.2533812959192743,0.7557292964068155
2,2.265,0.768830252939335,0.011756339757849968,0.250268273420629,0.7542519055919006
2,2.27,0.7673049076991025,0.011603791521903535,0.24718985276161468,0.7527686125455619
2,2.275,0.7657739847873051,0.011452964916115225,0.24414571871972826,0.7512794462743854
2,2.2800000000000002,0.7642375022207488,0.01130384423855278,0.24113555793069952,0.7497844357754843
2,2.285,0.7626954783601526,0.011156413880068234,0.2381590588909664,0.7482836100477209
2,2.29,0.7611479319100133,0.011010658324411388,0.2352159119599398,0.7467769981024774
2,2.295,0.7595948819184355,0.010866562148332686,0.23230580936205575,0.7452646289739898
2,2.3000000000000003,0.758036347776927,0.010724110021675795,0.22942844518862093,0.7437465317292653
2,2.305,0.756472349220159,0.010583286707459784,0.22658351539944968,0.7422227354775964
2,2.31,0.7549029063256906,0.010444077061951083,0.22377071782429644,0.7406932693796867
2,2.315,0.7533280395136581,0.010306466034725407,0.22098975216408684,0.7391581626564055
2,2.3200000000000003,0.7517477695464294,0.010170438668719667,0.2182403199919475,0.7376174445971809
2,2.325,0.7501621175282229,0.010035980100274053,0.21552212475404006,0.7360711445680498
2,2.33,0.7485711049046898,0.009903075559164245,0.21283487177019542,0.7345192920193703
2,2.335,0.7469747534624621,0.009771710368624014,0.21017826823435704,0.7329619164932157
2,2.34,0.745373085328664,0.00964186994535833,0.2075520232148327,0.7313990476304574
2,2.345,0.7437661229703878,0.009513539799546914,0.2049558476543551,0.7298307151775476
2,2.35,0.7421538891941353,0.009386705534838566,0.20238945436995726,0.7282569489930153
2,2.355,0.7405364071452203,0.00926135284833618,0.19985255805266128,0.7266777790536804
2,2.36,0.7389137003071384,0.009137467530572669,0.1973448752669847,0.7250932354606018
2,2.365,0.7372857925008991,0.009015035465477907,0.19486612445026658,0.7235033484447628
2,2.37,0.7356527078843225,0.008894042630336772,0.19241602591181514,0.7219081483725072
2,2.375,0.7340144709512995,0.00877447509573836,0.18999430183187843,0.7203076657507304
2,2.38,0.732371106531017,0.008656319025516543,0.18760067626044086,0.7187019312318369
2,2.3850000000000002,0.7307226397871459,0.00853956067668199,0.18523487511584907,0.7170909756184698
2,2.39,0.7290690962169942,0.008424186399345685,0.1828966261832667,0.7154748298680207
2,2.395,0.7274105016506229,0.008310182636634095,0.1805856591129617,0.7138535250969259
2,2.4,0.7257468822499265,0.008197535924596131,0.17830170541842924,0.7122270925847565
2,2.4050000000000002,0.7240782645076774,0.008086232892101933,0.17604449847435016,0.7105955637781095
2,2.41,0.7224046752465351,0.007976260260733725,0.17381377351439053,0.7089589702943039
2,2.415,0.720726141618017,0.007867604844668596,0.17160926762883888,0.7073173439248902
2,2.42,0.7190426911014357,0.0077602535505536425,0.16943071976209048,0.7056707166389768
2,2.4250000000000003,0.7173543515027992,0.007654193377373303,0.16727787070997457,0.7040191205863807
2,2.43,0.7156611509536758,0.007549411416309199,0.16515046311693132,0.7023625881006067
2,2.435,0.7139631179100213,0.007445894850592388,0.16304824147303634,0.7007011517016589
2,2.44,0.712260281150973,0.007343630955348342,0.16097095211087933,0.6990348440986925
2,2.4450000000000003,0.7105526697776057,0.007242607097434624,0.1589183432022959,0.6973636981925077
2,2.45,0.7088403132116536,0.007142810735271415,0.15689016475495593,0.6956877470778905
2,2.455,0.7071232411941949,0.007044229418664997,0.15488616860881055,0.694007024045807
2,2.46,0.705401483784302,0.006946850788624312,0.1529061084323998,0.692321562585452
2,2.465,0.7036750713576556,0.006850662577170646,0.15094973971902262,0.6906313963861572
2,2.47,0.7019440346051236,0.006755652607140648,0.14901681978277262,0.6889365593391652
2,2.475,0.7002084045313041,0.006661808791982698,0.14710710775444039,0.687237085539268
2,2.48,0.6984682124530338,0.006569119135546763,0.14522036457728502,0.685533009286318
2,2.485,0.6967234899978605,0.006477571731867845,0.14335635300267674,0.6838243650866128
2,2.49,0.6949742691024805,0.006387154764943171,0.14151483758561417,0.6821111876541566
2,2.495,0.6932205820111423,0.006297856508503128,0.13969558468011534,0.6803935119118035
2,2.5,0.6914624612740131,0.006209665325776132,0.1378983624344874,0.6786713729922834
2,2.505,0.6896999397455122,0.0061225696692475485,0.13612294078647627,0.6769448062391142
2,2.5100000000000002,0.6879330505826093,0.006036558080412654,0.134369091458297,0.6752138472074037
2,2.515,0.6861618272430887,0.005951619189523932,0.13263658795154992,0.6734785316645443
2,2.52,0.6843863034837774,0.005867741715332562,0.13092520554202014,0.6717388955908001
2,2.525,0.682606513358741,0.0057849144648244415,0.12923472127436716,0.6699949751797938
2,2.5300000000000002,0.6808224912174441,0.005703126332950689,0.12756491395670366,0.6682468068388902
2,2.535,0.6790342717028779,0.0056223663023528235,0.125915564155067,0.6664944271894852
2,2.54,0.6772418897496523,0.005542623443082601,0.1242864541877834,0.6647378730671956
2,2.545,0.6754453805820554,0.005463886912316763,0.12267736811973004,0.6629771815219571
2,2.5500000000000003,0.6736447797120799,0.005386145954066684,0.12108809175649395,0.6612123898180311
2,2.555,0.6718401229374151,0.005309389898883071,0.11951841263843205,0.6594435354339208
2,2.56,0.6700314463394064,0.005233608163555782,0.11796812003463264,0.6576706560622012
2,2.565,0.668218786280981,0.005158790250808884,0.11643700493678112,0.6558937896092628
2,2.5700000000000003,0.6664021794045423,0.005084925748991031,0.11492486005293165,0.6541129741949717
2,2.575,0.6645816626298304,0.005012004331761333,0.11343147980118805,0.6523282481522495
2,2.58,0.6627572731517505,0.004940015757770645,0.11195666030329249,0.6505396500265708
2,2.585,0.6609290484381688,0.004868949870338576,0.11050019937812813,0.6487472185753838
2,2.59,0.6590970262276774,0.004798796597126178,0.10906189653513457,0.6469509927674548
2,2.595,0.6572612445273261,0.004729545949804448,0.10764155296763939,0.6451510117821366
2,2.6,0.6554217416103241,0.004661188023718747,0.10623897154610705,0.6433473150085639
2,2.605,0.6535785560137083,0.004593712997549223,0.10485395681130764,0.6415399420447774
2,2.61,0.6517317265359824,0.004527111132967324,0.10348631496740679,0.6397289326967761
2,2.615,0.6498812922347242,0.004461372774288519,0.10213585387497907,0.6379143269775022
2,2.62,0.6480272924241628,0.004396488348121309,0.10080238304394702,0.6360961651057585
2,2.625,0.6461697666727237,0.004332448363012557,0.09948571362644536,0.6342744875050572
2,2.63,0.6443087548005468,0.004269243409089351,0.09818565840961618,0.632449334802408
2,2.6350000000000002,0.6424442968769707,0.004206864157697388,0.09690203180833323,0.6306207478270374
2,2.64,0.6405764332179912,0.004145301361036037,0.09563464985785985,0.6287887676090526
2,2.645,0.6387052043836872,0.0040845458517900736,0.09438333020643941,0.6269534353780374
2,2.65,0.6368306511756191,0.004024588542758306,0.09314789210782334,0.6251147925615927
2,2.6550000000000002,0.6349528146341983,0.003965420426479076,0.09192815641373589,0.6232728807838177
2,2.66,0.6330717360360281,0.003907032574852774,0.090723945566279,0.6214277418637334
2,2.665,0.6311874568912148,0.003849416138761434,0.08953508359027776,0.6195794178136482
2,2.67,0.6293000189406536,0.0037925623476854887,0.08836139608556913,0.6177279508374719
2,2.6750000000000003,0.6274094641532839,0.003736462509317785,0.08720271021923504,0.6158733833289722
2,2.68,0.62551583472332,0.00368110800917498,0.08605885471778249,0.6140157578699814
2,2.685,0.6236191730674514,0.0036264903102062747,0.0849296598592704,0.6121551172285472
2,2.69,0.6217195218220193,0.0035726009523997368,0.08381495746538711,0.6102915043570365
2,2.6950000000000003,0.619816923840165,0.0035194315523861706,0.082714580893479,0.6084249623901872
2,2.7,0.6179114221889526,0.0034669738030406647,0.08162836502853153,0.6065555346431117
2,2.705,0.6160030601464654,0.003415219473081882,0.08055614627510532,0.6046832646092526
2,2.71,0.6140918811988774,0.0033641604066691933,0.07949776254922802,0.6028081959582904
2,2.715,0.6121779290374987,0.00331378852299771,0.07845305327024421,0.6009303725340069
2,2.72,0.6102612475557971,0.003264095815891309,0.07742185935262429,0.5990498383521023
2,2.725,0.6083418808463947,0.003215074353393732,0.07640402319773465,0.5971666375979685
2,2.73,0.6064198731980396,0.0031667162773577934,0.0753993886855695,0.5952808146244192
2,2.735,0.604495269092554,0.0031190138030328407,0.07440780116644724,0.5933924139493765
2,2.74,0.6025681132017604,0.003071959218650488,0.07342910745267195,0.5915014802535186
2,2.745,0.6006384503843825,0.0030255448850087514,0.07246315581016251,0.5896080583778842
2,2.75,0.5987063256829237,0.002979763235054555,0.07150979595004849,0.587712193321438
2,2.755,0.5967717843205245,0.0029346067734648293,0.07056887902023778,0.5858139302385976
2,2.7600000000000002,0.5948348716977958,0.0028900680762261443,0.06964025759695427,0.5839133144367219
2,2.765,0.5928956333896329,0.0028461397902130345,0.06872378567624908,0.5820103913735621
2,2.77,0.5909541151420059,0.002802814632765025,0.06781931866548532,0.5801052066546771
2,2.775,0.5890103628687297,0.0027600853912624697,0.06692671337479875,0.5781978060308102
2,2.7800000000000002,0.5870644226482145,0.002717944922701255,0.06604582800853537,0.5762882353952351
2,2.785,0.5851163407201957,0.002676386153266453,0.06517652215666764,0.5743765407810656
2,2.79,0.5831661634824423,0.0026354020779049527,0.06431865678618981,0.57246276835853
2,2.795,0.5812139374874482,0.002594985759897172,0.06347209423249445,0.5705469644322169
2,2.8000000000000003,0.579259709439103,0.002555130330427929,0.06263669819073209,0.568629175438285
2,2.805,0.5773035261893451,0.002515828988156486,0.061812333707153486,0.566709447941646
2,2.81,0.5753454347347954,0.002477074998785861,0.06099886717043741,0.5647878286331126
2,2.815,0.5733854822133744,0.002438861694631486,0.060196166303004575,0.5628643643265209
2,2.8200000000000003,0.5714237159009006,0.0024011824741892477,0.059404100152319186,0.5609391019558199
2,2.825,0.5694601832076737,0.002364030801703001,0.05862253908217943,0.5590120885721376
2,2.83,0.5674949316750384,0.0023274002067315515,0.057851354763997165,0.557083371340814
2,2.835,0.5655280089719352,0.002291284283715272,0.05709042016806984,0.5551529975384124
2,2.84,0.5635594628914329,0.0022556766915423202,0.05633960955484422,0.5532210145497007
2,2.845,0.5615893413472468,0.0022205711531145616,0.055598798466173875,0.5512874698646101
2,2.85,0.5596176923702425,0.0021859614549132405,0.054867863716571395,0.5493524110751672
2,2.855,0.5576445641049235,0.00215184144656448,0.05414668338445679,0.5474158858724031
2,2.86,0.5556700048059064,0.0021182050404046217,0.05343513680340247,0.5454779420432384
2,2.865,0.5536940628343816,0.002085046211045508,0.05273310455337688,0.5435386274673458
2,2.87,0.5517167866545611,0.0020523589949397536,0.052040468451987495,0.541597990113992
2,2.875,0.5497382248301129,0.0020201374899460017,0.05135711154572338,0.5396560780388553
2,2.88,0.5477584260205839,0.0019883758548943256,0.050682918101200305,0.5377129393808251
2,2.8850000000000002,0.5457774389778102,0.001957068309151727,0.05001777359640771,0.5357686223587808
2,2.89,0.5437953125423167,0.0019262091321878587,0.04936156471195975,0.5338231752683507
2,2.895,0.5418120956397047,0.0018957926631409455,0.048714179322350185,0.5318766464786522
2,2.9,0.539827837277029,0.0018658133003840375,0.04807550648721365,0.5299290844290145
2,2.9050000000000002,0.5378425865391663,0.0018362655010915867,0.047445436442593227,0.527980537625684
2,2.91,0.535856392585172,0.0018071437808064273,0.04682386059221586,0.5260310546385117
2,2.915,0.5338693046446292,0.0017784427130071682,0.04621067149877581,0.5240806840976261
2,2.92,0.5318813720139874,0.0017501569286760992,0.04560576287522822,0.522129474690088
2,2.9250000000000003,0.5298926440528946,0.0017222811158676223,0.045009029576092985,0.5201774751565343
2,2.93,0.527903170180521,0.0016948100192772598,0.04442036758877007,0.5182247342878041
2,2.935,0.5259129998718738,0.0016677384398112794,0.04383967402486684,0.5162713009215519
2,2.94,0.5239221826541068,0.0016410612341569964,0.04326684711153893,0.5143172239388486
2,2.9450000000000003,0.5219307681028234,0.0016147733143537888,0.04270178618284517,0.5123625522607698
2,2.95,0.5199388058383724,0.0015888696473648667,0.042144391671117484,0.5104073348449719
2,2.955,0.517946345522139,0.001563345254649826,0.04159456509834631,0.5084516206822572
2,2.96,0.5159534368528308,0.0015381952117380577,0.04105220906758301,0.5064954587931283
2,2.9650000000000003,0.5139601295627582,0.0015134146478030228,0.04051722725435956,0.504538898224332
2,2.97,0.5119664734141126,0.0014889987452374632,0.03998952439812676,0.5025819880453957
2,2.975,0.509972518195238,0.0014649427392295431,0.039469006293711036,0.500624777345152
2,2.98,0.5079783137169019,0.0014412419173400134,0.03895557978279151,0.4986673152282577
2,2.985,0.5059839098085622,0.0014178916190803975,0.03844915274539759,0.4967096508117038
2,2.99,0.5039893563146315,0.0013948872354922468,0.03794963409142772,0.49475183322131855
2,2.995,0.5019947030907408,0.0013722242087275249,0.037456933752190766,0.4927939115882649
2,3.0,0.5,0.0013498980316300933,0.03697096267196927,0.49083593504553064
2,3.005,0.4980052969092592,0.0013279042473184172,0.03649163279960716,0.48887795272441426
2,3.01,0.49601064368536846,0.0013062384487694675,0.036018857080121335,0.4869200137510062
2,3.0149999999999997,0.4940160901914379,0.0012848962784038618,0.03555254944633792,0.4849621672426649
2,3.0200000000000005,0.49202168628309784,0.0012638734276722973,0.03509262481055446,0.48300446230449
2,3.0250000000000004,0.4900274818047618,0.0012431656366432922,0.03463899905622822,0.48104694802579356
2,3.0300000000000002,0.4880335265858873,0.0012227686935922595,0.03419158902969109,0.4790896734765659
2,3.035,0.4860398704372416,0.0012026784345919692,0.033750312531892375,0.4771326877039419
2,3.04,0.4840465631471692,0.0011828907431044046,0.03331508831016939,0.47517603972866623
2,3.045,0.48205365447786097,0.0011634015495740624,0.03288583605004698,0.4732197785415555
2,3.05,0.4800611941616276,0.0011442068310226977,0.032462476367066055,0.47126395309996255
2,3.0549999999999997,0.47806923189717665,0.0011253026106455783,0.032044930798642186,0.4693086123242394
2,3.0600000000000005,0.47607781734589294,0.0011066849574092451,0.03163312179595457,0.4673538050942018
2,3.0650000000000004,0.47408700012812605,0.0010883499856508294,0.031226972715866087,0.46539958024559636
2,3.0700000000000003,0.47209682981947876,0.0010702938546789226,0.03082640781287445,0.4634459865665658
2,3.075,0.4701073559471052,0.0010525127683760653,0.030431352231095887,0.461493072794121
2,3.08,0.4681186279860126,0.0010350029748028417,0.03004173199628103,0.45954088761061346
2,3.085,0.4661306953553708,0.0010177607658036273,0.029657474007863886,0.4575894796402126
2,3.09,0.46414360741482796,0.0010007824766140115,0.02927850603104451,0.455638897445386
2,3.0949999999999998,0.4621574134608338,0.0009840644854699021,0.028904756688905325,0.453689189523385
2,3.0999999999999996,0.4601721627229712,0.0009676032132183563,0.028536155454562184,0.45174040430273504
2,3.1050000000000004,0.4581879043602952,0.0009513951229301497,0.028172632643350296,0.44979259013973155
2,3.1100000000000003,0.45620468745768306,0.0009354367195140976,0.027814119405045332,0.4478457953149433
2,3.115,0.45422256102218966,0.0009197245493331581,0.027460547716120293,0.44590006802971954
2,3.12,0.4522415739794161,0.0009042551998223395,0.027111850372038664,0.44395545640270684
2,3.125,0.4502617751698871,0.0008890252991084321,0.026767960979584216,0.44201200846637273
2,3.13,0.4482832133454389,0.0008740315156315678,0.026428813949227505,0.44006977216353743
2,3.135,0.4463059371656184,0.0008592705577686443,0.026094344487529883,0.43812879534391436
2,3.1399999999999997,0.4443299951940937,0.0008447391734586283,0.02576448858958527,0.43618912576065944
2,3.1450000000000005,0.4423554358950763,0.0008304341498297374,0.02543918303149968,0.43425081106693
2,3.1500000000000004,0.44038230762975733,0.0008163523128285604,0.025118365362909782,0.4323138988124559
2,3.1550000000000002,0.438410658652753,0.0008024905268510631,0.024801973899539302,0.430378436440117
2,3.16,0.4364405371085671,0.0007888456943755722,0.024489947715795272,0.4284444712825354
2,3.165,0.4344719910280648,0.0007754147555976985,0.024182226637403312,0.4265120505586779
2,3.17,0.4325050683249616,0.0007621946880672346,0.023878751234082576,0.42458122137047105
2,3.175,0.4305398167923264,0.000749182506327042,0.023579462812260824,0.4226520306994272
2,3.1799999999999997,0.4285762840990994,0.0007363752615539312,0.023284303407829533,0.4207245254032853
2,3.1850000000000005,0.4266145177866254,0.0007237700412015597,0.02299321577893967,0.4187987522126641
2,3.1900000000000004,0.4246545652652044,0.0007113639686453621,0.022706143398838422,0.4168747577277305
2,3.1950000000000003,0.4226964738106548,0.0006991542028294929,0.022423030448746363,0.41495258841487936
2,3.2,0.4207402905608969,0.0006871379379158471,0.022143821810776565,0.4130322906034314
2,3.205,0.4187860625125518,0.000675312402935124,0.021868463060894815,0.41111391048234436
2,3.21,0.41683383651755773,0.0006636748614399672,0.021596900461921698,0.40919749409694106
2,3.215,0.4148836592798043,0.0006522226111601838,0.02132908095657656,0.40728308734565183
2,3.2199999999999998,0.4129355773517855,0.0006409529836600559,0.02106495216056363,0.4053707359767757
2,3.2249999999999996,0.4109896371312705,0.0006298633439977498,0.02080446235570045,0.40346048558525655
2,3.2300000000000004,0.409045884857994,0.0006189510903868344,0.02054756048308883,0.4015523816094778
2,3.2350000000000003,0.40710436661036686,0.0006082136538599199,0.02029419613632854,0.39964646932807557
2,3.24,0.4051651283022041,0.0005976484979344157,0.020044319554773704,0.3977427938567674
2,3.245,0.40322821567947553,0.0005872531182804212,0.019797881616832325,0.39584140014520264
2,3.25,0.4012936743170763,0.0005770250423907659,0.019554833833309027,0.3939423329738305
2,3.255,0.39936154961561754,0.000566961829253179,0.019315128340790865,0.3920456369507875
2,3.26,0.3974318867982396,0.0005570610690246214,0.019078717895076727,0.39015135650880484
2,3.2649999999999997,0.39550473090744614,0.0005473203827077759,0.018845555864650285,0.3882595359021367
2,3.2700000000000005,0.3935801268019603,0.0005377374218296939,0.018615596224196493,0.38637021920350784
2,3.2750000000000004,0.39165811915360504,0.0005283098681226196,0.01838879354816204,0.38448345030108494
2,3.2800000000000002,0.3897387524442027,0.0005190354332069723,0.018165103004359362,0.38259927289546475
2,3.285,0.38782207096250126,0.0005099118582765196,0.017944480347614887,0.3807177304966888
2,3.29,0.38590811880112263,0.0005009369137857222,0.01772688191346118,0.3788388664212776
2,3.295,0.38399693985353456,0.0004921083991392656,0.01751226461187322,0.37696272378928797
2,3.3,0.38208857781104744,0.00048342414238377744,0.01730058592104882,0.3750893455213936
2,3.3049999999999997,0.38018307615983504,0.00047488199990173245,0.017091803881233315,0.37321877433598827
2,3.3100000000000005,0.3782804781779805,0.0004664798561075482,0.016885877088588422,0.37135105274631297
2,3.3150000000000004,0.3763808269325485,0.00045821562314588465,0.016682764689105747,0.36948622305760825
2,3.3200000000000003,0.3744841652766798,0.00045008724059211654,0.016482426372564085,0.36762432736428746
2,3.325,0.3725905358467159,0.00044209267515502113,0.016284822366531643,0.3657654075471386
2,3.33,0.37069998105934643,0.0004342299203816554,0.016089913430412404,0.3639095052705483
2,3.335,0.3688125431087852,0.00042649699636442706,0.01589766084953696,0.36205666197975317
2,3.34,0.366928263963972,0.0004188919494503698,0.015708026429297826,0.36020691889811485
2,3.3449999999999998,0.3650471853658017,0.0004114128519526078,0.015520972489329139,0.3583603170244227
2,3.3500000000000005,0.3631693488243807,0.00040405780186402,0.015336461857730733,0.3565168971302209
2,3.3550000000000004,0.3612947956163127,0.0003968249225731061,0.015154457865336915,0.3546766997571656
2,3.3600000000000003,0.3594235667820086,0.0003897123625820309,0.01497492434002915,0.3528397652144034
2,3.365,0.35755570312302914,0.00038271829522687695,0.014797825601093585,0.3510061335759827
2,3.37,0.3556912451994532,0.0003758409184000827,0.014623126453622718,0.34917584467828894
2,3.375,0.3538302333272762,0.0003690784542750669,0.014450792182961362,0.3473489381175087
2,3.38,0.35197270757583726,0.00036242914903304377,0.01428078854919696,0.34552545324712247
2,3.385,0.35011870776527576,0.00035589127259201927,0.01411308178169406,0.34370542917542424
2,3.3899999999999997,0.34826827346401773,0.0003494631183379716,0.013947638573673028,0.34188890476307154
2,3.3950000000000005,0.3464214439862915,0.00034314300285820317,0.01378442607683273,0.3400759186206621
2,3.4000000000000004,0.3445782583896757,0.0003369292656768799,0.013623411896017575,0.3382665091063431
2,3.4050000000000002,0.3427387554726737,0.0003308202689927216,0.013464564083928052,0.33646071432344493
2,3.41,0.34090297377232254,0.00032481439741887747,0.013307851135875622,0.3346585721181491
2,3.415,0.3390709515618312,0.0003189100577249528,0.01315324198458118,0.33286012007718374
2,3.42,0.3372427268482495,0.00031310567858119963,0.01300070599501736,0.3310653955255496
2,3.425,0.3354183373701696,0.0003073997103048562,0.012850212959294418,0.32927443552427693
2,3.4299999999999997,0.33359782059545773,0.00030179062460863724,0.012701733091589725,0.32748727686821205
2,3.4350000000000005,0.3317812137190189,0.00029627691435136523,0.012555237023120657,0.32570395608383546
2,3.4400000000000004,0.3299685536605935,0.0002908570932907428,0.012410695797160911,0.3239245094271115
2,3.4450000000000003,0.32815987706258465,0.0002855296958382507,0.012268080864099945,0.32214897288136707
2,3.45,0.32635522028791997,0.00028029327681617744,0.012127364076545626,0.3203773821552048
2,3.455,0.3245546194179446,0.0002751464112167654,0.011988517684469865,0.31860977268044516
2,3.46,0.32275811025034773,0.0002700876939634741,0.011851514330397167,0.3168461796101026
2,3.465,0.32096572829712205,0.00026511573967434425,0.011716327044635839,0.31508663781639235
2,3.4699999999999998,0.3191775087825559,0.0002602291824274667,0.011582929240551904,0.3133311818887703
2,3.4750000000000005,0.3173934866412589,0.00025542667552854364,0.011451294709885481,0.31157984613200385
2,3.4800000000000004,0.3156136965162224,0.0002507068912805372,0.011321397618109581,0.3098326645642787
2,3.4850000000000003,0.31383817275691106,0.00024606852075539226,0.011193212499830959,0.3080896709153337
2,3.49,0.31206694941739044,0.00024151027356783604,0.011066714254233173,0.3063508986246323
2,3.495,0.31030006025448775,0.00023703087765123746,0.01094187814056148,0.30461638083956577
2,3.5,0.3085375387259869,0.00023262907903552502,0.010818679773649528,0.3028861504136898
2,3.505,0.30677941798885766,0.0002283036416271504,0.010697095119487618,0.3011602399049945
2,3.51,0.3050257308975195,0.00022405334699109302,0.010577100490832428,0.29943868157420783
2,3.5149999999999997,0.3032765100021397,0.0002198769941348942,0.01045867254285798,0.2977215073831327
2,3.5200000000000005,0.301531787546966,0.00021577339929471692,0.010341788268847765,0.2960087489930179
2,3.5250000000000004,0.2997915954686958,0.00021174139572341754,0.0102264249959278,0.2943004377629643
2,3.5300000000000002,0.29805596539487633,0.000207779833480621,0.010112560380840335,0.29259660474836136
2,3.535,0.2963249286423444,0.0002038875792247969,0.010000172405758328,0.2908972806993628
2,3.54,0.294598516215698,0.0002000635160073201,0.009889239374140215,0.2892024960593921
2,3.545,0.2928767588058051,0.00019630654306850877,0.009779739906624906,0.2875122809636856
2,3.55,0.2911596867883464,0.00019261557563563333,0.009671652936966882,0.28582666523786815
2,3.5549999999999997,0.28944733022239433,0.00018898954472288193,0.009564957708011067,0.28414567839656385
2,3.5600000000000005,0.2877397188490268,0.00018542739693327737,0.009459633767707417,0.2824693496420416
2,3.5650000000000004,0.2860368820899786,0.00018192809426253534,0.009355660965165028,0.2807977078628966
2,3.5700000000000003,0.28433884904632406,0.0001784906139048469,0.009253019446745323,0.2791307816327625
2,3.575,0.28264564849720064,0.00017511394806058708,0.009151689652194542,0.2774685992090641
2,3.58,0.2809573088985643,0.0001717971037459305,0.009051652310814978,0.2758111885318004
2,3.585,0.27927385838198304,0.00016853910260436773,0.008952888437674928,0.27415857722236553
2,3.59,0.27759532475346493,0.00016533898072010951,0.008855379329857086,0.2725107925824029
2,3.5949999999999998,0.2759217354923226,0.00016219578843337326,0.008759106562745249,0.2708678615926952
2,3.6000000000000005,0.27425311775007344,0.0001591085901575332,0.008664051986348982,0.26922981091208975
2,3.6050000000000004,0.27258949834937696,0.0001560764641981361,0.008570197721666298,0.2675966668764589
2,3.6100000000000003,0.2709309037830056,0.0001530985025737548,0.008477526157083732,0.2659684554976951
2,3.615,0.2692773602128539,0.00015017381083868615,0.008386019944814027,0.26434520246274135
2,3.62,0.267628893468983,0.00014730150790747234,0.008295661997370956,0.26272693313265794
2,3.625,0.26598552904870054,0.00014448072588123552,0.008206435484081098,0.2611136725417228
2,3.63,0.2643472921156776,0.00014171060987581906,0.008118323827632416,0.25950544539656856
2,3.635,0.2627142074991009,0.00013899031785171952,0.008031310700659374,0.25790227607535376
2,3.6399999999999997,0.2610862996928617,0.000136319020445802,0.007945380022364357,0.2563041886269704
2,3.6450000000000005,0.2594635928547796,0.00013369590080478442,0.007860515955175186,0.2547112067702853
2,3.6500000000000004,0.2578461108058646,0.00013112015442048433,0.0077767029014385695,0.2531233538934189
2,3.6550000000000002,0.2562338770296121,0.00012859098896680915,0.007693925500149089,0.2515406530530566
2,3.66,0.2546269146713361,0.00012610762413848634,0.00761216862371368,0.24996312697379738
2,3.665,0.2530252465375379,0.00012366929149152026,0.007531417374751332,0.2483907980475368
2,3.67,0.2514288950953102,0.00012127523428535768,0.00745165708292765,0.24682368833288526
2,3.675,0.24983788247177707,0.00011892470732676075,0.00737287330182422,0.24526181955462092
2,3.6799999999999997,0.2482522304535706,0.00011661697681536813,0.007295051805842466,0.24370521310317875
2,3.6850000000000005,0.24667196048634182,0.00011435132019093589,0.007218178587141736,0.24215389003417317
2,3.6900000000000004,0.24509709367430932,0.0001121270259822469,0.007142239852611479,0.24060787106795747
2,3.6950000000000003,0.2435276507798409,0.00010994339365767365,0.007067222020877137,0.23906717658921553
2,3.7,0.24196365222307298,0.00010779973347738823,0.006993111719339677,0.23753182664659092
2,3.705,0.24040511808156456,0.00010569536634720265,0.006919895781248401,0.23600184095234936
2,3.71,0.2388520680899867,0.00010362962367403115,0.0068475612428068764,0.23447723888207606
2,3.715,0.2373045216398474,0.00010160184722296009,0.0067760953403116905,0.23295803947440824
2,3.7199999999999998,0.23576249777925123,9.961138897591671e-05,0.006705485507323841,0.2314442614308011
2,3.7250000000000005,0.2342260152126947,9.765761099192097e-05,0.0066357193718724755,0.2299359231153289
2,3.7300000000000004,0.2326950923008973,9.57398852689142e-05,0.006566784753690852,0.22843304255452135
2,3.7350000000000003,0.2311697470606648,9.385759360714439e-05,0.0064986696614840415,0.2269356374372312
2,3.74,0.22964999716479056,9.201012747410539e-05,0.006431362290228438,0.2254437251145394
2,3.745,0.22813585994198965,9.019688787101254e-05,0.006364851018502624,0.2239573225996921
2,3.75,0.2266273523768682,8.841728520080377e-05,0.006299124405849424,0.22247644656807256
2,3.755,0.22512449110992705,8.667073913765503e-05,0.006234171190168888,0.2210011133572062
2,3.76,0.2236272924375995,8.49566784979979e-05,0.006169980285141988,0.21953133896679963
2,3.7649999999999997,0.22213577231232395,8.3274541113027e-05,0.006106540777684759,0.21806713905881328
2,3.7700000000000005,0.2206499463426495,8.162377370268582e-05,0.006043841925432654,0.21660852895756688
2,3.7750000000000004,0.21916982979337735,8.000383175112072e-05,0.005981873154254939,0.21515552364987964
2,3.7800000000000002,0.217695437585733,7.841417938358485e-05,0.0059206240557986844,0.21370813778524084
2,3.785,0.21622678429757547,7.685428924478946e-05,0.005860084385062403,0.21226638567601658
2,3.79,0.21476388416363712,7.532364237868319e-05,0.005800244057998833,0.21083028129768674
2,3.795,0.21330675107579872,7.382172810965105e-05,0.005741093149146802,0.20939983828911626
2,3.8,0.21185539858339675,7.234804392511998e-05,0.005682621889291832,0.207975069952858
2,3.8049999999999997,0.21040983989356377,7.090209535955935e-05,0.005624820663155271,0.20655598925548832
2,3.8100000000000005,0.20897008787160143,6.948339587986486e-05,0.005567680007111729,0.20514260882797447
2,3.8150000000000004,0.20753615504138767,6.80914667721152e-05,0.005511190606934615,0.20373494096607536
2,3.8200000000000003,0.20610805358581297,6.67258370296845e-05,0.005455343295569355,0.20233299763077106
2,3.825,0.20468579534725256,6.538604324270685e-05,0.005400129050934335,0.20093679044872761
2,3.83,0.2032693918280684,6.407162948887441e-05,0.00534553899374908,0.19954633071279054
2,3.835,0.20185885419114374,6.278214722556049e-05,0.005291564385389573,0.19816162938251106
2,3.84,0.20045419326044972,6.151715518325519e-05,0.0052381966257704325,0.196782697084703
2,3.8449999999999998,0.1990554195216424,6.0276219260301806e-05,0.005185427251253679,0.19540954411403016
2,3.8500000000000005,0.19766254312269227,5.9058912418922374e-05,0.005133247932583915,0.19404218043362492
2,3.8550000000000004,0.1962755738745443,5.786481458252196e-05,0.005081650472849674,0.19268061567573744
2,3.8600000000000003,0.19489452125180823,5.669351253425653e-05,0.00503062680547061,0.1913248591424139
2,3.865,0.19351939439348054,5.554459981685771e-05,0.004980168992210428,0.1899749198062064
2,3.87,0.19215020210369615,5.4417676633699595e-05,0.00493026922121524,0.18863080631091153
2,3.875,0.19078695285251068,5.331234975109624e-05,0.004880919805077117,0.18729252697233914
2,3.88,0.18942965477671214,5.222823240182007e-05,0.004832113178922608,0.18596008977911
2,3.885,0.18807831568066335,5.1164944189828644e-05,0.004783841898526043,0.1846335023934836
2,3.8899999999999997,0.18673294303717275,5.012211099618835e-05,0.004736098638447299,0.18331277215221367
2,3.8950000000000005,0.18539354398839442,4.909936488618379e-05,0.0046888761901938405,0.18199790606743235
2,3.9000000000000004,0.18406012534675936,4.8096344017602614e-05,0.004642167460406887,0.18068891082756533
2,3.9050000000000002,0.18273269359593186,4.711269255018199e-05,0.004595965469071274,0.1793857927982712
2,3.91,0.1814112548917972,4.614806055620875e-05,0.004550263347748995,0.17808855802341172
2,3.915,0.18009581506347694,4.520210393225948e-05,0.0045050543378360825,0.17679721222604927
2,3.92,0.17878637961437172,4.4274484312070743e-05,0.004460331788842608,0.17551176080947103
2,3.925,0.1774829537232323,4.336486898052778e-05,0.00441608915669559,0.1742322088582411
2,3.9299999999999997,0.176185542245258,4.247293078876114e-05,0.004372320002064608,0.17295856113927927
2,3.9350000000000005,0.1748941497132218,4.1598348070339916e-05,0.004329017988709828,0.1716908221029662
2,3.9400000000000004,0.17360878033862448,4.0740804558550594e-05,0.00428617688185233,0.17042899588427696
2,3.9450000000000003,0.17232943801287182,3.989998930475083e-05,0.004243790546566358,0.16917308630393704
2,3.95,0.17105612630848183,3.9075596597787456e-05,0.00420185294619343,0.16792309686960813
2,3.955,0.16978884848031606,3.8267325884467786e-05,0.004160358140777988,0.1666790307770973
2,3.96,0.16852760746683781,3.747488169107342e-05,0.004119300285524403,0.16544089091159275
2,3.965,0.16727240589139514,3.6697973545905876e-05,0.004078673629275102,0.16420867984892357
2,3.9699999999999998,0.1660232460635297,3.593631590285382e-05,0.0040384725130096135,0.16298239985684518
2,3.9750000000000005,0.16478012998031027,3.518962806597056e-05,0.003998691368364298,0.161762052896349
2,3.9800000000000004,0.16354305932769225,3.4457634115052966e-05,0.003959324716172603,0.16054764062299723
2,3.9850000000000003,0.1623120354818992,3.374006283220831e-05,0.003920367165025506,0.15933916438827966
2,3.99,0.1610870595108309,3.3036647629402356e-05,0.0038818134098520776,0.1581366252409962
2,3.995,0.15986813217549406,3.234712647697588e-05,0.0038436582305198595,0.15694002392866188
2,4.0,0.15865525393145707,3.167124183311986e-05,0.003805896490454877,0.15574936089893535
2,4.005,0.1574484249303279,3.1008740574299834e-05,0.003768523135281069,0.1545646363010699
2,4.01,0.15624764502125466,3.0359373926618173e-05,0.003731533191478924,0.15338584998738716
2,4.015,0.15505291375244967,2.9722897398105788e-05,0.0036949217650631473,0.15221300151477332
2,4.0200000000000005,0.15386423037273478,2.9099070711930882e-05,0.003658684040279075,0.15104609014619663
2,4.025,0.15268159383311025,2.8487657740518047e-05,0.0036228152783177557,0.14988511485224787
2,4.03,0.15150500278834367,2.7888426440563852e-05,0.003587310816049339,0.1487300743127003
2,4.035,0.15033445559858144,2.730114878894288e-05,0.003552166064774708,0.14758096691809225
2,4.04,0.1491699503309814,2.6725600719492032e-05,0.0035173765089950787,0.14643779077132985
2,4.045,0.14801148476136605,2.6161562060664127e-05,0.0034829377051993904,0.1453005436893103
2,4.05,0.14685905637589597,2.560881647404149e-05,0.003448845280669268,0.1441692232045651
2,4.055,0.1457126623727642,2.50671513936993e-05,0.0034150949323013963,0.14304382656692347
2,4.0600000000000005,0.14457229966390944,2.4536357966409702e-05,0.0033816824254470548,0.14192435074519444
2,4.065,0.14343796487675092,2.401623099267722e-05,0.0033486035927687095,0.14081079242887026
2,4.07,0.14230965435593923,2.350656886859558e-05,0.0033158543331133243,0.1397031480298455
2,4.075,0.14118736416512895,2.300717352851698e-05,0.003283430610402349,0.13860141368415715
2,4.08,0.140071090088769,2.2517850388525404e-05,0.0032513284525381176,0.1375055852537428
2,4.085,0.13896082763391104,2.2038408290702654e-05,0.00321954395032646,0.13641565832821576
2,4.09,0.1378565720320355,2.1568659448180572e-05,0.003188073256415358,0.1353316282266581
2,4.095,0.13675831824089651,2.1108419390968224e-05,0.003156912584249475,0.13425348999943199
2,4.1000000000000005,0.1356660609463825,2.0657506912546683e-05,0.003126058207040333,0.13318123843000623
2,4.105,0.13457979456439606,2.021574401722146e-05,0.003095506456752006,0.13211486803680214
2,4.11,0.13349951324274717,1.9782955868224025e-05,0.003065253723102059,0.13105437307505208
2,4.115,0.13242521086306613,1.9358970736554057e-05,0.0030352964525776726,0.1299997475386777
2,4.12,0.1313568810427307,1.8943619950553226e-05,0.0030056311474666673,0.1289509851621818
2,4.125,0.13029451713680879,1.8536737846201994e-05,0.002976254364903292,0.1279080794225558
2,4.13,0.12923811224001786,1.813816171813092e-05,0.002947162715928613,0.12687102354120322
2,4.135,0.1281876591886975,1.774773177133809e-05,0.002918352864565285,0.12583981048587645
2,4.14,0.12714315056279835,1.7365291073604036e-05,0.0028898215269065755,0.12481443297262927
2,4.1450000000000005,0.12610457868788438,1.6990685508595833e-05,0.0028615654702194323,0.12379488346778278
2,4.15,0.1250719356371502,1.6623763729652213e-05,0.0028335815120614553,0.12278115418990578
2,4.155,0.1240452132334503,1.6264377114241112e-05,0.002805866519411544,0.12177323711180701
2,4.16,0.12302440305134338,1.5912379719082166e-05,0.0027784174078141297,0.12077112396254215
2,4.165,0.12200949641914921,1.5567628235925272e-05,0.0027512311405367713,0.11977480622943329
2,4.17,0.12100048442101824,1.5229981947977883e-05,0.002724304727740963,0.11878427516010054
2,4.175,0.11999735789901256,1.4899302686972503e-05,0.002697635225665962,0.11779952176450521
2,4.18,0.11900010745520079,1.4575454790867043e-05,0.0026712197358255392,0.11682053681700634
2,4.1850000000000005,0.11800872345376301,1.4258305062169654e-05,0.00264505540421741,0.11584731085842725
2,4.19,0.11702319602310868,1.3947722726881202e-05,0.0026191394205452596,0.11487983419813477
2,4.195,0.11604351505800325,1.3643579394046204e-05,0.0025934690174531086,0.11391809691612696
2,4.2,0.11506967022170828,1.334574901590631e-05,0.0025680414697719736,0.11296208886513423
2,4.205,0.11410165094812963,1.3054107848647624e-05,0.0025428540937785724,0.11201179967272827
2,4.21,0.11313944644397739,1.2768534413734933e-05,0.002517904246465972,0.1110672187434425
2,4.215,0.11218304569093435,1.248890945982519e-05,0.0024931893248259945,0.11012833526090092
2,4.22,0.11123243744783473,1.2215115925253025e-05,0.00246870676514325,0.10919513818995706
2,4.2250000000000005,0.11028761025285116,1.1947038901080935e-05,0.0024444540423006205,0.108267616278841
2,4.23,0.10934855242569186,1.1684565594707383e-05,0.0024204286690960907,0.10734575806131638
2,4.235,0.10841525206980396,1.1427585294024629e-05,0.0023966281955706916,0.1064295518588435
2,4.24,0.10748769707458689,1.1175989332120529e-05,0.002373050208347506,0.10551898578275216
2,4.245,0.10656587511761301,1.0929671052516423e-05,0.002349692329981538,0.10461404773642181
2,4.25,0.10564977366685535,1.0688525774934402e-05,0.0023265522183202967,0.10371472541746854
2,4.255,0.10473937998292232,1.0452450761587262e-05,0.00230362756587496,0.10282100631993887
2,4.26,0.10383468112130045,1.0221345183984062e-05,0.0022809160992020108,0.10193287773651162
2,4.265,0.1029356639346019,9.995110090244827e-06,0.00225841557829513,0.10105032676070422
2,4.2700000000000005,0.10204231507481903,9.77364837291755e-06,0.0022361237959872735,0.1001733402890861
2,4.275,0.10115462099558575,9.556864737290947e-06,0.0022140385773627884,0.09930190502349871
2,4.28,0.100272567954442,9.34466567019634e-06,0.002192157779179363,0.09843600747327859
2,4.285,0.09939614201510566,9.13695940929261e-06,0.0021704792892997793,0.0975756339574877
2,4.29,0.09852532904974787,8.93365591282699e-06,0.0021490010261332407,0.09672077060714715
2,4.295,0.09766011474127456,8.734666829866315e-06,0.0021277209380862203,0.09587140336747708
2,4.3,0.09680048458561041,8.539905470991794e-06,0.0021066370030226244,0.09502751800013869
2,4.305,0.09594642389398772,8.349286779451295e-06,0.0020857472277331915,0.0941891000854814
2,4.3100000000000005,0.09509791779523896,8.16272730276304e-06,0.002065049647413985,0.09335613502479341
2,4.315,0.09425495123809274,7.980145164764676e-06,0.002044542325153853,0.09252860804255567
2,4.32,0.09341750899347179,7.80146003810134e-06,0.002024223351430701,0.09170650418869782
2,4.325,0.09258557565679493,7.626593117147347e-06,0.0020040908436165026,0.09088980834085807
2,4.33,0.09175913565028077,7.455467091355119e-06,0.001984142945490891,0.09007850520664479
2,4.335,0.090938173225254,7.288006119025765e-06,0.001964377826763215,0.0892725793259005
2,4.34,0.09012267246445249,7.124135801495341e-06,0.0019447936826029269,0.08847201507296695
2,4.345,0.08931261728433715,6.963783157731437e-06,0.001925388733178217,0.08767679665895249
2,4.3500000000000005,0.08850799143740201,6.806876599334031e-06,0.001906161223202734,0.08688690813400006
2,4.355,0.08770877851448605,6.6533459059353195e-06,0.001887109421490309,0.08610233338955671
2,4.36,0.08691496194708503,6.503122200992781e-06,0.0018682316205175364,0.08532305616064301
2,4.365,0.08612652500966322,6.356137927970276e-06,0.0018495261359941105,0.08454906002812261
2,4.37,0.08534345082196698,6.212326826901502e-06,0.0018309913064408316,0.08378032842097344
2,4.375,0.08456572235133569,6.071623911330599e-06,0.0018126254927750992,0.08301684461855634
2,4.38,0.08379332241501436,5.933965445624664e-06,0.001794427077903868,0.08225859175288538
2,4.385,0.08302623368246331,5.799288922652822e-06,0.0017763944663238696,0.08150555281089528
2,4.39,0.08226443867766897,5.667533041826736e-06,0.0017585260837290778,0.08075771063670985
2,4.3950000000000005,0.08150791978145128,5.53863768749749e-06,0.0017408203766252255,0.08001504793390728
2,4.4,0.08075665923377101,5.412543907703841e-06,0.0017232758119513432,0.07927754726778516
2,4.405,0.08001063913603362,5.289193893266518e-06,0.0017058908767081373,0.0785451910676222
2,4.41,0.07926984145339239,5.168530957224129e-06,0.0016886640775931857,0.07781796162893918
2,4.415,0.07853424801704807,5.050499514605439e-06,0.0016715939406427782,0.07709584111575658
2,4.42,0.07780384052654638,4.935045062533269e-06,0.0016546790108803425,0.07637881156284998
2,4.425,0.07707860055207189,4.822114160655337e-06,0.0016379178519713314,0.07566685487800193
2,4.43,0.07635850953673913,4.711654411897232e-06,0.0016213090458844894,0.07495995284425123
2,4.4350000000000005,0.07564354879887983,4.603614443532851e-06,0.001604851192559383,0.07425808712213819
2,4.44,0.07493369953432696,4.4979438885679006e-06,0.0015885429095801261,0.07356123925194695
2,4.445,0.07422894281869356,4.394593367431495e-06,0.0015723828318551527,0.07286939065594253
2,4.45,0.0735292596096483,4.293514469971858e-06,0.0015563696113030038,0.07218252264060483
2,4.455,0.07283463074918609,4.194659737751314e-06,0.0015405019165439932,0.07150061639885757
2,4.46,0.07214503696589378,4.097982646636349e-06,0.0015247784325976698,0.07082365301229265
2,4.465,0.071460458877211,4.003437589678332e-06,0.0015091978605859932,0.07015161345338947
2,4.47,0.07078087699168559,3.910979860280697e-06,0.00149375891744212,0.06948447858772909
2,4.4750000000000005,0.07010627171122309,3.820565635648233e-06,0.0014784603356247136,0.06882222917620269
2,4.48,0.06943662333333167,3.7321519605144754e-06,0.0014633008628377126,0.06816484587721526
2,4.485,0.06877191205335917,3.6456967311428167e-06,0.0014482792617554168,0.06751230924888169
2,4.49,0.06811211796672541,3.5611586795975475e-06,0.0014333943097528672,0.06686459975121833
2,4.495,0.06745722107114747,3.4784973582806057e-06,0.0014186447986413958,0.06622169774832745
2,4.5,0.06680720126885807,3.3976731247300535e-06,0.001404029534409268,0.06558358351057494
2,4.505,0.06616203836881716,3.3186471266764875e-06,0.0013895473369673395,0.0649502372167616
2,4.51,0.06552171208891654,3.2413812873533843e-06,0.0013751970398996516,0.06432163895628726
2,4.515,0.06488620205817658,3.165838291057594e-06,0.0013609774902188622,0.06369776873130731
2,4.5200000000000005,0.06425548781893578,3.091981568956168e-06,0.00134688754812646,0.06307860645888219
2,4.525,0.0636295488290326,3.019775285135868e-06,0.001332926086777667,0.062464131973119265
2,4.53,0.06300836446397841,2.9491843228915112e-06,0.0013190919920509406,0.06185432502730603
2,4.535,0.062391914019123085,2.880174271249704e-06,0.001305384162322031,0.06124916529603602
2,4.54,0.061780176711811886,2.812711411724209e-06,0.0012918015082424873,0.06064863237732619
2,4.545,0.061173131683533444,2.7467627052994793e-06,0.0012783429525225524,0.060052705794725644
2,4.55,0.06057075800205901,2.6822957796388472e-06,0.0012650074297183645,0.05946136499941563
2,4.555,0.0599730346635729,2.6192789165138883e-06,0.0012517938860234054,0.058874589372301035
2,4.5600000000000005,0.05937994059479295,2.5576810394515143e-06,0.0012387012790641004,0.05829235822609202
2,4.565,0.05879145465508284,2.4974717015955797e-06,0.0012257285776995366,0.05771465080737764
2,4.57,0.05820755563855298,2.4386210737794185e-06,0.0012128747618251725,0.057141446298688295
2,4.575,0.05762822227615312,2.381099932806308e-06,0.0012001388221805325,0.056572723820549994
2,4.58,0.057053433237754185,2.324879649934408e-06,0.0011875197601607732,0.056008462433528104
2,4.585,0.05648316713422019,2.269932179563102e-06,0.0011750165876320746,0.05544864114026134
2,4.59,0.055917402519469465,2.21623004811754e-06,0.0011626283267507777,0.05489323888748517
2,4.595,0.05535611789252568,2.1637463431282584e-06,0.0011503540097862162,0.05434223456804542
2,4.6000000000000005,0.05479929169955793,2.112454702502842e-06,0.0011381926789471655,0.05379560702290087
2,4.605,0.054246902335910355,2.0623293039866314e-06,0.00112614338621186,0.05325333504311581
2,4.61,0.05369892814811966,2.0133448548093355e-06,0.0011142051931614836,0.05271539737184056
2,4.615,0.053155347435922776,1.9654765815147963e-06,0.0011023771708171212,0.05218177270628242
2,4.62,0.05261613845425206,1.918700219970894e-06,0.0010906583994800597,0.051652439699664286
2,4.625,0.05208127941521953,1.8729920055567059e-06,0.0010790479685754135,0.0511273769631726
2,4.63,0.051550748490089365,1.8283286635241601e-06,0.001067544976499,0.05060656306789372
2,4.635,0.05102452381123815,1.7846873995313278e-06,0.001056148530467399,0.05008997654673822
2,4.64,0.05050258347410374,1.742045890344657e-06,0.001044857746371161,0.04957759589635416
2,4.6450000000000005,0.0499849055391213,1.700382274707371e-06,0.0010336717486310793,0.0490693995790276
2,4.65,0.049471468033648054,1.6596751443714555e-06,0.0010225896700575027,0.04856536602457217
2,4.655,0.04896224895387424,1.6199035352904353e-06,0.0010116106517125878,0.04806547363220497
2,4.66,0.04845722626672279,1.5810469189705068e-06,0.0010007338427754865,0.0475697007724115
2,4.665,0.04795637791173565,1.5430851939773533e-06,0.0009899584004103806,0.04707802578879745
2,4.67,0.04745968180294733,1.5059986775961516e-06,0.0009792834896373177,0.0465904269999279
2,4.675,0.04696711583074583,1.469768097642261e-06,0.000968708283205809,0.04610688270115424
2,4.68,0.04647865786372007,1.434374584420133e-06,0.0009582319614711155,0.045627371166427684
2,4.6850000000000005,0.04599428575049435,1.3997996628280215e-06,0.0009478537122731909,0.04515187065010022
2,4.69,0.04551397732154977,1.366025244606135e-06,0.0009375727308182259,0.04468035938871263
2,4.695,0.04503771039103143,1.3330336207257776e-06,0.0009273882195627297,0.044212815602768595
2,4.7,0.044565462758543006,1.3008074539172771e-06,0.0009172993881001273,0.04374921749849645
2,4.705,0.04409721221092707,1.2693297713343186e-06,0.0009073054530498012,0.043289543269596865
2,4.71,0.0436329365240319,1.2385839573524676e-06,0.0008974056379485403,0.04283377109897731
2,4.715,0.043172613464464375,1.2085537464996517e-06,0.0008875991731443504,0.042381879160472875
2,4.72,0.042716220791328946,1.1792232165163951e-06,0.0008778852956925765,0.041933845620553356
2,4.7250000000000005,0.042263736257952406,1.1505767815436605e-06,0.0008682632492542904,0.04148964864001647
2,4.73,0.041815137613594906,1.1225991854361705e-06,0.0008587322839969129,0.04104926637566754
2,4.735,0.04137040260514606,1.0952754951990702e-06,0.0008492916564969986,0.04061267698198453
2,4.74,0.040929508978807344,1.0685910945459321e-06,0.0008399406296451747,0.04017985861276965
2,4.745,0.040492434481759765,1.0425316775760006e-06,0.0008306784725531639,0.03975078942278646
2,4.75,0.040059156863817086,1.0170832425687032e-06,0.0008215044604628645,0.03932544756938284
2,4.755,0.039629653879064544,9.922320858934455e-07,0.0008124178746574419,0.03890381121409971
2,4.76,0.03920390328748265,9.679647960327303e-07,0.000803418002374387,0.03848585852426505
2,4.765,0.038781882856556774,9.442682477166919e-07,0.0007945041367205149,0.038071567674574106
2,4.7700000000000005,0.038363570362871184,9.211295961671379e-07,0.0007856755765888431,0.0376609168486541
2,4.775,0.037948943593689076,8.985362714492716e-07,0.0007769316265773379,0.03725388424061543
2,4.78,0.03753798034851676,8.764759729292019e-07,0.0007682715969094608,0.036850448056587194
2,4.785,0.03713065844065356,8.549366638354879e-07,0.0007596948033565043,0.036450586516238684
2,4.79,0.03672695569872628,8.339065659229096e-07,0.0007512005671616653,0.03605427785428575
2,4.795,0.036326849968208716,8.1337415423671e-07,0.0007427882149658237,0.03566150032198252
2,4.8,0.03593031911292581,7.93328151975595e-07,0.0007344570787349886,0.03527223218859797
2,4.805,0.03553734101654279,7.737575254517716e-07,0.0007262064956893821,0.03488645174287783
2,4.8100000000000005,0.03514789358403877,7.546514791463666e-07,0.0007180358082341198,0.03450413729449116
2,4.815,0.034761954743165485,7.359994508585794e-07,0.0007099443638914642,0.0341252671754624
2,4.82,0.03437950244588998,7.177911069468982e-07,0.0007019315152345986,0.03374981974158763
2,4.825,0.03400051466982242,7.0001633766085e-07,0.0006939966198229123,0.033377773373836246
2,4.83,0.0336249694196283,6.82665252561662e-07,0.000686139040138748,0.033009106479737274
2,4.835,0.03325284472842523,6.657281760302981e-07,0.00067835814352559,0.0326437974947506
2,4.84,0.03288411865916389,6.491956428613339e-07,0.0006706533021276472,0.03228182488362265
2,4.845,0.03251876930599387,6.330583939411857e-07,0.0006630238928308223,0.03192316714172719
2,4.8500000000000005,0.032156774795613664,6.173073720091925e-07,0.0006554692972050169,0.031567802796390605
2,4.855,0.03179811328860525,6.019337175001268e-07,0.0006479889014477574,0.03121571040820204
2,4.86,0.03144276298075267,5.869287644666361e-07,0.0006405820963290969,0.030866868572307853
2,4.865,0.031090702104345436,5.722840365802917e-07,0.0006332482771377829,0.0305212559196911
2,4.87,0.030741908929465954,5.579912432097807e-07,0.0006259868436286506,0.030178851118435455
2,4.875,0.03039636176526137,5.440422755749154e-07,0.0006187971999712142,0.02983963287497368
2,4.88,0.03005403896119979,5.30429202975093e-07,0.0006116787546994382,0.02950357993532093
2,4.885,0.029714918908310645,5.171442690909003e-07,0.0006046309206626491,0.029170671086292312
2,4.89,0.02937898004040945,5.041798883575354e-07,0.0005976531149775726,0.028840885156705284
2,4.8950000000000005,0.029046200835306773,4.915286424087901e-07,0.0005907447589814631,0.028514201018566478
2,4.9,0.028716559816001783,4.791832765903185e-07,0.0005839052781863102,0.02819059758824332
2,4.905,0.028390035551859375,4.671366965409295e-07,0.0005771341022340754,0.027870053827619694
2,4.91,0.028066606659772484,4.5538196484073046e-07,0.0005704306648529675,0.027552548745236903
2,4.915,0.027746251805307872,4.4391229772486425e-07,0.0005637944038147003,0.02723806139741851
2,4.92,0.027428949703836802,4.327210618617004e-07,0.0005572247608927329,0.026926570889380268
2,4.925,0.02711467912164966,4.218017711942861e-07,0.0005507211818214549,0.02661805637632437
2,4.93,0.026803418877054976,4.111480838439295e-07,0.0005442831162563013,0.026312497064518325
2,4.9350000000000005,0.02649514784146282,4.0075379907478443e-07,0.0005379100177347705,0.0260098722123585
2,4.94,0.02618984494045265,3.906128543183254e-07,0.0005316013436383331,0.02571016113141843
2,4.945,0.02588748915482512,3.8071932225661844e-07,0.0005253565551551898,0.025413343187481365
2,4.95,0.02558805952163861,3.710674079633327e-07,0.0005191751172438796,0.025119397801557808
2,4.955,0.025291535135230112,3.61651446101418e-07,0.0005130564985977086,0.024828304450887694
2,4.96,0.024997895148220435,3.5246589817642376e-07,0.0005070001716099737,0.02454004266992722
2,4.965,0.024707118772503898,3.435053498444341e-07,0.0005010056123399698,0.024254592051320377
2,4.97,0.024419185280222543,3.3476450827361606e-07,0.0004950723004797577,0.023971932246855347
2,4.9750000000000005,0.024134074004724716,3.262381995583931e-07,0.000489199719321671,0.023692042968405515
2,4.98,0.023851764341508486,3.1792136618528084e-07,0.0004833873557265517,0.02341490398885562
2,4.985,0.023572235749149146,3.0980906454941414e-07,0.0004776347000926802,0.02314049514301224
2,4.99,0.023295467750211803,3.01896462520848e-07,0.0004719412463254026,0.022868796328499738
2,4.995,0.023021439932148342,2.941788370596946e-07,0.0004663064918074196,0.022599787506640715
2,5.0,0.022750131948179195,2.866515718791933e-07,0.0004607299373697301,0.02233344870332168
2,5.005,0.022481523518159723,2.793101551558238e-07,0.00045521108726320785,0.022069760009843575
2,5.01,0.022215594429431475,2.7215017728558194e-07,0.00044974944913079543,0.02180870158375739
2,5.015000000000001,0.02195232453765817,2.651673286855565e-07,0.0004443445339803008,0.021550253649684905
2,5.0200000000000005,0.02169169376764676,2.5835739763997143e-07,0.0004389958561577819,0.021294396500124654
2,5.025,0.02143368211415297,2.5171626818982844e-07,0.0004337029333214922,0.021041110496242754
2,5.03,0.02117826964267226,2.452399180653697e-07,0.00042846528641639125,0.020790376068649356
2,5.035,0.02092543649021554,2.389244166605307e-07,0.00042328243964918823,0.02054217371816018
2,5.04,0.020675162866070042,2.3276592304859951e-07,0.0004181539204639119,0.020296484016543413
2,5.045,0.020427429052545333,2.2676068403829973e-07,0.00041307925951799185,0.020053287607252102
2,5.05,0.020182215405704394,2.2090503226954316e-07,0.0004080579906588333,0.01981256520614182
2,5.055,0.019939502356080108,2.1519538434808764e-07,0.00040308965090087696,0.019574297602174034
2,5.0600000000000005,0.019699270409376867,2.0962823901836867e-07,0.0003981737804031243,0.019338465658104872
2,5.065,0.019461500147157848,2.04200175373787e-07,0.00039330992244712525,0.019105050311159798
2,5.07,0.01922617222751726,1.989078511037121e-07,0.00038849762341539745,0.018874032573693567
2,5.075,0.018993267385738533,1.9374800077653556e-07,0.00038373643277028583,0.018645393533836336
2,5.08,0.01876276643493775,1.8871743415805952e-07,0.000379025903033233,0.018419114356125338
2,5.085,0.01853465026669295,1.838130345645579e-07,0.0003743655897644588,0.018195176282122635
2,5.09,0.01830889985165897,1.7903175724983385e-07,0.0003697550515430311,0.017973560631018716
2,5.095,0.018085496240168083,1.7437062782563291e-07,0.0003651938499473178,0.01775424880022214
2,5.1000000000000005,0.01786442056281653,1.6982674071475937e-07,0.0003606815495358115,0.0175372222659353
2,5.105,0.017645654031037048,1.6539725763627282e-07,0.00035621771782831375,0.017322462583716496
2,5.11,0.01742917793765706,1.610794061221369e-07,0.00035180192528746145,0.01710995138902788
2,5.115,0.0172149736574434,1.5687047806472442e-07,0.0003474337453006012,0.01689967039777022
2,5.12,0.017003022647632787,1.527678282945655e-07,0.0003431127541619812,0.016691601406803654
2,5.125,0.016793306448448803,1.4876887318776573e-07,0.0003388385310552677,0.016485726294455185
2,5.13,0.01658580668360501,1.4487108930250803e-07,0.0003346106580363644,0.016282027021012613
2,5.135,0.016380505060794533,1.4107201204407605e-07,0.0003304287200165313,0.016080485629205128
2,5.140000000000001,0.016177383372166065,1.3736923435784092e-07,0.000326292304745791,0.01588108424467061
2,5.1450000000000005,0.015976423494786614,1.3376040544966847e-07,0.0003222010027966166,0.015683805076409894
2,5.15,0.015777607391090485,1.3024322953320117e-07,0.00031815440754788305,0.015488630417227532
2,5.155,0.015580917109315454,1.2681546460349944e-07,0.000314152115169087,0.015295542644159981
2,5.16,0.015386334783925445,1.2347492123651642e-07,0.0003101937246048145,0.015104524218890535
2,5.165,0.015193842636020248,1.2021946141390162e-07,0.00030627883755945473,0.014915557688151542
2,5.17,0.015003422973732207,1.1704699737263157e-07,0.00030240705848214933,0.014728625684113832
2,5.175,0.014815058192609913,1.1395549047897993e-07,0.0002985779945519683,0.014543710924763364
2,5.18,0.014628730775989262,1.109429501263461e-07,0.00029479125566330967,0.014360796214265519
2,5.1850000000000005,0.01444442329535147,1.0800743265646448e-07,0.0002910464544115056,0.014179864443316528
2,5.19,0.014262118410668849,1.0514704030354033e-07,0.0002873432060786417,0.014000898589482938
2,5.195,0.01408179887073763,1.0235992016084506e-07,0.0002836811286195663,0.013823881717528325
2,5.2,0.013903447513498595,9.96442631693347e-08,0.0002800598426480952,0.01364879697972806
2,5.205,0.013727047266345301,9.699830312784344e-08,0.0002764789714234003,0.013475627616171888
2,5.21,0.013552581146419983,9.442031572442957e-08,0.00027293814083657376,0.013304356955054416
2,5.215,0.01338003226089734,9.190861758844346e-08,0.0002694369793973639,0.013134968412953692
2,5.22,0.013209383807256284,8.946156536290737e-08,0.0002659751182210766,0.012967445495097981
2,5.2250000000000005,0.013040619073539605,8.707755479679702e-08,0.00026255219101563207,0.012801771795620682
2,5.23,0.012873721438602007,8.475501985682819e-08,0.00025916783406877957,0.012637930997803814
2,5.235,0.012708674372346011,8.249243185834836e-08,0.00025582168623545,0.012475906874309599
2,5.24,0.012545461435946563,8.028829861495867e-08,0.00025251338892525816,0.012315683287400953
2,5.245,0.012384066282063831,7.814116360647827e-08,0.0002492425860901341,0.012157244189150401
2,5.25,0.012224472655044696,7.6049605164887e-08,0.00024600892421208835,0.012000573621637858
2,5.255,0.012066664391112734,7.401223567787687e-08,0.00024281205229109866,0.011845655717137152
2,5.26,0.011910625418547066,7.202770080965955e-08,0.00023965162183311832,0.011692474698291577
2,5.265000000000001,0.011756339757849949,7.009467873867473e-08,0.0002365272868381977,0.011541014878278431
2,5.2700000000000005,0.011603791521903512,6.82118794118619e-08,0.00023343870378871923,0.01139126066096288
2,5.275,0.011452964916115213,6.637804381514687e-08,0.0002303855316377309,0.011243196541040742
2,5.28,0.01130384423855278,6.459194325982485e-08,0.00022736743179738693,0.011096807104170965
2,5.285,0.011156413880068234,6.285237868450556e-08,0.0002243840681274811,0.01095207702709738
2,5.29,0.011010658324411388,6.115817997230578e-08,0.00022143510692407444,0.010808991077760108
2,5.295,0.010866562148332686,5.9508205282974506e-08,0.00021852021690820758,0.010667534115396535
2,5.3,0.010724110021675809,5.790134039964578e-08,0.00021563906921470108,0.01052769109063221
2,5.305,0.0105832867074598,5.6336498089916904e-08,0.0002127913373810325,0.010389447045561469
2,5.3100000000000005,0.01044407706195107,5.481261748095628e-08,0.00020997669733629094,0.010252787113818123
2,5.315,0.010306466034725393,5.332866344835348e-08,0.00020719482739020597,0.01011769652063631
2,5.32,0.010170438668719667,5.1883626018423995e-08,0.00020444540822224145,0.00998416058290133
2,5.325,0.010035980100274053,5.047651978369344e-08,0.00020172812287075925,0.009852164709190984
2,5.33,0.009903075559164245,4.910638333128517e-08,0.000199042656722244,0.009721694399807275
2,5.335,0.009771710368624014,4.777227868394533e-08,0.00019638869750058553,0.009592735246798526
2,5.34,0.00964186994535833,4.6473290753441155e-08,0.00019376593525642036,0.009465272933972271
2,5.345,0.009513539799546927,4.5208526806074344e-08,0.0001911740623565239,0.009339293236898749
2,5.3500000000000005,0.00938670553483856,4.397711594005869e-08,0.00018861277347325357,0.009214782022905271
2,5.355,0.00926135284833617,4.2778208574512135e-08,0.00018608176557404215,0.009091725251061658
2,5.36,0.00913746753057266,4.1610975949819624e-08,0.0001835807379109306,0.008970108972156445
2,5.365,0.009015035465477907,4.0474609639131226e-08,0.000181109392010148,0.008849919328664519
2,5.37,0.008894042630336772,3.9368321070758994e-08,0.0001786674316617292,0.008731142554705891
2,5.375,0.00877447509573836,3.829134106124428e-08,0.00017625456290917086,0.008613764975995879
2,5.38,0.008656319025516543,3.7242919358871034e-08,0.00017387049403912112,0.008497773009786724
2,5.385,0.008539560676681998,3.622232419740533e-08,0.00017151493557110412,0.008383153164800879
2,5.390000000000001,0.008424186399345675,3.522884185984276e-08,0.00016918760024727317,0.00826989204115587
2,5.3950000000000005,0.008310182636634082,3.42617762519556e-08,0.0001668882030221957,0.008157976330281137
2,5.4,0.008197535924596114,3.332044848542845e-08,0.0001646164610526611,0.008047392814826573
2,5.405,0.008086232892101933,3.240419647038171e-08,0.0001623720936875169,0.00793812836856325
2,5.41,0.007976260260733725,3.151237451708216e-08,0.0001601548224575258,0.00783016995627618
2,5.415,0.007867604844668596,3.0644352946644974e-08,0.00015796437106524585,0.0077235046336493526
2,5.42,0.0077602535505536425,2.979951771053627e-08,0.00015580046537492934,0.007618119547143102
2,5.425,0.007654193377373316,2.897727001868776e-08,0.00015366283340243972,0.007514001933863895
2,5.43,0.007549411416309213,2.817702597603988e-08,0.00015155120530518552,0.007411139121426686
2,5.4350000000000005,0.00744589485059238,2.739821622733244e-08,0.00014946531337206971,0.007309518527809934
2,5.44,0.0073436309553483355,2.66402856099671e-08,0.00014740489201345384,0.007209127661203461
2,5.445,0.007242607097434624,2.590269281476623e-08,0.00014536967775113149,0.0071099541198489805
2,5.45,0.007142810735271415,2.518491005446105e-08,0.00014335940920831645,0.007011985591873798
2,5.455,0.007044229418664997,2.448642273974077e-08,0.00014137382709963995,0.00691520985511754
2,5.46,0.006946850788624312,2.3806729162700347e-08,0.00013941267422115699,0.006819614776952052
2,5.465,0.006850662577170646,2.314534018752688e-08,0.0001374756954403597,0.006725188314094567
2,5.47,0.006755652607140651,2.2501778948268542e-08,0.00013556263768619943,0.006631918512414342
2,5.4750000000000005,0.006661808791982686,2.187558055353198e-08,0.0001336732499391133,0.006539793506732724
2,5.48,0.006569119135546751,2.126629179795902e-08,0.00013180728322105824,0.00644880152061694
2,5.485,0.006477571731867839,2.0673470880333502e-08,0.00012996449058554587,0.006358930866167404
2,5.49,0.006387154764943171,2.00966871281764e-08,0.0001281446271076844,0.006270169943799048
2,5.495,0.006297856508503128,1.9535520728686357e-08,0.0001263474498742217,0.006182507242016436
2,5.5,0.006209665325776132,1.898956246588768e-08,0.0001245727179735911,0.0060959313371829575
2,5.505,0.0061225696692475485,1.845841346384994e-08,0.0001228201924859587,0.006010430893284145
2,5.51,0.006036558080412666,1.7941684935847086e-08,0.00012108963647327155,0.005925994661685184
2,5.515000000000001,0.005951619189523925,1.743899793932495e-08,0.00011938081496930622,0.005842611480882755
2,5.5200000000000005,0.005867741715332557,1.6949983136550774e-08,0.00011769349496971944,0.005760270276251426
2,5.525,0.005784914464824434,1.6474280560818733e-08,0.00011602744542209383,0.005678960059784324
2,5.53,0.005703126332950689,1.601153938809086e-08,0.00011438243721598784,0.005598669929828697
2,5.535,0.0056223663023528235,1.5561417713951657e-08,0.00011275824317298123,0.005519389070816054
2,5.54,0.005542623443082601,1.5123582335760905e-08,0.00011115463803672053,0.005441106752987188
2,5.545,0.005463886912316763,1.469770853988913e-08,0.00010957139846296226,0.005363812332112122
2,5.55,0.005386145954066687,1.4283479893922718e-08,0.00010800830300961432,0.005287495249205078
2,5.555,0.0053093898988830785,1.3880588043729905e-08,0.00010646513212677529,0.005212145030234586
2,5.5600000000000005,0.00523360816355578,1.348873251527836e-08,0.00010494166814677086,0.005137751285828781
2,5.565,0.0051587902508088805,1.3107620521100284e-08,0.0001034376952741892,0.005064303710976107
2,5.57,0.005084925748991031,1.2736966771299875e-08,0.0001019529995759112,0.004991792084721295
2,5.575,0.005012004331761333,1.237649328900394e-08,0.00010048736897114097,0.004920206269857015
2,5.58,0.004940015757770645,1.2025929230154907e-08,9.904059322143138e-05,0.004849536212611012
2,5.585,0.004868949870338576,1.1685010707550114e-08,9.76124639207084e-05,0.004779771942329017
2,5.59,0.004798796597126178,1.1353480619032137e-08,9.62027744852918e-05,0.004710903571153437
2,5.595,0.004729545949804452,1.1031088479737299e-08,9.481132014391421e-05,0.004642921293697932
2,5.6000000000000005,0.00466118802371874,1.0717590258310852e-08,9.343789792773586e-05,0.004575815386717947
2,5.605,0.004593712997549213,1.0412748217000742e-08,9.208230666035994e-05,0.004509576208777432
2,5.61,0.004527111132967318,1.011633075554135e-08,9.074434694784209e-05,0.004444194199911569
2,5.615,0.004461372774288519,9.828112258743243e-09,8.942382116870006e-05,0.004379659881285878
2,5.62,0.004396488348121309,9.547872947704263e-09,8.812053346392132e-05,0.004315963854851661
2,5.625,0.004332448363012557,9.275398734560802e-09,8.683428972696767e-05,0.004253096802997837
2,5.63,0.004269243409089351,9.010481080699054e-09,8.55648975937794e-05,0.004191049488199351
2,5.635,0.004206864157697396,8.752916858347557e-09,8.431216643277769e-05,0.0041298127526621965
2,5.640000000000001,0.004145301361036034,8.502508215474998e-09,8.307590733486588e-05,0.004069377517965111
2,5.6450000000000005,0.00408454585179007,8.25906244391772e-09,8.185593310343088e-05,0.0040097347846981555
2,5.65,0.004024588542758303,8.022391850663474e-09,8.06520582443423e-05,0.003950875632098045
2,5.655,0.003965420426479076,7.79231363222e-09,7.946409895595328e-05,0.003892791217680557
2,5.66,0.003907032574852774,7.568649751997682e-09,7.829187311910039e-05,0.0038354727768699424
2,5.665,0.003849416138761434,7.351226820637755e-09,7.713520028710503e-05,0.003778911622625503
2,5.67,0.0037925623476854887,7.139875979218362e-09,7.599390167577455e-05,0.003723099145065361
2,5.675,0.0037364625093177888,6.934432785273239e-09,7.486780015340554e-05,0.00366802681108754
2,5.68,0.003681108009174983,6.734737101557496e-09,7.375672023078878e-05,0.0036136861639884704
2,5.6850000000000005,0.003626490310206269,6.540632987499005e-09,7.266048805121561e-05,0.0035600688230789054
2,5.69,0.0035726009523997324,6.3519685932719605e-09,7.157893138048823e-05,0.003507166483297468
2,5.695,0.0035194315523861706,6.168596056433383e-09,7.051187959693095e-05,0.0034549709148217313
2,5.7,0.0034669738030406647,5.99037140106353e-09,6.945916368140654e-05,0.003403473962677092
2,5.705,0.003415219473081882,5.817154439351528e-09,6.842061620733589e-05,0.003352667546343404
2,5.71,0.0033641604066691933,5.648808675570948e-09,6.739607133072177e-05,0.0033025436593594835
2,5.715,0.00331378852299771,5.485201212388863e-09,6.638536478017773e-05,0.003253094368925558
2,5.72,0.0032640958158913144,5.326202659455508e-09,6.538833384696222e-05,0.003204311815503751
2,5.7250000000000005,0.003215074353393731,5.171687044220388e-09,6.440481737501815e-05,0.003156188212416645
2,5.73,0.003166716277357788,5.021531724924513e-09,6.343465575101976e-05,0.003108715845444065
2,5.735,0.0031190138030328346,4.8756173057166516e-09,6.247769089442491e-05,0.003061887072418051
2,5.74,0.003071959218650488,4.733827553845585e-09,6.153376624753559e-05,0.003015694322816195
2,5.745,0.0030255448850087514,4.596049318878869e-09,6.0602726765566226e-05,0.0029701300973533746
2,5.75,0.002979763235054555,4.462172453901611e-09,5.9684418906720056e-05,0.0029251869675719407
2,5.755,0.0029346067734648293,4.332089738648076e-09,5.8778690622274774e-05,0.0028808575754304625
2,5.76,0.0028900680762261478,4.205696804522027e-09,5.7885391346677306e-05,0.0028371346328910706
2,5.765000000000001,0.0028461397902130314,4.082892061460302e-09,5.700437198764861e-05,0.0027940109215054843
2,5.7700000000000005,0.0028028146327650225,3.9635766265976235e-09,5.613548491629987e-05,0.002751479291999834
2,5.775,0.0027600853912624675,3.847654254689013e-09,5.527858395725804e-05,0.002709532663858209
2,5.78,0.002717944922701255,3.735031270249736e-09,5.443352437880469e-05,0.002668164024905189
2,5.785,0.002676386153266453,3.6256165013712866e-09,5.3600162883026465e-05,0.002627366430887288
2,5.79,0.0026354020779049527,3.5193212151746186e-09,5.277835759597824e-05,0.0025871330050534274
2,5.795,0.002594985759897172,3.4160590548614364e-09,5.196796805785957e-05,0.002547456937734482
2,5.8,0.002555130330427932,3.3157459783261613e-09,5.11688552132056e-05,0.002508331485922017
2,5.805,0.0025158289881564884,3.2183001982912194e-09,5.038088140109162e-05,0.002469749972846195
2,5.8100000000000005,0.0024770749987858567,3.1236421239299977e-09,4.960391034535325e-05,0.0024317057875529874
2,5.815,0.0024388616946314813,3.0316943039417952e-09,4.883780714482239e-05,0.002394192384480748
2,5.82,0.0024011824741892477,2.9423813710443573e-09,4.808243826357842e-05,0.002357203283036132
2,5.825,0.002364030801703001,2.8556299878503037e-09,4.7337671521217265e-05,0.002320732067169538
2,5.83,0.0023274002067315515,2.771368794094629e-09,4.660337608313704e-05,0.0022847723849500467
2,5.835,0.002291284283715272,2.689528355180538e-09,4.5879422450841946e-05,0.002249317948139951
2,5.84,0.0022556766915423202,2.6100411120129113e-09,4.5165682452264424e-05,0.0022143625317689285
2,5.845,0.0022205711531145616,2.5328413320876922e-09,4.446202923210634e-05,0.0021798999737079098
2,5.8500000000000005,0.0021859614549132357,2.4578650618080152e-09,4.3768337242199646e-05,0.0021459241742427053
2,5.855,0.0021518414465644758,2.3850500799969594e-09,4.308448223188786e-05,0.0021124290956474785
2,5.86,0.0021182050404046173,2.3143358525785495e-09,4.241034123842687e-05,0.002079408761758018
2,5.865,0.002085046211045508,2.2456634883990282e-09,4.1745792577408375e-05,0.0020468572575450075
2,5.87,0.0020523589949397536,2.1789756961605545e-09,4.109071583320436e-05,0.002014768728687238
2,5.875,0.0020201374899460017,2.1142167424408314e-09,4.0444991849434e-05,0.001983137381144848
2,5.88,0.0019883758548943256,2.051332410772592e-09,3.980850271945374e-05,0.0019519574807326746
2,5.885,0.0019570683091517317,1.9902699617568074e-09,3.918113177687055e-05,0.0019212233526937127
2,5.890000000000001,0.0019262091321878554,1.930978094185296e-09,3.856276358607893e-05,0.0018909293812727687
2,5.8950000000000005,0.0018957926631409413,1.873406907147718e-09,3.795328393282364e-05,0.0018610700092903895
2,5.9,0.0018658133003840339,1.8175078630994235e-09,3.735257981478541e-05,0.001831639737716999
2,5.905,0.0018362655010915867,1.7632337518667755e-09,3.676053943219403e-05,0.0018026331252474442
2,5.91,0.0018071437808064273,1.7105386555669974e-09,3.617705217846678e-05,0.0017740447878758917
2,5.915,0.0017784427130071682,1.6593779144206003e-09,3.560200863087349e-05,0.0017458693984711623
2,5.92,0.0017501569286760992,1.6097080934342421e-09,3.50353005412288e-05,0.001718101686352538
2,5.925,0.0017222811158676254,1.5614869499332674e-09,3.447682082661217e-05,0.001690736436866103
2,5.93,0.0016948100192772635,1.5146734019226491e-09,3.392646356011569e-05,0.001663768490961635
2,5.9350000000000005,0.0016677384398112764,1.4692274972565882e-09,3.338412396162072e-05,0.0016371927447701219
2,5.94,0.0016410612341569934,1.4251103835965551e-09,3.2849698388604126e-05,0.001611004149181953
2,5.945,0.0016147733143537888,1.3822842791387538e-09,3.232308432697297e-05,0.001585197709425753
2,5.95,0.0015888696473648667,1.3407124440918662e-09,3.1804180381930295e-05,0.0015597684846480127
2,5.955,0.001563345254649826,1.3003591528869418e-09,3.1292886268871203e-05,0.0015347115874934805
2,5.96,0.0015381952117380577,1.2611896671010893e-09,3.078910280430983e-05,0.0015100221836863742
2,5.965,0.0015134146478030252,1.2231702090776925e-09,3.0292731896837875e-05,0.0014856954916124586
2,5.97,0.001488998745237466,1.1862679362257254e-09,2.980367653811511e-05,0.0014617267819020277
2,5.9750000000000005,0.0014649427392295405,1.1504509159816272e-09,2.9321840793892123e-05,0.0014381113770138157
2,5.98,0.0014412419173400108,1.1156881014171594e-09,2.884712979506653e-05,0.0014148446508199222
2,5.985,0.001417891619080395,1.0819493074773998e-09,2.8379449728771297e-05,0.0013919220281916893
2,5.99,0.0013948872354922468,1.0492051878331487e-09,2.7918707829497844e-05,0.0013693389845866914
2,5.995,0.0013722242087275249,1.0174272123326781e-09,2.7464812370252905e-05,0.001347091045636787
2,6.0,0.0013498980316300933,9.865876450376946e-10,2.701767265374972e-05,0.0013251737867372847
4,-1.0,0.9999683287581669,0.8413447460685429,16.83006739302465,0.0
4,-0.995,0.9999676528735231,0.840131867824506,16.8058340721911,0.0
4,-0.99,0.9999669633523706,0.8389129404891691,16.781479890240647,0.0
4,-0.985,0.9999662599371678,0.8376879645181008,16.757004856270395,0.0
4,-0.98,0.999965542365885,0.8364569406723077,16.732408985480024,0.0
4,-0.975,0.9999648103719341,0.8352198700196897,16.707692299200836,0.0
4,-0.97,0.9999640636840972,0.8339767539364704,16.68285482492436,0.0
4,-0.965,0.9999633020264541,0.832727594108605,16.657896596330456,0.0
4,-0.96,0.999962525118309,0.8314723925331622,16.632817653314948,0.0
4,-0.955,0.9999617326741155,0.8302111515196839,16.607618042016767,0.0
4,-0.95,0.9999609244034022,0.8289438736915182,16.5822978148446,0.0
4,-0.945,0.9999601000106952,0.8276705619871281,16.556857030503032,0.0
4,-0.94,0.9999592591954415,0.8263912196613754,16.531295754018192,0.0
4,-0.935,0.9999584016519296,0.825105850286778,16.50561405676286,0.0
4,-0.9299999999999999,0.9999575270692113,0.823814457754742,16.47981201648113,0.0
4,-0.925,0.9999566351310195,0.8225170462767677,16.45388971731244,0.0
4,-0.92,0.9999557255156879,0.8212136203856283,16.427847249815166,0.0
4,-0.915,0.9999547978960678,0.8199041849365231,16.401684710989652,0.0
4,-0.91,0.9999538519394437,0.8185887451082028,16.37540220430068,0.0
4,-0.905,0.9999528873074498,0.8172673064040681,16.34899983969943,0.0
4,-0.9,0.9999519036559824,0.8159398746532405,16.322477733644863,0.0
4,-0.895,0.9999509006351138,0.8146064560116055,16.29583600912458,0.0
4,-0.89,0.9999498778890038,0.8132670569628273,16.26907479567507,0.0
4,-0.885,0.9999488350558102,0.8119216843193366,16.242194229401463,0.0
4,-0.88,0.9999477717675982,0.8105703452232879,16.215194452996645,0.0
4,-0.875,0.9999466876502489,0.8092130471474893,16.18807561575984,0.0
4,-0.87,0.9999455823233663,0.8078497978963038,16.160837873614618,0.0
4,-0.865,0.9999444554001832,0.8064806056065194,16.13348138912626,0.0
4,-0.86,0.9999433064874658,0.8051054787481916,16.106006331518618,0.0
4,-0.855,0.9999421351854175,0.8037244261254556,16.07841287669031,0.0
4,-0.85,0.999940941087581,0.8023374568773076,16.050701207230357,0.0
4,-0.845,0.9999397237807397,0.8009445804783577,16.022871512433202,0.0
4,-0.84,0.9999384828448168,0.7995458067395503,15.994923988313111,0.0
4,-0.835,0.9999372178527745,0.7981411458088563,15.966858837618004,0.0
4,-0.83,0.9999359283705112,0.7967306081719316,15.938676269842604,0.0
4,-0.825,0.9999346139567573,0.7953142046527473,15.910376501241025,0.0
4,-0.8200000000000001,0.9999332741629703,0.7938919464141869,15.881959754838713,0.0
4,-0.815,0.9999319085332279,0.7924638449586122,15.853426260443737,0.0
4,-0.81,0.9999305166041201,0.7910299121283983,15.824776254657479,0.0
4,-0.8049999999999999,0.9999290979046405,0.7895901601064363,15.79600998088469,0.0
4,-0.8,0.9999276519560749,0.7881446014166034,15.767127689342857,0.0
4,-0.7949999999999999,0.9999261782718903,0.7866932489242013,15.738129637070982,0.0
4,-0.79,0.9999246763576213,0.7852361158363629,15.709016087937682,0.0
4,-0.785,0.9999231457107552,0.7837732157024244,15.679787312648655,0.0
4,-0.78,0.9999215858206164,0.7823045624142668,15.650443588753465,0.0
4,-0.775,0.9999199961682489,0.7808301702066226,15.620985200651685,0.0
4,-0.77,0.9999183762262973,0.7793500536573503,15.591412439598384,0.0
4,-0.765,0.999916725458887,0.7778642276876762,15.561725603708947,0.0
4,-0.76,0.999915043321502,0.7763727075624006,15.531924997963195,0.0
4,-0.755,0.9999133292608623,0.7748755088900731,15.502010934208876,0.0
4,-0.75,0.9999115827147992,0.7733726476231317,15.47198373116447,0.0
4,-0.745,0.999909803112129,0.7718641400580104,15.44184371442129,0.0
4,-0.74,0.9999079898725259,0.7703500028352095,15.411591216444936,0.0
4,-0.735,0.9999061424063929,0.7688302529393352,15.381226576576044,0.0
4,-0.73,0.9999042601147311,0.7673049076991025,15.350750141030364,0.0
4,-0.725,0.9999023423890081,0.7657739847873051,15.320162262898137,0.0
4,-0.72,0.999900388611024,0.7642375022207488,15.289463302142781,0.0
4,-0.715,0.999898398152777,0.7626954783601526,15.258653625598903,0.0
4,-0.71,0.999896370376326,0.7611479319100133,15.227733606969592,0.0
4,-0.7050000000000001,0.9998943046336528,0.7595948819184355,15.196703626823014,0.0
4,-0.7,0.9998922002665226,0.758036347776927,15.165564072588332,0.0
4,-0.6950000000000001,0.9998900566063423,0.756472349220159,15.134315338550905,0.0
4,-0.69,0.9998878729740177,0.7549029063256906,15.102957825846776,0.0
4,-0.685,0.9998856486798091,0.7533280395136581,15.071491942456486,0.0
4,-0.6799999999999999,0.9998833830231846,0.7517477695464294,15.039918103198122,0.0
4,-0.675,0.9998810752926732,0.7501621175282229,15.008236729719748,0.0
4,-0.6699999999999999,0.9998787247657146,0.7485711049046898,14.976448250491018,0.0
4,-0.665,0.9998763307085085,0.7469747534624621,14.944553100794165,0.0
4,-0.6599999999999999,0.9998738923758616,0.7453730853286639,14.912551722714223,0.0
4,-0.655,0.9998714090110332,0.7437661229703878,14.88044456512857,0.0
4,-0.6499999999999999,0.9998688798455795,0.7421538891941353,14.848232083695734,0.0
4,-0.645,0.9998663040991952,0.7405364071452203,14.815914740843485,0.0
4,-0.64,0.9998636809795542,0.7389137003071384,14.783493005756219,0.0
4,-0.635,0.9998610096821483,0.7372857925008991,14.750967354361608,0.0
4,-0.63,0.9998582893901242,0.7356527078843225,14.718338269316565,0.0
4,-0.625,0.9998555192741188,0.7340144709512995,14.685606239992445,0.0
4,-0.62,0.9998526984920926,0.732371106531017,14.652771762459562,0.0
4,-0.615,0.9998498261891613,0.730722639787146,14.619835339470962,0.0
4,-0.61,0.9998469014974263,0.7290690962169943,14.586797480445497,0.0
4,-0.605,0.9998439235358019,0.7274105016506229,14.553658701450162,0.0
4,-0.6,0.9998408914098424,0.7257468822499265,14.520419525181726,0.0
4,-0.595,0.9998378042115666,0.7240782645076775,14.487080480947627,0.0
4,-0.59,0.9998346610192799,0.7224046752465351,14.453642104646157,0.0
4,-0.585,0.9998314608973956,0.720726141618017,14.420104938745927,0.0
4,-0.5800000000000001,0.9998282028962541,0.7190426911014357,14.38646953226461,0.0
4,-0.575,0.9998248860519394,0.7173543515027994,14.352736440746972,0.0
4,-0.5700000000000001,0.9998215093860952,0.7156611509536759,14.318906226242165,0.0
4,-0.565,0.9998180719057375,0.7139631179100213,14.28497945728034,0.0
4,-0.56,0.9998145726030667,0.712260281150973,14.250956708848502,0.0
4,-0.5549999999999999,0.9998110104552771,0.7105526697776057,14.216838562365668,0.0
4,-0.55,0.9998073844243643,0.7088403132116536,14.182625605657329,0.0
4,-0.5449999999999999,0.9998036934569315,0.7071232411941949,14.148318432929155,0.0
4,-0.54,0.9997999364839927,0.705401483784302,14.113917644740035,0.0
4,-0.5349999999999999,0.9997961124207752,0.7036750713576556,14.079423847974375,0.0
4,-0.53,0.9997922201665194,0.7019440346051236,14.0448376558137,0.0
4,-0.5249999999999999,0.9997882586042766,0.7002084045313041,14.010159687707539,0.0
4,-0.52,0.9997842266007053,0.6984682124530338,13.97539056934363,0.0
4,-0.515,0.999780123005865,0.6967234899978605,13.94053093261737,0.0
4,-0.51,0.999775946653009,0.6949742691024806,13.905581415600622,0.0
4,-0.505,0.9997716963583728,0.6932205820111423,13.870542662509791,0.0
4,-0.5,0.9997673709209645,0.6914624612740131,13.835415323673201,0.0
4,-0.495,0.9997629691223487,0.6896999397455121,13.800200055497777,0.0
4,-0.49,0.9997584897264321,0.6879330505826095,13.764897520435067,0.0
4,-0.485,0.9997539314792446,0.6861618272430887,13.729508386946495,0.0
4,-0.48,0.9997492931087195,0.6843863034837774,13.694033329468047,0.0
4,-0.475,0.9997445733244714,0.6826065133587409,13.658473028374134,0.0
4,-0.47,0.9997397708175725,0.6808224912174442,13.622828169940886,0.0
4,-0.46499999999999997,0.9997348842603256,0.679034271702878,13.587099446308708,0.0
4,-0.45999999999999996,0.9997299123060365,0.6772418897496523,13.551287555444173,0.0
4,-0.45499999999999996,0.9997248535887833,0.6754453805820555,13.515393201101244,0.0
4,-0.44999999999999996,0.9997197067231838,0.6736447797120799,13.47941709278182,0.0
4,-0.44499999999999995,0.9997144703041617,0.6718401229374151,13.443359945695637,0.0
4,-0.43999999999999995,0.9997091429067092,0.6700314463394064,13.407222480719474,0.0
4,-0.43499999999999994,0.9997037230856486,0.668218786280981,13.371005424355713,0.0
4,-0.42999999999999994,0.9996982093753913,0.6664021794045423,13.334709508690263,0.0
4,-0.42499999999999993,0.9996926002896952,0.6645816626298304,13.298335471349805,0.0
4,-0.42000000000000004,0.9996868943214188,0.6627572731517506,13.261884055458404,0.0
4,-0.41500000000000004,0.999681089942275,0.6609290484381688,13.225356009593458,0.0
4,-0.41000000000000003,0.9996751856025812,0.6590970262276774,13.188752087741047,0.0
4,-0.405,0.9996691797310073,0.6572612445273263,13.1520730492506,0.0
4,-0.4,0.9996630707343231,0.6554217416103242,13.115319658788962,0.0
4,-0.395,0.9996568569971418,0.6535785560137083,13.078492686293835,0.0
4,-0.39,0.999650536881662,0.6517317265359823,13.04159290692656,0.0
4,-0.385,0.9996441087274079,0.6498812922347244,13.004621101024341,0.0
4,-0.38,0.9996375708509669,0.6480272924241628,12.967578054051792,0.0
4,-0.375,0.999630921545725,0.6461697666727237,12.930464556551936,0.0
4,-0.37,0.9996241590816,0.6443087548005467,12.893281404096555,0.0
4,-0.365,0.9996172817047732,0.6424442968769708,12.856029397235972,0.0
4,-0.36,0.999610287637418,0.6405764332179913,12.818709341448214,0.0
4,-0.355,0.9996031750774269,0.6387052043836872,12.781322047087617,0.0
4,-0.35,0.999595942198136,0.6368306511756191,12.743868329332832,0.0
4,-0.345,0.9995885871480474,0.6349528146341984,12.706349008134243,0.0
4,-0.33999999999999997,0.9995811080505497,0.6330717360360281,12.668764908160853,0.0
4,-0.33499999999999996,0.9995735030036356,0.6311874568912148,12.631116858746545,0.0
4,-0.32999999999999996,0.9995657700796183,0.6293000189406535,12.593405693835848,0.0
4,-0.32499999999999996,0.999557907324845,0.627409464153284,12.555632251929111,0.0
4,-0.31999999999999995,0.9995499127594079,0.6255158347233201,12.517797376027122,0.0
4,-0.31499999999999995,0.9995417843768541,0.6236191730674514,12.479901913575217,0.0
4,-0.30999999999999994,0.9995335201438924,0.6217195218220193,12.441946716406825,0.0
4,-0.30499999999999994,0.9995251180000982,0.619816923840165,12.403932640686497,0.0
4,-0.29999999999999993,0.9995165758576162,0.6179114221889526,12.365860546852424,0.0
4,-0.29500000000000004,0.9995078916008607,0.6160030601464654,12.327731299558398,0.0
4,-0.29000000000000004,0.9994990630862143,0.6140918811988774,12.289545767615293,0.0
4,-0.28500000000000003,0.9994900881417235,0.6121779290374987,12.25130482393206,0.0
4,-0.28,0.999480964566793,0.6102612475557972,12.213009345456165,0.0
4,-0.275,0.9994716901318774,0.6083418808463948,12.174660213113608,0.0
4,-0.27,0.9994622625781703,0.6064198731980396,12.136258311748394,0.0
4,-0.265,0.9994526796172922,0.604495269092554,12.097804530061575,0.0
4,-0.26,0.9994429389309754,0.6025681132017605,12.059299760549793,0.0
4,-0.255,0.9994330381707468,0.6006384503843826,12.020744899443379,0.0
4,-0.25,0.9994229749576092,0.5987063256829237,11.982140846643967,0.0
4,-0.245,0.9994127468817195,0.5967717843205244,11.943488505661712,0.0
4,-0.24,0.9994023515020656,0.5948348716977958,11.904788783552004,0.0
4,-0.235,0.9993917863461401,0.592895633389633,11.86604259085179,0.0
4,-0.22999999999999998,0.9993810489096132,0.5909541151420059,11.827250841515472,0.0
4,-0.22499999999999998,0.9993701366560023,0.5890103628687295,11.788414452850336,0.0
4,-0.21999999999999997,0.9993590470163399,0.5870644226482146,11.749534345451654,0.0
4,-0.21499999999999997,0.9993477773888398,0.5851163407201957,11.710611443137287,0.0
4,-0.20999999999999996,0.9993363251385601,0.5831661634824423,11.67164667288197,0.0
4,-0.20499999999999996,0.9993246875970648,0.5812139374874481,11.632640964751156,0.0
4,-0.19999999999999996,0.9993128620620841,0.579259709439103,11.593595251834522,0.0
4,-0.19499999999999995,0.9993008457971705,0.5773035261893451,11.554510470179057,0.0
4,-0.18999999999999995,0.9992886360313546,0.5753454347347954,11.515387558721839,0.0
4,-0.18499999999999994,0.9992762299587984,0.5733854822133744,11.476227459222395,0.0
4,-0.17999999999999994,0.9992636247384461,0.5714237159009007,11.437031116194765,0.0
4,-0.17499999999999993,0.999250817493673,0.5694601832076737,11.397799476839193,0.0
4,-0.16999999999999993,0.9992378053119327,0.5674949316750384,11.358533490973507,0.0
4,-0.16500000000000004,0.9992245852444023,0.5655280089719352,11.319234110964153,0.0
4,-0.16000000000000003,0.9992111543056245,0.5635594628914329,11.279902291656942,0.0
4,-0.15500000000000003,0.9991975094731489,0.5615893413472468,11.240538990307456,0.0
4,-0.15000000000000002,0.9991836476871714,0.5596176923702425,11.20114516651119,0.0
4,-0.14500000000000002,0.9991695658501702,0.5576445641049235,11.161721782133377,0.0
4,-0.14,0.9991552608265414,0.5556700048059064,11.12226980123854,0.0
4,-0.135,0.9991407294422313,0.5536940628343817,11.082790190019791,0.0
4,-0.13,0.9991259684843684,0.5517167866545611,11.04328391672782,0.0
4,-0.125,0.9991109747008916,0.5497382248301129,11.003751951599675,0.0
4,-0.12,0.9990957448001777,0.5477584260205839,10.964195266787268,0.0
4,-0.11499999999999999,0.9990802754506668,0.5457774389778103,10.924614836285665,0.0
4,-0.10999999999999999,0.9990645632804859,0.5437953125423168,10.8850116358611,0.0
4,-0.10499999999999998,0.9990486048770698,0.5418120956397047,10.845386642978841,0.0
4,-0.09999999999999998,0.9990323967867817,0.539827837277029,10.805740836730775,0.0
4,-0.09499999999999997,0.99901593551453,0.5378425865391663,10.766075197762833,0.0
4,-0.08999999999999997,0.9989992175233859,0.5358563925851721,10.726390708202207,0.0
4,-0.08499999999999996,0.9989822392341964,0.5338693046446292,10.686688351584376,0.0
4,-0.07999999999999996,0.9989649970251971,0.5318813720139873,10.64696911277997,0.0
4,-0.07499999999999996,0.998947487231624,0.5298926440528947,10.607233977921469,0.0
4,-0.06999999999999995,0.9989297061453211,0.5279031701805211,10.56748393432972,0.0
4,-0.06499999999999995,0.9989116500143491,0.5259129998718738,10.527719970440323,0.0
4,-0.05999999999999994,0.9988933150425907,0.5239221826541068,10.487943075729905,0.0
4,-0.05499999999999994,0.9988746973893544,0.5219307681028235,10.4481542406422,0.0
4,-0.04999999999999993,0.9988557931689773,0.5199388058383725,10.408354456514061,0.0
4,-0.04499999999999993,0.9988365984504259,0.517946345522139,10.368544715501347,0.0
4,-0.040000000000000036,0.9988171092568956,0.5159534368528308,10.328726010504695,0.0
4,-0.03500000000000003,0.998797321565408,0.5139601295627583,10.288899335095218,0.0
4,-0.030000000000000027,0.9987772313064077,0.5119664734141126,10.249065683440097,0.0
4,-0.025000000000000022,0.9987568343633567,0.509972518195238,10.209226050228121,0.0
4,-0.020000000000000018,0.9987361265723277,0.5079783137169019,10.169381430595148,0.0
4,-0.015000000000000013,0.9987151037215961,0.5059839098085622,10.129532820049505,0.0
4,-0.010000000000000009,0.9986937615512306,0.5039893563146316,10.089681214397363,0.0
4,-0.0050000000000000044,0.9986720957526816,0.5019947030907408,10.049827609668053,0.0
4,0.0,0.9986501019683699,0.5,10.009973002039366,0.0
4,0.0050000000000001155,0.9986277757912725,0.49800529690925915,9.970118387762824,0.0
4,0.010000000000000009,0.9986051127645078,0.4960106436853684,9.930264763088951,0.0
4,0.015000000000000124,0.9985821083809197,0.4940160901914377,9.890413124192545,0.0
4,0.020000000000000018,0.99855875808266,0.492021686283098,9.85056446709795,0.0
4,0.02499999999999991,0.9985350572607704,0.49002748180476197,9.81071978760436,0.0
4,0.030000000000000027,0.9985110012547626,0.48803352658588733,9.770880081211125,0.0
4,0.03499999999999992,0.9984865853521969,0.48603987043724173,9.731046343043134,0.0
4,0.040000000000000036,0.998461804788262,0.4840465631471692,9.691219567776205,0.0
4,0.04499999999999993,0.9984366547453501,0.48205365447786097,9.651400749562569,0.0
4,0.050000000000000044,0.9984111303526352,0.4800611941616275,9.61159088195637,0.0
4,0.05499999999999994,0.9983852266856462,0.47806923189717654,9.5717909578393,0.0
4,0.06000000000000005,0.998358938765843,0.4760778173458931,9.532001969346261,0.0
4,0.06499999999999995,0.9983322615601887,0.4740870001281262,9.492224907791165,0.0
4,0.07000000000000006,0.9983051899807227,0.47209682981947887,9.452460763592804,0.0
4,0.07499999999999996,0.9982777188841324,0.47010735594710523,9.412710526200845,0.0
4,0.08000000000000007,0.9982498430713239,0.4681186279860126,9.372975184021959,0.0
4,0.08499999999999996,0.9982215572869928,0.4661306953553708,9.33325572434605,0.0
4,0.09000000000000008,0.9981928562191936,0.46414360741482785,9.293553133272646,0.0
4,0.09499999999999997,0.9981637344989084,0.4621574134608337,9.253868395637436,0.0
4,0.10000000000000009,0.998134186699616,0.46017216272297096,9.214202494938952,0.0
4,0.10499999999999998,0.998104207336859,0.4581879043602954,9.174556413265439,0.0
4,0.1100000000000001,0.9980737908678121,0.45620468745768317,9.134931131221865,0.0
4,0.11499999999999999,0.9980429316908482,0.4542225610221897,9.095327627857168,0.0
4,0.1200000000000001,0.9980116241451057,0.4522415739794161,9.055746880591634,0.0
4,0.125,0.997979862510054,0.4502617751698871,9.016189865144545,0.0
4,0.13000000000000012,0.9979476410050603,0.4482832133454388,8.97665755546197,0.0
4,0.135,0.9979149537889545,0.4463059371656183,8.937150923644833,0.0
4,0.14000000000000012,0.9978817949595954,0.44432999519409355,8.89767093987718,0.0
4,0.14500000000000002,0.9978481585534356,0.4423554358950765,8.858218572354696,0.0
4,0.15000000000000013,0.9978140385450868,0.44038230762975744,8.818794787213456,0.0
4,0.15500000000000003,0.9977794288468854,0.43841065865275314,8.779400548458945,0.0
4,0.15999999999999992,0.9977443233084576,0.4364405371085672,8.74003681789534,0.0
4,0.16500000000000004,0.9977087157162847,0.4344719910280648,8.70070455505506,0.0
4,0.16999999999999993,0.9976725997932685,0.4325050683249616,8.661404717128597,0.0
4,0.17500000000000004,0.997635969198297,0.4305398167923263,8.622138258894644,0.0
4,0.17999999999999994,0.9975988175258107,0.4285762840990993,8.582906132650521,0.0
4,0.18500000000000005,0.9975611383053685,0.4266145177866256,8.543709288142887,0.0
4,0.18999999999999995,0.9975229250012141,0.42465456526520456,8.504548672498812,0.0
4,0.19500000000000006,0.9974841710118435,0.42269647381065484,8.465425230157122,0.0
4,0.19999999999999996,0.997444869669572,0.420740290560897,8.426339902800114,0.0
4,0.20500000000000007,0.9974050142401029,0.4187860625125518,8.387293629285587,0.0
4,0.20999999999999996,0.9973645979220951,0.41683383651755773,8.348287345579244,0.0
4,0.21500000000000008,0.9973236138467335,0.4148836592798042,8.309321984687422,0.0
4,0.21999999999999997,0.9972820550772987,0.41293557735178543,8.27039847659022,0.0
4,0.2250000000000001,0.9972399146087375,0.41098963713127035,8.231517748174957,0.0
4,0.22999999999999998,0.997197185367235,0.40904588485799415,8.192680723170067,0.0
4,0.2350000000000001,0.9971538602097869,0.407104366610367,8.153888322079329,0.0
4,0.24,0.9971099319237738,0.40516512830220414,8.115141462116513,0.0
4,0.2450000000000001,0.9970653932265352,0.40322821567947553,8.076441057140451,0.0
4,0.25,0.9970202367649454,0.4012936743170763,8.037788017590483,0.0
4,0.2550000000000001,0.9969744551149913,0.39936154961561743,7.999183250422336,0.0
4,0.26,0.9969280407813496,0.3974318867982395,7.960627659044452,0.0
4,0.2650000000000001,0.9968809861969672,0.395504730907446,7.922122143254711,0.0
4,0.27,0.9968332837226422,0.3935801268019605,7.883667599177623,0.0
4,0.27500000000000013,0.9967849256466063,0.39165811915360516,7.845264919201963,0.0
4,0.28,0.9967359041841087,0.3897387524442028,7.806914991918854,0.0
4,0.2849999999999999,0.9966862114770023,0.3878220709625014,7.768618702060318,0.0
4,0.29000000000000004,0.9966358395933308,0.38590811880112263,7.730376930438297,0.0
4,0.29499999999999993,0.9965847805269181,0.38399693985353456,7.69219055388416,0.0
4,0.30000000000000004,0.9965330261969594,0.3820885778110473,7.654060445188665,0.0
4,0.30499999999999994,0.9964805684476138,0.380183076159835,7.615987473042455,0.0
4,0.31000000000000005,0.9964273990476002,0.3782804781779807,7.577972501977007,0.0
4,0.31499999999999995,0.9963735096897938,0.37638082693254865,7.540016392306118,0.0
4,0.32000000000000006,0.996318891990825,0.37448416527667994,7.502120000067881,0.0
4,0.32499999999999996,0.9962635374906822,0.372590535846716,7.464284176967198,0.0
4,0.33000000000000007,0.9962074376523146,0.37069998105934643,7.426509770318789,0.0
4,0.33499999999999996,0.9961505838612386,0.3688125431087852,7.3887976229907535,0.0
4,0.3400000000000001,0.9960929674251472,0.36692826396397193,7.351148573348663,0.0
4,0.345,0.9960345795735209,0.3650471853658016,7.313563455200187,0.0
4,0.3500000000000001,0.9959754114572417,0.3631693488243809,7.276043097740276,0.0
4,0.355,0.9959154541482099,0.36129479561631284,7.238588325496895,0.0
4,0.3600000000000001,0.9958546986389639,0.3594235667820087,7.2011999582773125,0.0
4,0.365,0.9957931358423026,0.35755570312302926,7.163878811114971,0.0
4,0.3700000000000001,0.9957307565909107,0.3556912451994532,7.1266256942168935,0.0
4,0.375,0.9956675516369874,0.3538302333272762,7.089441412911718,0.0
4,0.3800000000000001,0.9956035116518787,0.3519727075758372,7.052326767598265,0.0
4,0.385,0.9955386272257115,0.3501187077652757,7.015282553694723,0.0
4,0.3900000000000001,0.9954728888670327,0.34826827346401756,6.978309561588412,0.0
4,0.395,0.9954062870024508,0.3464214439862917,6.9414085765861575,0.0
4,0.40000000000000013,0.9953388119762813,0.34457825838967576,6.904580378865247,0.0
4,0.405,0.9952704540501955,0.34273875547267374,6.8678257434250245,0.0
4,0.4099999999999999,0.9952012034028738,0.3409029737723226,6.831145440039062,0.0
4,0.41500000000000004,0.9951310501296614,0.3390709515618312,6.7945402332079805,0.0
4,0.41999999999999993,0.9950599842422293,0.3372427268482495,6.7580108821128695,0.0
4,0.42500000000000004,0.9949879956682387,0.33541833737016946,6.72155814056935,0.0
4,0.42999999999999994,0.994915074251009,0.33359782059545773,6.685182756982266,0.0
4,0.43500000000000005,0.9948412097491911,0.33178121371901903,6.648885474300984,0.0
4,0.43999999999999995,0.9947663918364442,0.32996855366059363,6.612667029975389,0.0
4,0.44500000000000006,0.9946906101011169,0.32815987706258476,6.576528155912466,0.0
4,0.44999999999999996,0.9946138540459333,0.32635522028792,6.5404695784335605,0.0
4,0.45500000000000007,0.9945361130876832,0.3245546194179446,6.504492018232288,0.0
4,0.45999999999999996,0.9944573765569173,0.32275811025034773,6.468596190333086,0.0
4,0.4650000000000001,0.9943776336976472,0.320965728297122,6.432782804050451,0.0
4,0.47,0.9942968736670493,0.3191775087825558,6.397052562948805,0.0
4,0.4750000000000001,0.9942150855351756,0.317393486641259,6.361406164803057,0.0
4,0.48,0.9941322582846674,0.31561369651622256,6.32584430155982,0.0
4,0.4850000000000001,0.9940483808104761,0.31383817275691117,6.290367659299294,0.0
4,0.49,0.9939634419195873,0.31206694941739055,6.254976918197856,0.0
4,0.4950000000000001,0.9938774303307525,0.31030006025448775,6.21967275249128,0.0
4,0.5,0.9937903346742238,0.3085375387259869,6.1844558304387025,0.0
4,0.5050000000000001,0.9937021434914969,0.30677941798885755,6.149326814287203,0.0
4,0.51,0.9936128452350568,0.3050257308975194,6.114286360237139,0.0
4,0.5150000000000001,0.9935224282681322,0.3032765100021395,6.07933511840811,0.0
4,0.52,0.9934308808644532,0.3015317875469662,6.044473732805673,0.0
4,0.5250000000000001,0.9933381912080173,0.2997915954686958,6.009702841288702,0.0
4,0.53,0.9932443473928594,0.29805596539487644,5.975023075537488,0.0
4,0.5350000000000001,0.9931493374228294,0.2963249286423444,5.940435061022498,0.0
4,0.54,0.9930531492113757,0.294598516215698,5.905939416973873,0.0
4,0.5449999999999999,0.992955770581335,0.2928767588058051,5.871536756351613,0.0
4,0.55,0.9928571892647285,0.29115968678834636,5.837227685816455,0.0
4,0.5549999999999999,0.9927573929025654,0.2894473302223943,5.8030128057014885,0.0
4,0.56,0.9926563690446517,0.28773971884902705,5.768892709984454,0.0
4,0.565,0.9925541051494076,0.2860368820899787,5.734867986260762,0.0
4,0.5700000000000001,0.9924505885836908,0.2843388490463241,5.70093921571723,0.0
4,0.575,0.9923458066226267,0.28264564849720064,5.66710697310652,0.0
4,0.5800000000000001,0.9922397464494463,0.2809573088985643,5.633371826722304,0.0
4,0.585,0.9921323951553314,0.27927385838198304,5.599734338375128,0.0
4,0.5900000000000001,0.9920237397392663,0.27759532475346493,5.566195063369015,0.0
4,0.595,0.991913767107898,0.27592173549232246,5.53275455047876,0.0
4,0.6000000000000001,0.9918024640754038,0.27425311775007355,5.499413341927978,0.0
4,0.605,0.9916898173633659,0.2725894983493771,5.466171973367823,0.0
4,0.6100000000000001,0.9915758136006543,0.27093090378300566,5.433030973856466,0.0
4,0.615,0.991460439323318,0.269277360212854,5.399990865839288,0.0
4,0.6200000000000001,0.9913436809744834,0.267628893468983,5.36705216512977,0.0
4,0.625,0.9912255249042616,0.26598552904870054,5.334215380891122,0.0
4,0.6300000000000001,0.9911059573696632,0.26434729211567753,5.301481015618631,0.0
4,0.635,0.9909849645345221,0.26271420749910085,5.268849565122725,0.0
4,0.6400000000000001,0.9908625324694273,0.26108629969286157,5.236321518512764,0.0
4,0.645,0.9907386471516638,0.2594635928547797,5.203897358181532,0.0
4,0.6500000000000001,0.9906132944651614,0.2578461108058647,5.17157755979048,0.0
4,0.655,0.9904864602004531,0.25623387702961214,5.13936259225566,0.0
4,0.6600000000000001,0.9903581300546417,0.2546269146713361,5.107252917734389,0.0
4,0.665,0.990228289631376,0.2530252465375379,5.075248991612634,0.0
4,0.6699999999999999,0.9900969244408357,0.2514288950953102,5.043351262493115,0.0
4,0.675,0.9899640198997259,0.24983788247177702,5.011560172184099,0.0
4,0.6799999999999999,0.9898295613312803,0.2482522304535706,4.979876155688966,0.0
4,0.685,0.9896935339652746,0.24667196048634193,4.948299641196417,0.0
4,0.69,0.989555922938049,0.24509709367430943,4.916831050071464,0.0
4,0.6950000000000001,0.9894167132925402,0.24352765077984095,4.8854707968470725,0.0
4,0.7,0.9892758899783242,0.24196365222307303,4.854219289216566,0.0
4,0.7050000000000001,0.9891334378516673,0.24040511808156456,4.823076928026693,0.0
4,0.71,0.9889893416755886,0.2388520680899867,4.792044107271447,0.0
4,0.7150000000000001,0.9888435861199317,0.23730452163984733,4.761121214086549,0.0
4,0.72,0.9886961557614472,0.23576249777925118,4.730308628744667,0.0
4,0.7250000000000001,0.9885470350838848,0.23422601521269487,4.699606724651321,0.0
4,0.73,0.9883962084780965,0.2326950923008974,4.669015868341492,0.0
4,0.7350000000000001,0.98824366024215,0.23116974706066484,4.638536419476926,0.0
4,0.74,0.988089374581453,0.22964999716479056,4.608168730844144,0.0
4,0.7450000000000001,0.9879333356088873,0.22813585994198965,4.577913148353131,0.0
4,0.75,0.9877755273449553,0.2266273523768682,4.547770011036726,0.0
4,0.7550000000000001,0.9876159337179362,0.22512449110992694,4.517739651050699,0.0
4,0.76,0.9874545385640534,0.22362729243759938,4.4878223936745165,0.0
4,0.7650000000000001,0.987291325627654,0.2221357723123238,4.458018557312783,0.0
4,0.77,0.987126278561398,0.22064994634264962,4.428328453497367,0.0
4,0.7750000000000001,0.9869593809264604,0.21916982979337735,4.398752386890209,0.0
4,0.78,0.9867906161927437,0.21769543758573312,4.369290655286803,0.0
4,0.7850000000000001,0.9866199677391027,0.21622678429757547,4.33994354962034,0.0
4,0.79,0.98644741885358,0.21476388416363712,4.310711353966542,0.0
4,0.7949999999999999,0.9862729527336547,0.21330675107579872,4.281594345549131,0.0
4,0.8,0.9860965524865014,0.2118553985833967,4.252592794745996,0.0
4,0.8049999999999999,0.9859182011292623,0.2104098398935637,4.223706965095988,0.0
4,0.81,0.9857378815893312,0.2089700878716016,4.194937113306387,0.0
4,0.815,0.9855555767046486,0.20753615504138778,4.166283489261021,0.0
4,0.8200000000000001,0.9853712692240107,0.20610805358581302,4.137746336029025,0.0
4,0.825,0.9851849418073901,0.20468579534725267,4.109325889874256,0.0
4,0.8300000000000001,0.9849965770262678,0.2032693918280684,4.081022380265332,0.0
4,0.835,0.9848061573639798,0.20185885419114374,4.052836029886332,0.0
4,0.8400000000000001,0.9846136652160745,0.2004541932604496,4.0247670546481045,0.0
4,0.845,0.9844190828906846,0.19905541952164235,3.996815663700228,0.011101790936310165
4,0.8500000000000001,0.9842223926089095,0.19766254312269238,3.9689820594435714,0.1026577498717674
4,0.855,0.9840235765052133,0.19627557387454442,3.9412664375435016,0.18475332639668424
4,0.8600000000000001,0.9838226166278339,0.1948945212518084,3.913668986943688,0.25841311858790794
4,0.865,0.9836194949392054,0.19351939439348065,3.886189889880527,0.32454642006523593
4,0.8700000000000001,0.983414193316395,0.19215020210369615,3.8588293218981775,0.38396060674544114
4,0.875,0.9832066935515512,0.19078695285251068,3.831587451864195,0.4373729275479687
4,0.8800000000000001,0.9829969773523672,0.18942965477671214,3.804464441985756,0.4854208938112105
4,0.885,0.9827850263425566,0.1880783156806633,3.777460447826504,0.5286714379176936
4,0.8900000000000001,0.9825708220623429,0.18673294303717258,3.750575618323955,0.5676289904446871
4,0.895,0.982354345968963,0.18539354398839447,3.723810095807501,0.602742606655844
4,0.9000000000000001,0.9821355794371834,0.18406012534675947,3.6971640160169983,0.634412256984973
4,0.905,0.9819145037598319,0.18273269359593192,3.6706375081219167,0.6629943820344136
4,0.9100000000000001,0.981691100148341,0.1814112548917972,3.644230694741075,0.6888068002568711
4,0.915,0.981465349733307,0.18009581506347694,3.6179436919629353,0.71213304568424
4,0.9199999999999999,0.9812372335650622,0.17878637961437172,3.591776609366448,0.733226203612147
4,0.925,0.9810067326142615,0.17748295372323225,3.565729550042465,0.752312303872978
4,0.9299999999999999,0.9807738277724828,0.17618554224525795,3.5398026106157032,0.7695933240833623
4,0.935,0.9805384998528421,0.17489414971322204,3.513995881267233,0.7852498489040897
4,0.94,0.9803007295906231,0.1736087803386246,3.488309445757532,0.7994434257876564
4,0.9450000000000001,0.9800604976439199,0.17232943801287187,3.4627433814500588,0.8123186528122587
4,0.95,0.9798177845942956,0.17105612630848183,3.437297759335353,0.8240050299245935
4,0.9550000000000001,0.9795725709474546,0.16978884848031606,3.4119726440556644,0.8346186011622027
4,0.96,0.9793248371339299,0.16852760746683781,3.3867680939300984,0.8442634121335933
4,0.9650000000000001,0.9790745635097845,0.16727240589139503,3.3616841609802686,0.8530328041436999
4,0.97,0.9788217303573278,0.16602324606352958,3.336720890956468,0.8610105638134143
4,0.9750000000000001,0.978566317885847,0.16478012998031033,3.311878323364317,0.8682719448112445
4,0.98,0.9783083062323532,0.16354305932769236,3.2871564914919404,0.8748845763544439
4,0.9850000000000001,0.9780476754623418,0.16231203548189926,3.262555422437594,0.8809092714129552
4,0.99,0.9777844055705686,0.1610870595108309,3.2380751371378125,0.8864007460329276
4,0.9950000000000001,0.9775184764818403,0.15986813217549406,3.213715650396008,0.8914082598620697
4,1.0,0.9772498680518208,0.15865525393145707,3.1894769709115485,0.8959761867842376
4,1.005,0.9769785600678517,0.1574484249303279,3.1653591013093085,0.9001445235360187
4,1.0100000000000002,0.9767045322497881,0.1562476450212545,3.1413620381696603,0.9039493432665239
4,1.0150000000000001,0.9764277642508509,0.15505291375244956,3.1174857720589593,0.9074232001981702
4,1.02,0.9761482356584915,0.15386423037273478,3.093730287560411,0.9105954908378718
4,1.025,0.9758659259952752,0.15268159383311042,3.0700955633054514,0.9134927765631644
4,1.0300000000000002,0.9755808147197774,0.15150500278834367,3.046581572005502,0.916139071856446
4,1.0350000000000001,0.9752928812274961,0.15033445559858144,3.0231882804842067,0.9185561019737262
4,1.04,0.9750021048517795,0.1491699503309814,2.9999156497100437,0.9207635334044322
4,1.045,0.9747084648647699,0.14801148476136605,2.976763634829389,0.9227791800990222
4,1.0499999999999998,0.9744119404783614,0.14685905637589597,2.9537321851999687,0.9246191881054708
4,1.0550000000000002,0.9741125108451748,0.1457126623727641,2.93082124442473,0.9262982009589193
4,1.06,0.9738101550595473,0.1445722996639096,2.9080307503861045,0.927829507906191
4,1.065,0.9735048521585372,0.14343796487675103,2.885360635280656,0.9292251768145691
4,1.0699999999999998,0.973196581122945,0.14230965435593929,2.8628108256541256,0.9304961734085346
4,1.0750000000000002,0.9728853208783503,0.14118736416512895,2.8403812424368438,0.9316524682959925
4,1.08,0.9725710502961632,0.140071090088769,2.818071800979528,0.9327031330841086
4,1.085,0.9722537481946921,0.13896082763391104,2.7958824110894365,0.93365642674181
4,1.0899999999999999,0.9719333933402275,0.1378565720320355,2.773812977066874,0.9345198732391347
4,1.0950000000000002,0.9716099644481406,0.13675831824089646,2.751863397742074,0.9353003313810557
4,1.1,0.9712834401839981,0.13566606094638267,2.7300335665124056,0.9360040576535321
4,1.105,0.9709537991646933,0.13457979456439612,2.708323371379928,0.9366367628108329
4,1.1099999999999999,0.9706210199595906,0.13349951324274728,2.6867326949892827,0.9372036628544131
4,1.1150000000000002,0.9702850810916893,0.13242521086306613,2.6652614146658946,0.9377095249836159
4,1.12,0.9699459610388002,0.1313568810427307,2.6439094024545353,0.9381587090362286
4,1.125,0.9696036382347386,0.13029451713680879,2.622676525158134,0.9385552048815905
4,1.13,0.9692580910705341,0.12923811224001786,2.6015626443769673,0.9389026661796815
4,1.1350000000000002,0.9689092978956545,0.12818765918869734,2.5805676165480858,0.9392044408757986
4,1.1400000000000001,0.9685572370192472,0.12714315056279818,2.559691292985092,0.93946359876138
4,1.145,0.9682018867113947,0.1261045786878845,2.53893351991816,0.9396829563967605
4,1.15,0.9678432252043863,0.12507193563715036,2.5182941385343516,0.9398650996606427
4,1.1550000000000002,0.9674812306940062,0.1240452132334503,2.4977729850182175,0.9400124041634307
4,1.1600000000000001,0.9671158813408361,0.12302440305134338,2.4773698905926573,0.9401270537369075
4,1.165,0.9667471552715747,0.12200949641914921,2.457084681560033,0.9402110571907477
4,1.17,0.9663750305803717,0.12100048442101824,2.4369171793435522,0.9402662635066946
4,1.1750000000000003,0.9659994853301775,0.11999735789901245,2.416867200528872,0.9402943756236922
4,1.1800000000000002,0.96562049755411,0.11900010745520073,2.3969345569059928,0.9402969629515765
4,1.185,0.9652380452568344,0.11800872345376312,2.377119055511324,0.9402754727369144
4,1.19,0.9648521064159612,0.11702319602310873,2.357420498670032,0.9402312403920321
4,1.1949999999999998,0.9644626589834573,0.11604351505800337,2.337838684038576,0.9401654988870665
4,1.2000000000000002,0.9640696808870742,0.11506967022170828,2.318373404647473,0.9400793872948181
4,1.205,0.9636731500317913,0.11410165094812963,2.299024448944266,0.9399739585691955
4,1.21,0.9632730443012737,0.11313944644397739,2.2797916008366936,0.9398501866299782
4,1.2149999999999999,0.9628693415593464,0.11218304569093435,2.260674639736055,0.9397089728194071
4,1.2200000000000002,0.9624620196514831,0.11123243744783462,2.2416733406007654,0.9395511517896218
4,1.225,0.9620510564063108,0.11028761025285133,2.222787473980096,0.9393774968741643
4,1.23,0.9616364296371288,0.10934855242569191,2.204016806058067,0.9391887249915419
4,1.2349999999999999,0.9612181171434433,0.10841525206980401,2.185361098697553,0.9389855011241618
4,1.2400000000000002,0.9607960967125173,0.10748769707458689,2.1668201094844965,0.9387684424117431
4,1.245,0.9603703461209354,0.10656587511761301,2.1483935917723267,0.9385381218945207
4,1.25,0.9599408431361829,0.10564977366685535,2.1300812947264935,0.9382950719381656
4,1.255,0.9595075655182402,0.10473937998292232,2.111882963369153,0.9380397873692765
4,1.2600000000000002,0.9590704910211927,0.1038346811213004,2.0937983386240058,0.9377727283475494
4,1.2650000000000001,0.9586295973948539,0.1029356639346018,2.0758271573612412,0.9374943229982494
4,1.27,0.9581848623864051,0.10204231507481915,2.0579691524426145,0.9372049698263779
4,1.275,0.9577362637420476,0.10115462099558592,2.0402240527666478,0.9369050399319088
4,1.2800000000000002,0.957283779208671,0.100272567954442,2.0225915833139245,0.9365948790436633
4,1.2850000000000001,0.9568273865355357,0.09939614201510566,2.005071465192522,0.9362748093877443
4,1.29,0.9563670634759681,0.09852532904974787,1.9876634156834818,0.9359451314049798
4,1.295,0.9559027877890729,0.09766011474127456,1.9703671482864473,0.9356061253304889
4,1.3000000000000003,0.955434537241457,0.09680048458561019,1.9531823727653206,0.9352580526472818
4,1.3050000000000002,0.9549622896089686,0.09594642389398761,1.9361087951940517,0.9349011574247087
4,1.31,0.9544860226784502,0.09509791779523902,1.9191461180024443,0.934535667551598
4,1.315,0.9540057142495056,0.0942549512380928,1.9022940400220842,0.9341617958730255
4,1.3199999999999998,0.95352134213628,0.09341750899347184,1.8855522565322929,0.9337797412388513
4,1.3250000000000002,0.9530328841692541,0.09258557565679493,1.868920459306148,0.9333896894714379
4,1.33,0.9525403181970526,0.09175913565028077,1.8523983366565508,0.9329918142592951
4,1.335,0.9520436220882643,0.090938173225254,1.8359855734823403,0.9325862779827963
4,1.3399999999999999,0.9515427737332772,0.09012267246445249,1.8196818513144262,0.9321732324775809
4,1.3450000000000002,0.9510377510461258,0.08931261728433698,1.8034868483619753,0.9317528197407459
4,1.35,0.9505285319663519,0.08850799143740196,1.7874002395586182,0.9313251725845022
4,1.355,0.9500150944608786,0.08770877851448616,1.7714216966086513,0.9308904152415483
4,1.3599999999999999,0.9494974165258963,0.08691496194708509,1.755550888033278,0.9304486639260576
4,1.3650000000000002,0.9489754761887619,0.08612652500966322,1.7397874792168464,0.9300000273538356
4,1.37,0.9484492515099107,0.08534345082196698,1.7241311324530986,0.9295446072248962
4,1.375,0.9479187205847804,0.08456572235133569,1.7085815069913826,0.9290824986714366
4,1.38,0.9473838615457479,0.08379332241501436,1.693138259082902,0.9286137906739311
4,1.3850000000000002,0.9468446525640772,0.08302623368246326,1.6778010420268974,0.9281385664478382
4,1.3900000000000001,0.9463010718518803,0.08226443867766897,1.662569506216864,0.9276569038032049
4,1.395,0.9457530976640897,0.08150791978145133,1.6474432991866794,0.9271688754792647
4,1.4,0.945200708300442,0.08075665923377107,1.6324220656567547,0.9266745494559463
4,1.4050000000000002,0.9446438821074743,0.08001063913603362,1.6175054475801014,0.9261739892440581
4,1.4100000000000001,0.9440825974805306,0.07926984145339239,1.6026930841883908,0.9256672541557646
4,1.415,0.9435168328657798,0.07853424801704807,1.5879846120379362,0.9251543995568394
4,1.42,0.9429465667622459,0.07780384052654638,1.5733796650556413,0.9246354771020626
4,1.4250000000000003,0.9423717777238468,0.07707860055207184,1.5588778745848721,0.9241105349550137
4,1.4300000000000002,0.9417924443614469,0.07635850953673907,1.5444788694312757,0.9235796179934185
4,1.435,0.941208545344917,0.07564354879887994,1.5301822759085195,0.923042768001108
4,1.44,0.940620059405207,0.07493369953432708,1.515987717883959,0.9225000238475688
4,1.4449999999999998,0.9400269653364272,0.07422894281869365,1.5018948168242277,0.9219514216559868
4,1.4500000000000002,0.939429241997941,0.0735292596096483,1.487903191840732,0.9213969949606121
4,1.455,0.9388268683164666,0.07283463074918609,1.4740124597350674,0.9208367748542117
4,1.46,0.9382198232881881,0.07214503696589378,1.4602222350443215,0.9202707901263137
4,1.4649999999999999,0.9376080859808769,0.071460458877211,1.4465321300862934,0.9196990673928981
4,1.4700000000000002,0.9369916355360216,0.0707808769916855,1.432941755004597,0.9191216312181312
4,1.475,0.9363704511709674,0.07010627171122312,1.4194507178136573,0.9185385042287022
4,1.48,0.9357445121810641,0.06943662333333173,1.406058624443589,0.9179497072212736
4,1.4849999999999999,0.9351137979418235,0.0687719120533592,1.3927650787849533,0.9173552592635219
4,1.4900000000000002,0.9344782879110834,0.06811211796672541,1.3795696827333952,0.916755177789204
4,1.495,0.9338379616311828,0.06745722107114747,1.36647203623415,0.9161494786876606
4,1.5,0.9331927987311419,0.06680720126885807,1.353471737326407,0.9155381763881276
4,1.505,0.9325427789288525,0.06616203836881716,1.3405683821875438,0.9149212839392076
4,1.5100000000000002,0.9318878820332746,0.0655217120889165,1.327761565177217,0.9142988130838239
4,1.5150000000000001,0.9312280879466408,0.06488620205817655,1.3150508788813005,0.9136707743299534
4,1.52,0.9305633766666683,0.06425548781893581,1.3024359141556707,0.9130371770174194
4,1.525,0.9298937282887769,0.06362954882903263,1.2899162601698475,0.9123980293810017
4,1.5300000000000002,0.9292191230083144,0.06300836446397841,1.2774915044504551,0.911753338610099
4,1.5350000000000001,0.928539541122789,0.062391914019123085,1.2651612329245348,0.911103110905173
4,1.54,0.9278549630341062,0.061780176711811886,1.2529250299626837,0.9104473515311733
4,1.545,0.9271653692508139,0.061173131683533444,1.2407824784220143,0.9097860648681394
4,1.5500000000000003,0.9264707403903516,0.06057075800205899,1.2287331596889457,0.909119254459156
4,1.5550000000000002,0.9257710571813064,0.05997303466357283,1.2167766537218112,0.9084469230558314
4,1.56,0.925066300465673,0.05937994059479304,1.2049125390932784,0.9077690726614461
4,1.565,0.9243564512011201,0.05879145465508292,1.1931403930325792,0.9070857045719244
4,1.5699999999999998,0.9236414904632609,0.058207555638553045,1.181459791467555,0.9063968194147557
4,1.5750000000000002,0.9229213994479282,0.05762822227615312,1.169870309066498,0.9057024171859951
4,1.58,0.9221961594734536,0.057053433237754185,1.1583715192797976,0.9050024972854563
4,1.585,0.9214657519829519,0.05648316713422019,1.1469629943813784,0.9042970585502095
4,1.5899999999999999,0.9207301585466077,0.055917402519469465,1.1356443055099321,0.9035860992864805
4,1.5950000000000002,0.9199893608639663,0.05535611789252561,1.124415022709941,0.9028696173000504
4,1.6,0.9192433407662289,0.054799291699557974,1.1132747149724929,0.9021476099252411
4,1.605,0.9184920802185487,0.05424690233591037,1.10222295027586,0.9014200740525705
4,1.6099999999999999,0.917735561322331,0.053698928148119704,1.0912592956258784,0.9006870061551541
4,1.6150000000000002,0.9169737663175367,0.053155347435922776,1.080383317096088,0.8999484023139253
4,1.62,0.9162066775849856,0.05261613845425206,1.0695945798676558,0.8992042582417414
4,1.625,0.9154342776486644,0.05208127941521953,1.0588926482690595,0.8984545693064401
4,1.63,0.914656549178033,0.051550748490089365,1.0482770858155464,0.8976993305529004
4,1.6350000000000002,0.9138734749903367,0.051024523811238114,1.037747455248344,0.8969385367241733
4,1.6400000000000001,0.913085038052915,0.05050258347410371,1.0273033185736504,0.8961721822817206
4,1.645,0.9122912214855139,0.049984905539121376,1.0169442371013555,0.8954002614248231
4,1.65,0.911492008562598,0.0494714680336481,1.006669771483541,0.8946227681091949
4,1.6550000000000002,0.9106873827156629,0.04896224895387424,0.9964794817527207,0.8938396960648513
4,1.6600000000000001,0.9098773275355475,0.04845722626672279,0.9863729273598323,0.8930510388132673
4,1.665,0.909061826774746,0.04795637791173565,0.9763496672119731,0.8922567896838668
4,1.67,0.9082408643497193,0.04745968180294733,0.9664092597098821,0.8914569418298761
4,1.6750000000000003,0.907414424343205,0.04696711583074578,0.9565512627851648,0.8906514882435741
4,1.6800000000000002,0.9065824910065281,0.04647865786372002,0.9467752339372566,0.8898404217709744
4,1.685,0.9057450487619072,0.045994285750494385,0.9370807302701158,0.889023735125962
4,1.69,0.904902082204761,0.045513977321549805,0.9274673085286604,0.8882014209039178
4,1.6949999999999998,0.9040535761060124,0.04503771039103149,0.9179345251349293,0.8873734715948545
4,1.7000000000000002,0.9031995154143896,0.044565462758543006,0.9084819362239771,0.8865398795960864
4,1.705,0.9023398852587254,0.04409721221092707,0.8991090976794973,0.8857006372244615
4,1.71,0.9014746709502521,0.0436329365240319,0.8898155651691624,0.8848557367281689
4,1.7149999999999999,0.9006038579848943,0.043172613464464375,0.880600894179696,0.8840051702981498
4,1.7200000000000002,0.8997274320455579,0.04271622079132892,0.8714646400516629,0.8831489300791283
4,1.725,0.8988453790044141,0.04226373625795246,0.8624063580139785,0.882287008180276
4,1.73,0.8979576849251809,0.04181513761359493,0.8534256032181303,0.8814193966855364
4,1.7349999999999999,0.8970643360653983,0.041370402605146094,0.8445219307721269,0.8805460876636141
4,1.7400000000000002,0.8961653188786995,0.040929508978807344,0.8356948957741448,0.8796670731776532
4,1.745,0.8952606200170776,0.040492434481759765,0.8269440533459016,0.8787823452946142
4,1.75,0.8943502263331446,0.040059156863817086,0.8182689586657282,0.8778918960943635
4,1.755,0.8934341248823869,0.039629653879064544,0.8096691670013574,0.8769957176784883
4,1.7600000000000002,0.8925123029254131,0.039203903287482626,0.8011442337424112,0.8760938021788506
4,1.7650000000000001,0.8915847479301959,0.03878188285655675,0.7926937144326079,0.875186141765889
4,1.77,0.8906514475743081,0.03836357036287122,0.7843171648016531,0.8742727286566809
4,1.775,0.8897123897471486,0.037948943593689125,0.7760141407968515,0.8733535551227725
4,1.7800000000000002,0.8887675625521653,0.03753798034851676,0.7677841986144083,0.8724286134977914
4,1.7850000000000001,0.8878169543090657,0.03713065844065356,0.7596268947304395,0.8714978961848439
4,1.79,0.8868605535560226,0.03672695569872628,0.7515417859316714,0.8705613956637113
4,1.795,0.8858983490518704,0.036326849968208716,0.7435284293458476,0.869619104497851
4,1.8000000000000003,0.8849303297782918,0.03593031911292576,0.7355863824718225,0.8686710153412085
4,1.8050000000000002,0.8839564849419966,0.03553734101654273,0.7277152032093637,0.8677171209448509
4,1.81,0.8829768039768913,0.03514789358403879,0.7199144498886328,0.866757414163427
4,1.815,0.8819912765462369,0.03476195474316552,0.7121836812993718,0.8657918879614583
4,1.8199999999999998,0.8809998925447993,0.034379502445890005,0.7045224567197783,0.8648205354194722
4,1.8250000000000002,0.8800026421009874,0.03400051466982242,0.6969303359450718,0.8638433497399784
4,1.83,0.8789995155789818,0.0336249694196283,0.6894068793157531,0.8628603242532961
4,1.835,0.8779905035808508,0.03325284472842523,0.6819516477455532,0.8618714524232381
4,1.8399999999999999,0.8769755969486566,0.03288411865916389,0.6745642027490677,0.8608767278526547
4,1.8450000000000002,0.8759547867665497,0.03251876930599386,0.6672441064690883,0.8598761442888442
4,1.85,0.8749280643628496,0.03215677479561371,0.6599909217036191,0.8588696956288316
4,1.855,0.8738954213121155,0.0317981132886053,0.6528042119325762,0.8578573759245253
4,1.8599999999999999,0.8728568494372018,0.031442762980752714,0.6456835413441832,0.8568391793877471
4,1.8650000000000002,0.8718123408113025,0.031090702104345436,0.638628474861048,0.8558151003951494
4,1.87,0.8707618877599821,0.030741908929465954,0.6316385781659294,0.8547851334930151
4,1.875,0.8697054828631912,0.03039636176526137,0.624713417727186,0.8537492734019488
4,1.88,0.8686431189572693,0.03005403896119979,0.6178525608239173,0.8527075150214588
4,1.8850000000000002,0.8675747891369336,0.0297149189083106,0.6110555755707845,0.8516598534344368
4,1.8900000000000001,0.8665004867572528,0.029378980040409418,0.6043220309425252,0.850606283911536
4,1.895,0.8654202054356039,0.02904620083530679,0.5976514967981418,0.8495468019154496
4,1.9,0.8643339390536173,0.028716559816001803,0.5910435439047884,0.8484814031050956
4,1.9050000000000002,0.8632416817591035,0.028390035551859375,0.5844977439613324,0.8474100833397076
4,1.9100000000000001,0.8621434279679645,0.028066606659772484,0.5780136696216136,0.846332838682835
4,1.915,0.861039172366089,0.027746251805307872,0.571590894517373,0.8452496654062551
4,1.92,0.859928909911231,0.027428949703836802,0.5652289932808839,0.8441605599938006
4,1.9250000000000003,0.858812635834871,0.027114679121649627,0.558927541567257,0.8430655191450995
4,1.9300000000000002,0.8576903456440608,0.02680341887705495,0.5526861160764391,0.8419645397792394
4,1.935,0.856562035123249,0.026495147841462834,0.5465042945748924,0.840857619038345
4,1.94,0.8554277003360904,0.026189844940452685,0.5403816559169664,0.8397447542910831
4,1.9449999999999998,0.854287337627236,0.025887489154825145,0.5343177800659511,0.8386259431360883
4,1.9500000000000002,0.853140943624104,0.02558805952163861,0.5283122481148216,0.8375011834053152
4,1.955,0.851988515238634,0.025291535135230112,0.5223646423066703,0.8363704731673186
4,1.96,0.8508300496690187,0.024997895148220435,0.5164745460548247,0.8352338107304597
4,1.9649999999999999,0.8496655444014185,0.024707118772503898,0.5106415439626563,0.8340911946460444
4,1.9700000000000002,0.8484949972116562,0.024419185280222525,0.5048652218430791,0.8329426237113935
4,1.975,0.8473184061668896,0.02413407400472475,0.4991451667377383,0.831788096972844
4,1.98,0.8461357696272652,0.023851764341508513,0.4934809669358854,0.8306276137286851
4,1.9849999999999999,0.8449470862475504,0.023572235749149177,0.48787221199295155,0.8294611735320299
4,1.9900000000000002,0.8437523549787453,0.023295467750211803,0.48231849274880667,0.8282887761936234
4,1.995,0.8425515750696722,0.023021439932148342,0.4768194013457173,0.8271104217845885
4,2.0,0.8413447460685429,0.022750131948179195,0.47137453124599116,0.8259261106391087
4,2.005,0.840131867824506,0.022481523518159723,0.46598347724932143,0.824735843357053
4,2.0100000000000002,0.8389129404891691,0.022215594429431457,0.4606458355098239,0.8235396208065401
4,2.015,0.8376879645181008,0.021952324537658184,0.45536120355277254,0.8223374441264443
4,2.02,0.8364569406723077,0.02169169376764678,0.4501291802910288,0.8211293147288432
4,2.025,0.8352198700196897,0.021433682114152985,0.4449493660411704,0.8199152343014107
4,2.0300000000000002,0.8339767539364703,0.02117826964267226,0.4398213625393211,0.8186952048097513
4,2.035,0.8327275941086049,0.02092543649021554,0.43474477295667857,0.8174692284996828
4,2.04,0.8314723925331622,0.020675162866070042,0.4297192019147427,0.8162373078994601
4,2.045,0.8302111515196839,0.020427429052545333,0.4247442555002494,0.8149994458219494
4,2.0500000000000003,0.8289438736915182,0.020182215405704383,0.4198195412798039,0.8137556453667479
4,2.055,0.8276705619871281,0.019939502356080104,0.41494466831422305,0.81250590992225
4,2.06,0.8263912196613754,0.019699270409376895,0.41011924717257786,0.8112502431676646
4,2.065,0.825105850286778,0.01946150014715788,0.40534288994594997,0.8099886490749777
4,2.0700000000000003,0.8238144577547419,0.01922617222751726,0.40061521026088975,0.8087211319108681
4,2.075,0.8225170462767677,0.018993267385738533,0.3959358232925913,0.8074476962385703
4,2.08,0.8212136203856283,0.01876276643493775,0.3913043457777688,0.8061683469196887
4,2.085,0.8199041849365231,0.01853465026669295,0.3867203960272556,0.8048830891159645
4,2.09,0.8185887451082028,0.01830889985165897,0.38218359393831025,0.8035919282909914
4,2.095,0.8172673064040681,0.01808549624016806,0.3776935610066392,0.8022948702118847
4,2.1,0.8159398746532405,0.017864420562816542,0.3732499203381393,0.8009919209509035
4,2.105,0.8146064560116055,0.01764565403103706,0.3688522966603525,0.7996830868870239
4,2.11,0.8132670569628274,0.017429177937657088,0.36450031633364516,0.7983683747074664
4,2.115,0.8119216843193366,0.0172149736574434,0.36019360736210587,0.7970477914091775
4,2.12,0.8105703452232879,0.017003022647632787,0.35593179940416886,0.7957213443002639
4,2.125,0.8092130471474893,0.016793306448448803,0.3517145237829569,0.794389041001382
4,2.13,0.8078497978963038,0.01658580668360501,0.3475414134963542,0.7930508894470815
4,2.1350000000000002,0.8064806056065192,0.01638050506079452,0.3434121032268048,0.7917068978871039
4,2.14,0.8051054787481916,0.01617738337216608,0.33932622935084206,0.7903570748876375
4,2.145,0.8037244261254556,0.01597642349478663,0.335283429948346,0.7890014293325253
4,2.15,0.8023374568773076,0.0157776073910905,0.3312833448115343,0.7876399704244316
4,2.1550000000000002,0.8009445804783576,0.015580917109315454,0.32732561545368993,0.7862727076859632
4,2.16,0.7995458067395502,0.015386334783925445,0.3234098851176214,0.7848996509607467
4,2.165,0.7981411458088563,0.015193842636020248,0.3195357987838616,0.7835208104144633
4,2.17,0.7967306081719316,0.015003422973732207,0.3157030031786081,0.7821361965358395
4,2.1750000000000003,0.7953142046527473,0.014815058192609911,0.31191114678140097,0.7807458201375956
4,2.18,0.7938919464141869,0.014628730775989246,0.3081598798325489,0.7793496923573519
4,2.185,0.7924638449586122,0.014444423295351491,0.30444885434029506,0.7779478246584894
4,2.19,0.7910299121283983,0.014262118410668878,0.3007777240877321,0.7765402288309728
4,2.1950000000000003,0.7895901601064362,0.01408179887073763,0.2971461446394666,0.7751269169921275
4,2.2,0.7881446014166033,0.013903447513498595,0.293553773348034,0.773707901587376
4,2.205,0.7866932489242013,0.013727047266345301,0.2900002693600631,0.7722831953909334
4,2.21,0.7852361158363629,0.013552581146419983,0.28648529362219854,0.7708528115064588
4,2.215,0.7837732157024245,0.01338003226089734,0.28300850888677737,0.7694167633676683
4,2.22,0.7823045624142668,0.01320938380725627,0.2795695797172656,0.767975064738904
4,2.225,0.7808301702066226,0.013040619073539617,0.276168172493454,0.7665277297156634
4,2.23,0.7793500536573503,0.012873721438602014,0.2728039554164153,0.7650747727250871
4,2.235,0.7778642276876762,0.012708674372346022,0.26947659851322703,0.7636162085264057
4,2.24,0.7763727075624005,0.012545461435946563,0.26618577364146034,0.7621520522113451
4,2.245,0.774875508890073,0.012384066282063831,0.26293115449343685,0.7606823192044938
4,2.25,0.7733726476231317,0.012224472655044696,0.2597124166002556,0.7592070252636258
4,2.255,0.7718641400580104,0.012066664391112734,0.25652923733559263,0.7577261864799861
4,2.2600000000000002,0.7703500028352094,0.011910625418547052,0.2533812959192743,0.7562398192785343
4,2.265,0.768830252939335,0.011756339757849968,0.250268273420629,0.754747940418149
4,2.27,0.7673049076991025,0.011603791521903535,0.24718985276161468,0.7532505669917907
4,2.275,0.7657739847873051,0.011452964916115225,0.24414571871972826,0.7517477164266266
4,2.2800000000000002,0.7642375022207488,0.01130384423855278,0.24113555793069952,0.7502394064841136
4,2.285,0.7626954783601526,0.011156413880068234,0.2381590588909664,0.7487256552600426
4,2.29,0.7611479319100133,0.011010658324411388,0.2352159119599398,0.7472064811845432
4,2.295,0.7595948819184355,0.010866562148332686,0.23230580936205575,0.7456819030220472
4,2.3000000000000003,0.758036347776927,0.010724110021675795,0.22942844518862093,0.7441519398712148
4,2.305,0.756472349220159,0.010583286707459784,0.22658351539944968,0.74261661116482
4,2.31,0.7549029063256906,0.010444077061951083,0.22377071782429644,0.741075936669597
4,2.315,0.7533280395136581,0.010306466034725407,0.22098975216408684,0.7395299364860466
4,2.3200000000000003,0.7517477695464294,0.010170438668719667,0.2182403199919475,0.7379786310482045
4,2.325,0.7501621175282229,0.010035980100274053,0.21552212475404006,0.7364220411233704
4,2.33,0.7485711049046898,0.009903075559164245,0.21283487177019542,0.7348601878117971
4,2.335,0.7469747534624621,0.009771710368624014,0.21017826823435704,0.7332930925463418
4,2.34,0.745373085328664,0.00964186994535833,0.2075520232148327,0.731720777092077
4,2.345,0.7437661229703878,0.009513539799546914,0.2049558476543551,0.7301432635458647
4,2.35,0.7421538891941353,0.009386705534838566,0.20238945436995726,0.7285605743358909
4,2.355,0.7405364071452203,0.00926135284833618,0.19985255805266128,0.726972732221161
4,2.36,0.7389137003071384,0.009137467530572669,0.1973448752669847,0.725379760290957
4,2.365,0.7372857925008991,0.009015035465477907,0.19486612445026658,0.7237816819642571
4,2.37,0.7356527078843225,0.008894042630336772,0.19241602591181514,0.7221785209891156
4,2.375,0.7340144709512995,0.00877447509573836,0.18999430183187843,0.7205703014420062
4,2.38,0.732371106531017,0.008656319025516543,0.18760067626044086,0.7189570477271247
4,2.3850000000000002,0.7307226397871459,0.00853956067668199,0.18523487511584907,0.7173387845756566
4,2.39,0.7290690962169942,0.008424186399345685,0.1828966261832667,0.7157155370450049
4,2.395,0.7274105016506229,0.008310182636634095,0.1805856591129617,0.7140873305179798
4,2.4,0.7257468822499265,0.008197535924596131,0.17830170541842924,0.7124541907019514
4,2.4050000000000002,0.7240782645076774,0.008086232892101933,0.17604449847435016,0.7108161436279646
4,2.41,0.7224046752465351,0.007976260260733725,0.17381377351439053,0.709173215649817
4,2.415,0.720726141618017,0.007867604844668596,0.17160926762883888,0.7075254334430973
4,2.42,0.7190426911014357,0.0077602535505536425,0.16943071976209048,0.7058728240041884
4,2.4250000000000003,0.7173543515027992,0.007654193377373303,0.16727787070997457,0.7042154146492321
4,2.43,0.7156611509536758,0.007549411416309199,0.16515046311693132,0.7025532330130579
4,2.435,0.7139631179100213,0.007445894850592388,0.16304824147303634,0.700886307048073
4,2.44,0.712260281150973,0.007343630955348342,0.16097095211087933,0.6992146650231155
4,2.4450000000000003,0.7105526697776057,0.007242607097434624,0.1589183432022959,0.6975383355222733
4,2.45,0.7088403132116536,0.007142810735271415,0.15689016475495593,0.6958573474436632
4,2.455,0.7071232411941949,0.007044229418664997,0.15488616860881055,0.6941717299981747
4,2.46,0.705401483784302,0.006946850788624312,0.1529061084323998,0.692481512708178
4,2.465,0.7036750713576556,0.006850662577170646,0.15094973971902262,0.6907867254061943
4,2.47,0.7019440346051236,0.006755652607140648,0.14901681978277262,0.6890873982335309
4,2.475,0.7002084045313041,0.006661808791982698,0.14710710775444039,0.6873835616388801
4,2.48,0.6984682124530338,0.006569119135546763,0.14522036457728502,0.6856752463768819
4,2.485,0.6967234899978605,0.006477571731867845,0.14335635300267674,0.6839624835066508
4,2.49,0.6949742691024805,0.006387154764943171,0.14151483758561417,0.6822453043902672
4,2.495,0.6932205820111423,0.006297856508503128,0.13969558468011534,0.6805237406912341
4,2.5,0.6914624612740131,0.006209665325776132,0.1378983624344874,0.6787978243728967
4,2.505,0.6896999397455122,0.0061225696692475485,0.13612294078647627,0.6770675876968285
4,2.5100000000000002,0.6879330505826093,0.006036558080412654,0.134369091458297,0.6753330632211809
4,2.515,0.6861618272430887,0.005951619189523932,0.13263658795154992,0.6735942837990002
4,2.52,0.6843863034837774,0.005867741715332562,0.13092520554202014,0.6718512825765067
4,2.525,0.682606513358741,0.0057849144648244415,0.12923472127436716,0.6701040929913428
4,2.5300000000000002,0.6808224912174441,0.005703126332950689,0.12756491395670366,0.6683527487707827
4,2.535,0.6790342717028779,0.0056223663023528235,0.125915564155067,0.6665972839299135
4,2.54,0.6772418897496523,0.005542623443082601,0.1242864541877834,0.6648377327697762
4,2.545,0.6754453805820554,0.005463886912316763,0.12267736811973004,0.6630741298754773
4,2.5500000000000003,0.6736447797120799,0.005386145954066684,0.12108809175649395,0.6613065101142647
4,2.555,0.6718401229374151,0.005309389898883071,0.11951841263843205,0.6595349086335714
4,2.56,0.6700314463394064,0.005233608163555782,0.11796812003463264,0.6577593608590252
4,2.565,0.668218786280981,0.005158790250808884,0.11643700493678112,0.6559799024924248
4,2.5700000000000003,0.6664021794045423,0.005084925748991031,0.11492486005293165,0.6541965695096855
4,2.575,0.6645816626298304,0.005012004331761333,0.11343147980118805,0.6524093981587497
4,2.58,0.6627572731517505,0.004940015757770645,0.11195666030329249,0.6506184249574662
4,2.585,0.6609290484381688,0.004868949870338576,0.11050019937812813,0.6488236866914381
4,2.59,0.6590970262276774,0.004798796597126178,0.10906189653513457,0.6470252204118364
4,2.595,0.6572612445273261,0.004729545949804448,0.10764155296763939,0.645223063433185
4,2.6,0.6554217416103241,0.004661188023718747,0.10623897154610705,0.6434172533311127
4,2.605,0.6535785560137083,0.004593712997549223,0.10485395681130764,0.6416078279400728
4,2.61,0.6517317265359824,0.004527111132967324,0.10348631496740679,0.6397948253510337
4,2.615,0.6498812922347242,0.004461372774288519,0.10213585387497907,0.6379782839091387
4,2.62,0.6480272924241628,0.004396488348121309,0.10080238304394702,0.6361582422113338
4,2.625,0.6461697666727237,0.004332448363012557,0.09948571362644536,0.6343347391039662
4,2.63,0.6443087548005468,0.004269243409089351,0.09818565840961618,0.6325078136803536
4,2.6350000000000002,0.6424442968769707,0.004206864157697388,0.09690203180833323,0.6306775052783218
4,2.64,0.6405764332179912,0.004145301361036037,0.09563464985785985,0.6288438534777155
4,2.645,0.6387052043836872,0.0040845458517900736,0.09438333020643941,0.6270068980978776
4,2.65,0.6368306511756191,0.004024588542758306,0.09314789210782334,0.6251666791951006
4,2.6550000000000002,0.6349528146341983,0.003965420426479076,0.09192815641373589,0.6233232370600498
4,2.66,0.6330717360360281,0.003907032574852774,0.090723945566279,0.6214766122151577
4,2.665,0.6311874568912148,0.003849416138761434,0.08953508359027776,0.61962684541199
4,2.67,0.6293000189406536,0.0037925623476854887,0.08836139608556913,0.6177739776285849
4,2.6750000000000003,0.6274094641532839,0.003736462509317785,0.08720271021923504,0.6159180500667637
4,2.68,0.62551583472332,0.00368110800917498,0.08605885471778249,0.6140591041494162
4,2.685,0.6236191730674514,0.0036264903102062747,0.0849296598592704,0.6121971815177564
4,2.69,0.6217195218220193,0.0035726009523997368,0.08381495746538711,0.6103323240285542
4,2.6950000000000003,0.619816923840165,0.0035194315523861706,0.082714580893479,0.6084645737513401
4,2.7,0.6179114221889526,0.0034669738030406647,0.08162836502853153,0.6065939729655839
4,2.705,0.6160030601464654,0.003415219473081882,0.08055614627510532,0.6047205641578474
4,2.71,0.6140918811988774,0.0033641604066691933,0.07949776254922802,0.6028443900189123
4,2.715,0.6121779290374987,0.00331378852299771,0.07845305327024421,0.6009654934408841
4,2.72,0.6102612475557971,0.003264095815891309,0.07742185935262429,0.5990839175142695
4,2.725,0.6083418808463947,0.003215074353393732,0.07640402319773465,0.597199705525031
4,2.73,0.6064198731980396,0.0031667162773577934,0.0753993886855695,0.5953129009516177
4,2.735,0.604495269092554,0.0031190138030328407,0.07440780116644724,0.5934235474619706
4,2.74,0.6025681132017604,0.003071959218650488,0.07342910745267195,0.5915316889105074
4,2.745,0.6006384503843825,0.0030255448850087514,0.07246315581016251,0.5896373693350835
4,2.75,0.5987063256829237,0.002979763235054555,0.07150979595004849,0.5877406329539285
4,2.755,0.5967717843205245,0.0029346067734648293,0.07056887902023778,0.5858415241625635
4,2.7600000000000002,0.5948348716977958,0.0028900680762261443,0.06964025759695427,0.5839400875306948
4,2.765,0.5928956333896329,0.0028461397902130345,0.06872378567624908,0.5820363677990875
4,2.77,0.5909541151420059,0.002802814632765025,0.06781931866548532,0.5801304098764165
4,2.775,0.5890103628687297,0.0027600853912624697,0.06692671337479875,0.5782222588360975
4,2.7800000000000002,0.5870644226482145,0.002717944922701255,0.06604582800853537,0.5763119599130981
4,2.785,0.5851163407201957,0.002676386153266453,0.06517652215666764,0.5743995585007298
4,2.79,0.5831661634824423,0.0026354020779049527,0.06431865678618981,0.5724851001474172
4,2.795,0.5812139374874482,0.002594985759897172,0.06347209423249445,0.5705686305534517
4,2.8000000000000003,0.579259709439103,0.002555130330427929,0.06263669819073209,0.5686501955677248
4,2.805,0.5773035261893451,0.002515828988156486,0.061812333707153486,0.5667298411844431
4,2.81,0.5753454347347954,0.002477074998785861,0.06099886717043741,0.5648076135398251
4,2.815,0.5733854822133744,0.002438861694631486,0.060196166303004575,0.5628835589087812
4,2.8200000000000003,0.5714237159009006,0.0024011824741892477,0.059404100152319186,0.5609577237015758
4,2.825,0.5694601832076737,0.002364030801703001,0.05862253908217943,0.5590301544604733
4,2.83,0.5674949316750384,0.0023274002067315515,0.057851354763997165,0.5571008978563667
4,2.835,0.5655280089719352,0.002291284283715272,0.05709042016806984,0.5551700006853916
4,2.84,0.5635594628914329,0.0022556766915423202,0.05633960955484422,0.5532375098655233
4,2.845,0.5615893413472468,0.0022205711531145616,0.055598798466173875,0.5513034724331601
4,2.85,0.5596176923702425,0.0021859614549132405,0.054867863716571395,0.5493679355396913
4,2.855,0.5576445641049235,0.00215184144656448,0.05414668338445679,0.5474309464480496
4,2.86,0.5556700048059064,0.0021182050404046217,0.05343513680340247,0.5454925525292521
4,2.865,0.5536940628343816,0.002085046211045508,0.05273310455337688,0.5435528012589265
4,2.87,0.5517167866545611,0.0020523589949397536,0.052040468451987495,0.541611740213824
4,2.875,0.5497382248301129,0.0020201374899460017,0.05135711154572338,0.53966941706832
4,2.88,0.5477584260205839,0.0019883758548943256,0.050682918101200305,0.5377258795909029
4,2.8850000000000002,0.5457774389778102,0.001957068309151727,0.05001777359640771,0.535781175640651
4,2.89,0.5437953125423167,0.0019262091321878587,0.04936156471195975,0.533835353163698
4,2.895,0.5418120956397047,0.0018957926631409455,0.048714179322350185,0.5318884601896873
4,2.9,0.539827837277029,0.0018658133003840375,0.04807550648721365,0.5299405448282166
4,2.9050000000000002,0.5378425865391663,0.0018362655010915867,0.047445436442593227,0.5279916552652721
4,2.91,0.535856392585172,0.0018071437808064273,0.04682386059221586,0.5260418397596537
4,2.915,0.5338693046446292,0.0017784427130071682,0.04621067149877581,0.52409114663939
4,2.92,0.5318813720139874,0.0017501569286760992,0.04560576287522822,0.5221396242981452
4,2.9250000000000003,0.5298926440528946,0.0017222811158676223,0.045009029576092985,0.5201873211916184
4,2.93,0.527903170180521,0.0016948100192772598,0.04442036758877007,0.5182342858339353
4,2.935,0.5259129998718738,0.0016677384398112794,0.04383967402486684,0.5162805667940303
4,2.94,0.5239221826541068,0.0016410612341569964,0.04326684711153893,0.5143262126920246
4,2.9450000000000003,0.5219307681028234,0.0016147733143537888,0.04270178618284517,0.5123712721955962
4,2.95,0.5199388058383724,0.0015888696473648667,0.042144391671117484,0.510415794016345
4,2.955,0.517946345522139,0.001563345254649826,0.04159456509834631,0.508459826906151
4,2.96,0.5159534368528308,0.0015381952117380577,0.04105220906758301,0.5065034196535292
4,2.9650000000000003,0.5139601295627582,0.0015134146478030228,0.04051722725435956,0.5045466210799779
4,2.97,0.5119664734141126,0.0014889987452374632,0.03998952439812676,0.5025894800363259
4,2.975,0.509972518195238,0.0014649427392295431,0.039469006293711036,0.5006320453990715
4,2.98,0.5079783137169019,0.0014412419173400134,0.03895557978279151,0.49867436606672283
4,2.985,0.5059839098085622,0.0014178916190803975,0.03844915274539759,0.49671649095613324
4,2.99,0.5039893563146315,0.0013948872354922468,0.03794963409142772,0.4947584689988336
4,2.995,0.5019947030907408,0.0013722242087275249,0.037456933752190766,0.49280034913736515
4,3.0,0.5,0.0013498980316300933,0.03697096267196927,0.4908421803216084
4,3.005,0.4980052969092592,0.0013279042473184172,0.03649163279960716,0.48888401150511307
4,3.01,0.49601064368536846,0.0013062384487694675,0.036018857080121335,0.48692589164142636
4,3.0149999999999997,0.4940160901914379,0.0012848962784038618,0.03555254944633792,0.4849678696804221
4,3.0200000000000005,0.49202168628309784,0.0012638734276722973,0.03509262481055446,0.4830099945646291
4,3.0250000000000004,0.4900274818047618,0.0012431656366432922,0.03463899905622822,0.48105231522556274
4,3.0300000000000002,0.4880335265858873,0.0012227686935922595,0.03419158902969109,0.47909488058005445
4,3.035,0.4860398704372416,0.0012026784345919692,0.033750312531892375,0.4771377395265863
4,3.04,0.4840465631471692,0.0011828907431044046,0.03331508831016939,0.4751809409416261
4,3.045,0.48205365447786097,0.0011634015495740624,0.03288583605004698,0.4732245336759657
4,3.05,0.4800611941616276,0.0011442068310226977,0.032462476367066055,0.4712685665510628
4,3.0549999999999997,0.47806923189717665,0.0011253026106455783,0.032044930798642186,0.4693130883553855
4,3.0600000000000005,0.47607781734589294,0.0011066849574092451,0.03163312179595457,0.46735814784076196
4,3.0650000000000004,0.47408700012812605,0.0010883499856508294,0.031226972715866087,0.46540379371873497
4,3.0700000000000003,0.47209682981947876,0.0010702938546789226,0.03082640781287445,0.4634500746569192
4,3.075,0.4701073559471052,0.0010525127683760653,0.030431352231095887,0.46149703927536656
4,3.08,0.4681186279860126,0.0010350029748028417,0.03004173199628103,0.4595447361429366
4,3.085,0.4661306953553708,0.0010177607658036273,0.029657474007863886,0.4575932137736728
4,3.09,0.46414360741482796,0.0010007824766140115,0.02927850603104451,0.4556425206231861
4,3.0949999999999998,0.4621574134608338,0.0009840644854699021,0.028904756688905325,0.453692705085046
4,3.0999999999999996,0.4601721627229712,0.0009676032132183563,0.028536155454562184,0.4517438154871787
4,3.1050000000000004,0.4581879043602952,0.0009513951229301497,0.028172632643350296,0.44979590008827364
4,3.1100000000000003,0.45620468745768306,0.0009354367195140976,0.027814119405045332,0.44784900707420033
4,3.115,0.45422256102218966,0.0009197245493331581,0.027460547716120293,0.4459031845544304
4,3.12,0.4522415739794161,0.0009042551998223395,0.027111850372038664,0.4439584805584731
4,3.125,0.4502617751698871,0.0008890252991084321,0.026767960979584216,0.44201494303231875
4,3.13,0.4482832133454389,0.0008740315156315678,0.026428813949227505,0.4400726198348932
4,3.135,0.4463059371656184,0.0008592705577686443,0.026094344487529883,0.43813155873452225
4,3.1399999999999997,0.4443299951940937,0.0008447391734586283,0.02576448858958527,0.436191807405409
4,3.1450000000000005,0.4423554358950763,0.0008304341498297374,0.02543918303149968,0.43425341342412066
4,3.1500000000000004,0.44038230762975733,0.0008163523128285604,0.025118365362909782,0.4323164242660905
4,3.1550000000000002,0.438410658652753,0.0008024905268510631,0.024801973899539302,0.4303808873021287
4,3.16,0.4364405371085671,0.0007888456943755722,0.024489947715795272,0.4284468497949489
4,3.165,0.4344719910280648,0.0007754147555976985,0.024182226637403312,0.42651435889570743
4,3.17,0.4325050683249616,0.0007621946880672346,0.023878751234082576,0.4245834616405562
4,3.175,0.4305398167923264,0.000749182506327042,0.023579462812260824,0.42265420494720973
4,3.1799999999999997,0.4285762840990994,0.0007363752615539312,0.023284303407829533,0.4207266356115271
4,3.1850000000000005,0.4266145177866254,0.0007237700412015597,0.02299321577893967,0.4188008003041085
4,3.1900000000000004,0.4246545652652044,0.0007113639686453621,0.022706143398838422,0.41687674556690946
4,3.1950000000000003,0.4226964738106548,0.0006991542028294929,0.022423030448746363,0.4149545178098664
4,3.2,0.4207402905608969,0.0006871379379158471,0.022143821810776565,0.4130341633075434
4,3.205,0.4187860625125518,0.000675312402935124,0.021868463060894815,0.41111572819579284
4,3.21,0.41683383651755773,0.0006636748614399672,0.021596900461921698,0.4091992584684339
4,3.215,0.4148836592798043,0.0006522226111601838,0.02132908095657656,0.4072847999739487
4,3.2199999999999998,0.4129355773517855,0.0006409529836600559,0.02106495216056363,0.4053723984121963
4,3.2249999999999996,0.4109896371312705,0.0006298633439977498,0.02080446235570045,0.4034620993311447
4,3.2300000000000004,0.409045884857994,0.0006189510903868344,0.02054756048308883,0.40155394812362155
4,3.2350000000000003,0.40710436661036686,0.0006082136538599199,0.02029419613632854,0.3996479900240855
4,3.24,0.4051651283022041,0.0005976484979344157,0.020044319554773704,0.3977442701054137
4,3.245,0.40322821567947553,0.0005872531182804212,0.019797881616832325,0.3958428332757121
4,3.25,0.4012936743170763,0.0005770250423907659,0.019554833833309027,0.3939437242751453
4,3.255,0.39936154961561754,0.000566961829253179,0.019315128340790865,0.3920469876727857
4,3.26,0.3974318867982396,0.0005570610690246214,0.019078717895076727,0.3901526678634853
4,3.2649999999999997,0.39550473090744614,0.0005473203827077759,0.018845555864650285,0.38826080906476784
4,3.2700000000000005,0.3935801268019603,0.0005377374218296939,0.018615596224196493,0.3863714553137425
4,3.2750000000000004,0.39165811915360504,0.0005283098681226196,0.01838879354816204,0.38448465046404123
4,3.2800000000000002,0.3897387524442027,0.0005190354332069723,0.018165103004359362,0.3826004381827753
4,3.285,0.38782207096250126,0.0005099118582765196,0.017944480347614887,0.38071886194751775
4,3.29,0.38590811880112263,0.0005009369137857222,0.01772688191346118,0.37883996504330764
4,3.295,0.38399693985353456,0.0004921083991392656,0.01751226461187322,0.37696379055967755
4,3.3,0.38208857781104744,0.00048342414238377744,0.01730058592104882,0.37509038138770506
4,3.3049999999999997,0.38018307615983504,0.00047488199990173245,0.017091803881233315,0.37321978021708835
4,3.3100000000000005,0.3782804781779805,0.0004664798561075482,0.016885877088588422,0.3713520295332462
4,3.3150000000000004,0.3763808269325485,0.00045821562314588465,0.016682764689105747,0.36948717161444367
4,3.3200000000000003,0.3744841652766798,0.00045008724059211654,0.016482426372564085,0.36762524852894024
4,3.325,0.3725905358467159,0.00044209267515502113,0.016284822366531643,0.36576630213216665
4,3.33,0.37069998105934643,0.0004342299203816554,0.016089913430412404,0.3639103740639248
4,3.335,0.3688125431087852,0.00042649699636442706,0.01589766084953696,0.3620575057456156
4,3.34,0.366928263963972,0.0004188919494503698,0.015708026429297826,0.360207738377492
4,3.3449999999999998,0.3650471853658017,0.0004114128519526078,0.015520972489329139,0.35836111293593853
4,3.3500000000000005,0.3631693488243807,0.00040405780186402,0.015336461857730733,0.3565176701707782
4,3.3550000000000004,0.3612947956163127,0.0003968249225731061,0.015154457865336915,0.3546774506026083
4,3.3600000000000003,0.3594235667820086,0.0003897123625820309,0.01497492434002915,0.35284049452015914
4,3.365,0.35755570312302914,0.00038271829522687695,0.014797825601093585,0.35100684197768567
4,3.37,0.3556912451994532,0.0003758409184000827,0.014623126453622718,0.3491765327923836
4,3.375,0.3538302333272762,0.0003690784542750669,0.014450792182961362,0.34734960654183566
4,3.38,0.35197270757583726,0.00036242914903304377,0.01428078854919696,0.3455261025614863
4,3.385,0.35011870776527576,0.00035589127259201927,0.01411308178169406,0.34370605994214404
4,3.3899999999999997,0.34826827346401773,0.0003494631183379716,0.013947638573673028,0.3418895175275144
4,3.3950000000000005,0.3464214439862915,0.00034314300285820317,0.01378442607683273,0.34007651391176125
4,3.4000000000000004,0.3445782583896757,0.0003369292656768799,0.013623411896017575,0.33826708743709916
4,3.4050000000000002,0.3427387554726737,0.0003308202689927216,0.013464564083928052,0.33646127619141236
4,3.41,0.34090297377232254,0.00032481439741887747,0.013307851135875622,0.3346591180059082
4,3.415,0.3390709515618312,0.0003189100577249528,0.01315324198458118,0.3328606504527976
4,3.42,0.3372427268482495,0.00031310567858119963,0.01300070599501736,0.33106591084300746
4,3.425,0.3354183373701696,0.0003073997103048562,0.012850212959294418,0.32927493622392373
4,3.4299999999999997,0.33359782059545773,0.00030179062460863724,0.012701733091589725,0.3274877633771654
4,3.4350000000000005,0.3317812137190189,0.00029627691435136523,0.012555237023120657,0.32570442881638917
4,3.4400000000000004,0.3299685536605935,0.0002908570932907428,0.012410695797160911,0.32392496878512705
4,3.4450000000000003,0.32815987706258465,0.0002855296958382507,0.012268080864099945,0.3221494192546536
4,3.45,0.32635522028791997,0.00028029327681617744,0.012127364076545626,0.3203778159218864
4,3.455,0.3245546194179446,0.0002751464112167654,0.011988517684469865,0.318610194207318
4,3.46,0.32275811025034773,0.0002700876939634741,0.011851514330397167,0.31684658925298026
4,3.465,0.32096572829712205,0.00026511573967434425,0.011716327044635839,0.3150870359204413
4,3.4699999999999998,0.3191775087825559,0.0002602291824274667,0.011582929240551904,0.31333156878883434
4,3.4750000000000005,0.3173934866412589,0.00025542667552854364,0.011451294709885481,0.31158022215291953
4,3.4800000000000004,0.3156136965162224,0.0002507068912805372,0.011321397618109581,0.3098330300211799
4,3.4850000000000003,0.31383817275691106,0.00024606852075539226,0.011193212499830959,0.3080900261139479
4,3.49,0.31206694941739044,0.00024151027356783604,0.011066714254233173,0.3063512438615673
4,3.495,0.31030006025448775,0.00023703087765123746,0.01094187814056148,0.30461671640258775
4,3.5,0.3085375387259869,0.00023262907903552502,0.010818679773649528,0.30288647658199247
4,3.505,0.30677941798885766,0.0002283036416271504,0.010697095119487618,0.3011605569494604
4,3.51,0.3050257308975195,0.00022405334699109302,0.010577100490832428,0.2994389897576614
4,3.5149999999999997,0.3032765100021397,0.0002198769941348942,0.01045867254285798,0.2977218069605858
4,3.5200000000000005,0.301531787546966,0.00021577339929471692,0.010341788268847765,0.2960090402119076
4,3.5250000000000004,0.2997915954686958,0.00021174139572341754,0.0102264249959278,0.29430072086338316
4,3.5300000000000002,0.29805596539487633,0.000207779833480621,0.010112560380840335,0.29259687996328115
4,3.535,0.2963249286423444,0.0002038875792247969,0.010000172405758328,0.29089754825485054
4,3.54,0.294598516215698,0.0002000635160073201,0.009889239374140215,0.28920275617482055
4,3.545,0.2928767588058051,0.00019630654306850877,0.009779739906624906,0.2875125338519363
4,3.55,0.2911596867883464,0.00019261557563563333,0.009671652936966882,0.28582691110552866
4,3.5549999999999997,0.28944733022239433,0.00018898954472288193,0.009564957708011067,0.2841459174441189
4,3.5600000000000005,0.2877397188490268,0.00018542739693327737,0.009459633767707417,0.2824695820640583
4,3.5650000000000004,0.2860368820899786,0.00018192809426253534,0.009355660965165028,0.2807979338482038
4,3.5700000000000003,0.28433884904632406,0.0001784906139048469,0.009253019446745323,0.2791310013646251
4,3.575,0.28264564849720064,0.00017511394806058708,0.009151689652194542,0.2774688128653514
4,3.58,0.2809573088985643,0.0001717971037459305,0.009051652310814978,0.27581139628514967
4,3.585,0.27927385838198304,0.00016853910260436773,0.008952888437674928,0.27415877924034043
4,3.59,0.27759532475346493,0.00016533898072010951,0.008855379329857086,0.2725109890276469
4,3.5949999999999998,0.2759217354923226,0.00016219578843337326,0.008759106562745249,0.27086805262308067
4,3.6000000000000005,0.27425311775007344,0.0001591085901575332,0.008664051986348982,0.2692299966808619
4,3.6050000000000004,0.27258949834937696,0.0001560764641981361,0.008570197721666298,0.26759684753237584
4,3.6100000000000003,0.2709309037830056,0.0001530985025737548,0.008477526157083732,0.26596863118516295
4,3.615,0.2692773602128539,0.00015017381083868615,0.008386019944814027,0.2643453733219461
4,3.62,0.267628893468983,0.00014730150790747234,0.008295661997370956,0.2627270992996923
4,3.625,0.26598552904870054,0.00014448072588123552,0.008206435484081098,0.2611138341487098
4,3.63,0.2643472921156776,0.00014171060987581906,0.008118323827632416,0.259505602571781
4,3.635,0.2627142074991009,0.00013899031785171952,0.008031310700659374,0.25790242894333026
4,3.6399999999999997,0.2610862996928617,0.000136319020445802,0.007945380022364357,0.25630433730862756
4,3.6450000000000005,0.2594635928547796,0.00013369590080478442,0.007860515955175186,0.25471135138302675
4,3.6500000000000004,0.2578461108058646,0.00013112015442048433,0.0077767029014385695,0.2531234945512407
4,3.6550000000000002,0.2562338770296121,0.00012859098896680915,0.007693925500149089,0.2515407898666497
4,3.66,0.2546269146713361,0.00012610762413848634,0.00761216862371368,0.2499632600506466
4,3.665,0.2530252465375379,0.00012366929149152026,0.007531417374751332,0.24839092749201694
4,3.67,0.2514288950953102,0.00012127523428535768,0.00745165708292765,0.24682381424635444
4,3.675,0.24983788247177707,0.00011892470732676075,0.00737287330182422,0.24526194203551077
4,3.6799999999999997,0.2482522304535706,0.00011661697681536813,0.007295051805842466,0.24370533224708185
4,3.6850000000000005,0.24667196048634182,0.00011435132019093589,0.007218178587141736,0.24215400593392805
4,3.6900000000000004,0.24509709367430932,0.0001121270259822469,0.007142239852611479,0.24060798381373066
4,3.6950000000000003,0.2435276507798409,0.00010994339365767365,0.007067222020877137,0.23906728626858148
4,3.7,0.24196365222307298,0.00010779973347738823,0.006993111719339677,0.23753193334460912
4,3.705,0.24040511808156456,0.00010569536634720265,0.006919895781248401,0.2360019447516393
4,3.71,0.2388520680899867,0.00010362962367403115,0.0068475612428068764,0.23447733986288996
4,3.715,0.2373045216398474,0.00010160184722296009,0.0067760953403116905,0.23295813771470122
4,3.7199999999999998,0.23576249777925123,9.961138897591671e-05,0.006705485507323841,0.23144435700629953
4,3.7250000000000005,0.2342260152126947,9.765761099192097e-05,0.0066357193718724755,0.2299360160995966
4,3.7300000000000004,0.2326950923008973,9.57398852689142e-05,0.006566784753690852,0.22843313301902365
4,3.7350000000000003,0.2311697470606648,9.385759360714439e-05,0.0064986696614840415,0.22693572545139704
4,3.74,0.22964999716479056,9.201012747410539e-05,0.006431362290228438,0.22544381074582176
4,3.745,0.22813585994198965,9.019688787101254e-05,0.006364851018502624,0.2239574059136263
4,3.75,0.2266273523768682,8.841728520080377e-05,0.006299124405849424,0.222476527628333
4,3.755,0.22512449110992705,8.667073913765503e-05,0.006234171190168888,0.22100119222566128
4,3.76,0.2236272924375995,8.49566784979979e-05,0.006169980285141988,0.21953141570356483
4,3.7649999999999997,0.22213577231232395,8.3274541113027e-05,0.006106540777684759,0.21806721372230298
4,3.7700000000000005,0.2206499463426495,8.162377370268582e-05,0.006043841925432654,0.21660860160454423
4,3.7750000000000004,0.21916982979337735,8.000383175112072e-05,0.005981873154254939,0.2151555943355053
4,3.7800000000000002,0.217695437585733,7.841417938358485e-05,0.0059206240557986844,0.21370820656311984
4,3.785,0.21622678429757547,7.685428924478946e-05,0.005860084385062403,0.21226645259824414
4,3.79,0.21476388416363712,7.532364237868319e-05,0.005800244057998833,0.21083034641489232
4,3.795,0.21330675107579872,7.382172810965105e-05,0.005741093149146802,0.20939990165050645
4,3.8,0.21185539858339675,7.234804392511998e-05,0.005682621889291832,0.20797513160625833
4,3.8049999999999997,0.21040983989356377,7.090209535955935e-05,0.005624820663155271,0.2065560492473834
4,3.8100000000000005,0.20897008787160143,6.948339587986486e-05,0.005567680007111729,0.20514266720354715
4,3.8150000000000004,0.20753615504138767,6.80914667721152e-05,0.005511190606934615,0.20373499776924467
4,3.8200000000000003,0.20610805358581297,6.67258370296845e-05,0.005455343295569355,0.20233305290422898
4,3.825,0.20468579534725256,6.538604324270685e-05,0.005400129050934335,0.2009368442339748
4,3.83,0.2032693918280684,6.407162948887441e-05,0.00534553899374908,0.19954638305017075
4,3.835,0.20185885419114374,6.278214722556049e-05,0.005291564385389573,0.19816168031124493
4,3.84,0.20045419326044972,6.151715518325519e-05,0.0052381966257704325,0.19678274664292048
4,3.8449999999999998,0.1990554195216424,6.0276219260301806e-05,0.005185427251253679,0.19540959233880198
4,3.8500000000000005,0.19766254312269227,5.9058912418922374e-05,0.005133247932583915,0.19404222736099333
4,3.8550000000000004,0.1962755738745443,5.786481458252196e-05,0.005081650472849674,0.19268066134074585
4,3.8600000000000003,0.19489452125180823,5.669351253425653e-05,0.00503062680547061,0.19132490357913567
4,3.865,0.19351939439348054,5.554459981685771e-05,0.004980168992210428,0.1899749630477728
4,3.87,0.19215020210369615,5.4417676633699595e-05,0.00493026922121524,0.18863084838953872
4,3.875,0.19078695285251068,5.331234975109624e-05,0.004880919805077117,0.18729256791935464
4,3.88,0.18942965477671214,5.222823240182007e-05,0.004832113178922608,0.18596012962497807
4,3.885,0.18807831568066335,5.1164944189828644e-05,0.004783841898526043,0.18463354116782996
4,3.8899999999999997,0.18673294303717275,5.012211099618835e-05,0.004736098638447299,0.1833128098838495
4,3.8950000000000005,0.18539354398839442,4.909936488618379e-05,0.0046888761901938405,0.1819979427843776
4,3.9000000000000004,0.18406012534675936,4.8096344017602614e-05,0.004642167460406887,0.18068894655707127
4,3.9050000000000002,0.18273269359593186,4.711269255018199e-05,0.004595965469071274,0.17938582756684235
4,3.91,0.1814112548917972,4.614806055620875e-05,0.004550263347748995,0.1780885918568272
4,3.915,0.18009581506347694,4.520210393225948e-05,0.0045050543378360825,0.1767972451493832
4,3.92,0.17878637961437172,4.4274484312070743e-05,0.004460331788842608,0.1755117928471128
4,3.925,0.1774829537232323,4.336486898052778e-05,0.00441608915669559,0.17423224003391452
4,3.9299999999999997,0.176185542245258,4.247293078876114e-05,0.004372320002064608,0.17295859147606168
4,3.9350000000000005,0.1748941497132218,4.1598348070339916e-05,0.004329017988709828,0.17169085162330663
4,3.9400000000000004,0.17360878033862448,4.0740804558550594e-05,0.00428617688185233,0.1704290246100138
4,3.9450000000000003,0.17232943801287182,3.989998930475083e-05,0.004243790546566358,0.16917311425631534
4,3.95,0.17105612630848183,3.9075596597787456e-05,0.00420185294619343,0.16792312406929644
4,3.955,0.16978884848031606,3.8267325884467786e-05,0.004160358140777988,0.16667905724420368
4,3.96,0.16852760746683781,3.747488169107342e-05,0.004119300285524403,0.16544091666568053
4,3.965,0.16727240589139514,3.6697973545905876e-05,0.004078673629275102,0.1642087049090268
4,3.9699999999999998,0.1660232460635297,3.593631590285382e-05,0.0040384725130096135,0.1629824242414834
4,3.9750000000000005,0.16478012998031027,3.518962806597056e-05,0.003998691368364298,0.16176207662354153
4,3.9800000000000004,0.16354305932769225,3.4457634115052966e-05,0.003959324716172603,0.16054766371027718
4,3.9850000000000003,0.1623120354818992,3.374006283220831e-05,0.003920367165025506,0.1593391868527076
4,3.99,0.1610870595108309,3.3036647629402356e-05,0.0038818134098520776,0.1581366470991732
4,3.995,0.15986813217549406,3.234712647697588e-05,0.0038436582305198595,0.15694004519674243
4,4.0,0.15865525393145707,3.167124183311986e-05,0.003805896490454877,0.15574938159263962
4,4.005,0.1574484249303279,3.1008740574299834e-05,0.003768523135281069,0.15456465643569597
4,4.01,0.15624764502125466,3.0359373926618173e-05,0.003731533191478924,0.15338586957782252
4,4.015,0.15505291375244967,2.9722897398105788e-05,0.0036949217650631473,0.15221302057550642
4,4.0200000000000005,0.15386423037273478,2.9099070711930882e-05,0.003658684040279075,0.15104610869132773
4,4.025,0.15268159383311025,2.8487657740518047e-05,0.0036228152783177557,0.14988513289549993
4,4.03,0.15150500278834367,2.7888426440563852e-05,0.003587310816049339,0.14873009186742933
4,4.035,0.15033445559858144,2.730114878894288e-05,0.003552166064774708,0.14758098399729727
4,4.04,0.1491699503309814,2.6725600719492032e-05,0.0035173765089950787,0.1464378073876629
4,4.045,0.14801148476136605,2.6161562060664127e-05,0.0034829377051993904,0.14530055985508597
4,4.05,0.14685905637589597,2.560881647404149e-05,0.003448845280669268,0.14416923893176953
4,4.055,0.1457126623727642,2.50671513936993e-05,0.0034150949323013963,0.14304384186722358
4,4.0600000000000005,0.14457229966390944,2.4536357966409702e-05,0.0033816824254470548,0.14192436562994662
4,4.065,0.14343796487675092,2.401623099267722e-05,0.0033486035927687095,0.1408108069091288
4,4.07,0.14230965435593923,2.350656886859558e-05,0.0033158543331133243,0.1397031621163709
4,4.075,0.14118736416512895,2.300717352851698e-05,0.003283430610402349,0.13860142738742406
4,4.08,0.140071090088769,2.2517850388525404e-05,0.0032513284525381176,0.13750559858394776
4,4.085,0.13896082763391104,2.2038408290702654e-05,0.00321954395032646,0.1364156712952849
4,4.09,0.1378565720320355,2.1568659448180572e-05,0.003188073256415358,0.13533164084025434
4,4.095,0.13675831824089651,2.1108419390968224e-05,0.003156912584249475,0.1342535022689622
4,4.1000000000000005,0.1356660609463825,2.0657506912546683e-05,0.003126058207040333,0.13318125036462827
4,4.105,0.13457979456439606,2.021574401722146e-05,0.003095506456752006,0.13211487964543142
4,4.11,0.13349951324274717,1.9782955868224025e-05,0.003065253723102059,0.1310543843663682
4,4.115,0.13242521086306613,1.9358970736554057e-05,0.0030352964525776726,0.12999975852113088
4,4.12,0.1313568810427307,1.8943619950553226e-05,0.0030056311474666673,0.1289509958439989
4,4.125,0.13029451713680879,1.8536737846201994e-05,0.002976254364903292,0.1279080898117464
4,4.13,0.12923811224001786,1.813816171813092e-05,0.002947162715928613,0.1268710336455655
4,4.135,0.1281876591886975,1.774773177133809e-05,0.002918352864565285,0.12583982031300284
4,4.14,0.12714315056279835,1.7365291073604036e-05,0.0028898215269065755,0.1248144425299119
4,4.1450000000000005,0.12610457868788438,1.6990685508595833e-05,0.0028615654702194323,0.12379489276241896
4,4.15,0.1250719356371502,1.6623763729652213e-05,0.0028335815120614553,0.12278116322890309
4,4.155,0.1240452132334503,1.6264377114241112e-05,0.002805866519411544,0.12177324590198843
4,4.16,0.12302440305134338,1.5912379719082166e-05,0.0027784174078141297,0.12077113251055102
4,4.165,0.12200949641914921,1.5567628235925272e-05,0.0027512311405367713,0.11977481454173798
4,4.17,0.12100048442101824,1.5229981947977883e-05,0.002724304727740963,0.11878428324299926
4,4.175,0.11999735789901256,1.4899302686972503e-05,0.002697635225665962,0.11779952962413043
4,4.18,0.11900010745520079,1.4575454790867043e-05,0.0026712197358255392,0.11682054445932921
4,4.1850000000000005,0.11800872345376301,1.4258305062169654e-05,0.00264505540421741,0.11584731828926192
4,4.19,0.11702319602310868,1.3947722726881202e-05,0.0026191394205452596,0.11487984142314248
4,4.195,0.11604351505800325,1.3643579394046204e-05,0.0025934690174531086,0.11391810394082014
4,4.2,0.11506967022170828,1.334574901590631e-05,0.0025680414697719736,0.11296209569488046
4,4.205,0.11410165094812963,1.3054107848647624e-05,0.0025428540937785724,0.11201180631275408
4,4.21,0.11313944644397739,1.2768534413734933e-05,0.002517904246465972,0.11106722519883706
4,4.215,0.11218304569093435,1.248890945982519e-05,0.0024931893248259945,0.11012834153661971
4,4.22,0.11123243744783473,1.2215115925253025e-05,0.00246870676514325,0.10919514429082543
4,4.2250000000000005,0.11028761025285116,1.1947038901080935e-05,0.0024444540423006205,0.10826762220955749
4,4.23,0.10934855242569186,1.1684565594707383e-05,0.0024204286690960907,0.10734576382645612
4,4.235,0.10841525206980396,1.1427585294024629e-05,0.0023966281955706916,0.10642955746286142
4,4.24,0.10748769707458689,1.1175989332120529e-05,0.002373050208347506,0.10551899122998624
4,4.245,0.10656587511761301,1.0929671052516423e-05,0.002349692329981538,0.10461405303109603
4,4.25,0.10564977366685535,1.0688525774934402e-05,0.0023265522183202967,0.10371473056369594
4,4.255,0.10473937998292232,1.0452450761587262e-05,0.00230362756587496,0.10282101132172444
4,4.26,0.10383468112130045,1.0221345183984062e-05,0.0022809160992020108,0.10193288259775513
4,4.265,0.1029356639346019,9.995110090244827e-06,0.00225841557829513,0.10105033148520295
4,4.2700000000000005,0.10204231507481903,9.77364837291755e-06,0.0022361237959872735,0.10017334488053756
4,4.275,0.10115462099558575,9.556864737290947e-06,0.0022140385773627884,0.09930190948550321
4,4.28,0.100272567954442,9.34466567019634e-06,0.002192157779179363,0.09843601180934178
4,4.285,0.09939614201510566,9.13695940929261e-06,0.0021704792892997793,0.09757563817102308
4,4.29,0.09852532904974787,8.93365591282699e-06,0.0021490010261332407,0.09672077470147844
4,4.295,0.09766011474127456,8.734666829866315e-06,0.0021277209380862203,0.09587140734584051
4,4.3,0.09680048458561041,8.539905470991794e-06,0.0021066370030226244,0.0950275218656854
4,4.305,0.09594642389398772,8.349286779451295e-06,0.0020857472277331915,0.09418910384127956
4,4.3100000000000005,0.09509791779523896,8.16272730276304e-06,0.002065049647413985,0.0933561386738304
4,4.315,0.09425495123809274,7.980145164764676e-06,0.002044542325153853,0.09252861158774017
4,4.32,0.09341750899347179,7.80146003810134e-06,0.002024223351430701,0.09170650763286188
4,4.325,0.09258557565679493,7.626593117147347e-06,0.0020040908436165026,0.09088981168675911
4,4.33,0.09175913565028077,7.455467091355119e-06,0.001984142945490891,0.09007850845696748
4,4.335,0.090938173225254,7.288006119025765e-06,0.001964377826763215,0.08927258248325874
4,4.34,0.09012267246445249,7.124135801495341e-06,0.0019447936826029269,0.08847201813990557
4,4.345,0.08931261728433715,6.963783157731437e-06,0.001925388733178217,0.0876767996379492
4,4.3500000000000005,0.08850799143740201,6.806876599334031e-06,0.001906161223202734,0.08688691102746708
4,4.355,0.08770877851448605,6.6533459059353195e-06,0.001887109421490309,0.08610233619984248
4,4.36,0.08691496194708503,6.503122200992781e-06,0.0018682316205175364,0.08532305889003387
4,4.365,0.08612652500966322,6.356137927970276e-06,0.0018495261359941105,0.08454906267884443
4,4.37,0.08534345082196698,6.212326826901502e-06,0.0018309913064408316,0.08378033099519314
4,4.375,0.08456572235133569,6.071623911330599e-06,0.0018126254927750992,0.08301684711838343
4,4.38,0.08379332241501436,5.933965445624664e-06,0.001794427077903868,0.08225859418037346
4,4.385,0.08302623368246331,5.799288922652822e-06,0.0017763944663238696,0.08150555516804345
4,4.39,0.08226443867766897,5.667533041826736e-06,0.0017585260837290778,0.08075771292546417
4,4.3950000000000005,0.08150791978145128,5.53863768749749e-06,0.0017408203766252255,0.08001505015616212
4,4.4,0.08075665923377101,5.412543907703841e-06,0.0017232758119513432,0.07927754942538452
4,4.405,0.08001063913603362,5.289193893266518e-06,0.0017058908767081373,0.07854519316236104
4,4.41,0.07926984145339239,5.168530957224129e-06,0.0016886640775931857,0.07781796366256467
4,4.415,0.07853424801704807,5.050499514605439e-06,0.0016715939406427782,0.07709584308996938
4,4.42,0.07780384052654638,4.935045062533269e-06,0.0016546790108803425,0.07637881347930534
4,4.425,0.07707860055207189,4.822114160655337e-06,0.0016379178519713314,0.075666856738311
4,4.43,0.07635850953673913,4.711654411897232e-06,0.0016213090458844894,0.07495995464998212
4,4.4350000000000005,0.07564354879887983,4.603614443532851e-06,0.001604851192559383,0.07425808887481708
4,4.44,0.07493369953432696,4.4979438885679006e-06,0.0015885429095801261,0.0735612409530592
4,4.445,0.07422894281869356,4.394593367431495e-06,0.0015723828318551527,0.07286939230693376
4,4.45,0.0735292596096483,4.293514469971858e-06,0.0015563696113030038,0.0721825242428819
4,4.455,0.07283463074918609,4.194659737751314e-06,0.0015405019165439932,0.0715006179537896
4,4.46,0.07214503696589378,4.097982646636349e-06,0.0015247784325976698,0.07082365452121199
4,4.465,0.071460458877211,4.003437589678332e-06,0.0015091978605859932,0.07015161491759267
4,4.47,0.07078087699168559,3.910979860280697e-06,0.00149375891744212,0.06948448000847787
4,4.4750000000000005,0.07010627171122309,3.820565635648233e-06,0.0014784603356247136,0.06882223055472476
4,4.48,0.06943662333333167,3.7321519605144754e-06,0.0014633008628377126,0.06816484721470523
4,4.485,0.06877191205335917,3.6456967311428167e-06,0.0014482792617554168,0.06751231054650197
4,4.49,0.06811211796672541,3.5611586795975475e-06,0.0014333943097528672,0.06686460101009992
4,4.495,0.06745722107114747,3.4784973582806057e-06,0.0014186447986413958,0.06622169896957075
4,4.5,0.06680720126885807,3.3976731247300535e-06,0.001404029534409268,0.06558358469525061
4,4.505,0.06616203836881716,3.3186471266764875e-06,0.0013895473369673395,0.06495023836591127
4,4.51,0.06552171208891654,3.2413812873533843e-06,0.0013751970398996516,0.06432164007092427
4,4.515,0.06488620205817658,3.165838291057594e-06,0.0013609774902188622,0.06369776981241752
4,4.5200000000000005,0.06425548781893578,3.091981568956168e-06,0.00134688754812646,0.06307860750742464
4,4.525,0.0636295488290326,3.019775285135868e-06,0.001332926086777667,0.062464132990026906
4,4.53,0.06300836446397841,2.9491843228915112e-06,0.0013190919920509406,0.06185432601348638
4,4.535,0.062391914019123085,2.880174271249704e-06,0.001305384162322031,0.061249166252371826
4,4.54,0.061780176711811886,2.812711411724209e-06,0.0012918015082424873,0.06064863330467611
4,4.545,0.061173131683533444,2.7467627052994793e-06,0.0012783429525225524,0.06005270669392482
4,4.55,0.06057075800205901,2.6822957796388472e-06,0.0012650074297183645,0.05946136587127635
4,4.555,0.0599730346635729,2.6192789165138883e-06,0.0012517938860234054,0.05887459021761332
4,4.5600000000000005,0.05937994059479295,2.5576810394515143e-06,0.0012387012790641004,0.058292359045624194
4,4.565,0.05879145465508284,2.4974717015955797e-06,0.0012257285776995366,0.05771465160187692
4,4.57,0.05820755563855298,2.4386210737794185e-06,0.0012128747618251725,0.057141447068881315
4,4.575,0.05762822227615312,2.381099932806308e-06,0.0012001388221805325,0.05657272456714336
4,4.58,0.057053433237754185,2.324879649934408e-06,0.0011875197601607732,0.05600846315720894
4,4.585,0.05648316713422019,2.269932179563102e-06,0.0011750165876320746,0.05544864184169776
4,4.59,0.055917402519469465,2.21623004811754e-06,0.0011626283267507777,0.05489323956732684
4,4.595,0.05535611789252568,2.1637463431282584e-06,0.0011503540097862162,0.054342235226923954
4,4.6000000000000005,0.05479929169955793,2.112454702502842e-06,0.0011381926789471655,0.0537956076614304
4,4.605,0.054246902335910355,2.0623293039866314e-06,0.00112614338621186,0.053253335661893365
4,4.61,0.05369892814811966,2.0133448548093355e-06,0.0011142051931614836,0.0527153979714466
4,4.615,0.053155347435922776,1.9654765815147963e-06,0.0011023771708171212,0.052181773287281186
4,4.62,0.05261613845425206,1.918700219970894e-06,0.0010906583994800597,0.05165244026260432
4,4.625,0.05208127941521953,1.8729920055567059e-06,0.0010790479685754135,0.051127377508587084
4,4.63,0.051550748490089365,1.8283286635241601e-06,0.001067544976499,0.05060656359630091
4,4.635,0.05102452381123815,1.7846873995313278e-06,0.001056148530467399,0.05008997705864187
4,4.64,0.05050258347410374,1.742045890344657e-06,0.001044857746371161,0.049577596392243885
4,4.6450000000000005,0.0499849055391213,1.700382274707371e-06,0.0010336717486310793,0.04906940005937925
4,4.65,0.049471468033648054,1.6596751443714555e-06,0.0010225896700575027,0.04856536648984819
4,4.655,0.04896224895387424,1.6199035352904353e-06,0.0010116106517125878,0.04806547408285476
4,4.66,0.04845722626672279,1.5810469189705068e-06,0.0010007338427754865,0.047569701208871794
4,4.665,0.04795637791173565,1.5430851939773533e-06,0.0009899584004103806,0.04707802621149262
4,4.67,0.04745968180294733,1.5059986775961516e-06,0.0009792834896373177,0.0465904274092703
4,4.675,0.04696711583074583,1.469768097642261e-06,0.000968708283205809,0.04610688309754453
4,4.68,0.04647865786372007,1.434374584420133e-06,0.0009582319614711155,0.04562737155025513
4,4.6850000000000005,0.04599428575049435,1.3997996628280215e-06,0.0009478537122731909,0.045151871021743034
4,4.69,0.04551397732154977,1.366025244606135e-06,0.0009375727308182259,0.04468035974853821
4,4.695,0.04503771039103143,1.3330336207257776e-06,0.0009273882195627297,0.0442128159511339
4,4.7,0.044565462758543006,1.3008074539172771e-06,0.0009172993881001273,0.04374921783574819
4,4.705,0.04409721221092707,1.2693297713343186e-06,0.0009073054530498012,0.043289543596071844
4,4.71,0.0436329365240319,1.2385839573524676e-06,0.0008974056379485403,0.04283377141500266
4,4.715,0.043172613464464375,1.2085537464996517e-06,0.0008875991731443504,0.04238187946636633
4,4.72,0.042716220791328946,1.1792232165163951e-06,0.0008778852956925765,0.04193384591662352
4,4.7250000000000005,0.042263736257952406,1.1505767815436605e-06,0.0008682632492542904,0.04148964892656304
4,4.73,0.041815137613594906,1.1225991854361705e-06,0.0008587322839969129,0.04104926665298157
4,4.735,0.04137040260514606,1.0952754951990702e-06,0.0008492916564969986,0.04061267725034865
4,4.74,0.040929508978807344,1.0685910945459321e-06,0.0008399406296451747,0.04017985887245829
4,4.745,0.040492434481759765,1.0425316775760006e-06,0.0008306784725531639,0.03975078967406612
4,4.75,0.040059156863817086,1.0170832425687032e-06,0.0008215044604628645,0.03932544781251225
4,4.755,0.039629653879064544,9.922320858934455e-07,0.0008124178746574419,0.03890381144933007
4,4.76,0.03920390328748265,9.679647960327303e-07,0.000803418002374387,0.03848585875184025
4,4.765,0.038781882856556774,9.442682477166919e-07,0.0007945041367205149,0.03807156789473089
4,4.7700000000000005,0.038363570362871184,9.211295961671379e-07,0.0007856755765888431,0.037660917061622286
4,4.775,0.037948943593689076,8.985362714492716e-07,0.0007769316265773379,0.03725388444661812
4,4.78,0.03753798034851676,8.764759729292019e-07,0.0007682715969094608,0.03685044825584092
4,4.785,0.03713065844065356,8.549366638354879e-07,0.0007596948033565043,0.03645058670895361
4,4.79,0.03672695569872628,8.339065659229096e-07,0.0007512005671616653,0.03605427804066587
4,4.795,0.036326849968208716,8.1337415423671e-07,0.0007427882149658237,0.035661500502225774
4,4.8,0.03593031911292581,7.93328151975595e-07,0.0007344570787349886,0.03527223236289647
4,4.805,0.03553734101654279,7.737575254517716e-07,0.0007262064956893821,0.03488645191141799
4,4.8100000000000005,0.03514789358403877,7.546514791463666e-07,0.0007180358082341198,0.03450413745745385
4,4.815,0.034761954743165485,7.359994508585794e-07,0.0007099443638914642,0.034125267333023145
4,4.82,0.03437950244588998,7.177911069468982e-07,0.0007019315152345986,0.0337498198939167
4,4.825,0.03400051466982242,7.0001633766085e-07,0.0006939966198229123,0.033377773521098844
4,4.83,0.0336249694196283,6.82665252561662e-07,0.000686139040138748,0.03300910662209366
4,4.835,0.03325284472842523,6.657281760302981e-07,0.00067835814352559,0.03264379763235624
4,4.84,0.03288411865916389,6.491956428613339e-07,0.0006706533021276472,0.03228182501662835
4,4.845,0.03251876930599387,6.330583939411857e-07,0.0006630238928308223,0.03192316727027923
4,4.8500000000000005,0.032156774795613664,6.173073720091925e-07,0.0006554692972050169,0.031567802920630855
4,4.855,0.03179811328860525,6.019337175001268e-07,0.0006479889014477574,0.031215710528268093
4,4.86,0.03144276298075267,5.869287644666361e-07,0.0006405820963290969,0.030866868688333146
4,4.865,0.031090702104345436,5.722840365802917e-07,0.0006332482771377829,0.030521256031805038
4,4.87,0.030741908929465954,5.579912432097807e-07,0.0006259868436286506,0.030178851226763496
4,4.875,0.03039636176526137,5.440422755749154e-07,0.0006187971999712142,0.029839632979637515
4,4.88,0.03005403896119979,5.30429202975093e-07,0.0006116787546994382,0.029503580036438503
4,4.885,0.029714918908310645,5.171442690909003e-07,0.0006046309206626491,0.02917067118397801
4,4.89,0.02937898004040945,5.041798883575354e-07,0.0005976531149775726,0.02884088525106998
4,4.8950000000000005,0.029046200835306773,4.915286424087901e-07,0.0005907447589814631,0.028514201109717644
4,4.9,0.028716559816001783,4.791832765903185e-07,0.0005839052781863102,0.028190597676285158
4,4.905,0.028390035551859375,4.671366965409295e-07,0.0005771341022340754,0.02787005391265319
4,4.91,0.028066606659772484,4.5538196484073046e-07,0.0005704306648529675,0.027552548827359948
4,4.915,0.027746251805307872,4.4391229772486425e-07,0.0005637944038147003,0.02723806147672596
4,4.92,0.027428949703836802,4.327210618617004e-07,0.0005572247608927329,0.026926570965964073
4,4.925,0.02711467912164966,4.218017711942861e-07,0.0005507211818214549,0.02661805645027362
4,4.93,0.026803418877054976,4.111480838439295e-07,0.0005442831162563013,0.026312497135919356
4,4.9350000000000005,0.02649514784146282,4.0075379907478443e-07,0.0005379100177347705,0.026009872281294963
4,4.94,0.02618984494045265,3.906128543183254e-07,0.0005316013436383331,0.025710161197971378
4,4.945,0.02588748915482512,3.8071932225661844e-07,0.0005253565551551898,0.02541334325172932
4,4.95,0.02558805952163861,3.710674079633327e-07,0.0005191751172438796,0.02511939786357684
4,4.955,0.025291535135230112,3.61651446101418e-07,0.0005130564985977086,0.024828304510751503
4,4.96,0.024997895148220435,3.5246589817642376e-07,0.0005070001716099737,0.024540042727707184
4,4.965,0.024707118772503898,3.435053498444341e-07,0.0005010056123399698,0.024254592107085648
4,4.97,0.024419185280222543,3.3476450827361606e-07,0.0004950723004797577,0.02397193230067289
4,4.9750000000000005,0.024134074004724716,3.262381995583931e-07,0.000489199719321671,0.02369204302034019
4,4.98,0.023851764341508486,3.1792136618528084e-07,0.0004833873557265517,0.02341490403897023
4,4.985,0.023572235749149146,3.0980906454941414e-07,0.0004776347000926802,0.023140495191367617
4,4.99,0.023295467750211803,3.01896462520848e-07,0.0004719412463254026,0.02286879637515477
4,4.995,0.023021439932148342,2.941788370596946e-07,0.0004663064918074196,0.022599787551652425
4,5.0,0.022750131948179195,2.866515718791933e-07,0.0004607299373697301,0.022333448746745286
4,5.005,0.022481523518159723,2.793101551558238e-07,0.00045521108726320785,0.022069760051732525
4,5.01,0.022215594429431475,2.7215017728558194e-07,0.00044974944913079543,0.021808701624163433
4,5.015000000000001,0.02195232453765817,2.651673286855565e-07,0.0004443445339803008,0.021550253688658122
4,5.0200000000000005,0.02169169376764676,2.5835739763997143e-07,0.0004389958561577819,0.021294396537713537
4,5.025,0.02143368211415297,2.5171626818982844e-07,0.0004337029333214922,0.021041110532494224
4,5.03,0.02117826964267226,2.452399180653697e-07,0.00042846528641639125,0.02079037610360883
4,5.035,0.02092543649021554,2.389244166605307e-07,0.00042328243964918823,0.02054217375187161
4,5.04,0.020675162866070042,2.3276592304859951e-07,0.0004181539204639119,0.020296484049049338
4,5.045,0.020427429052545333,2.2676068403829973e-07,0.00041307925951799185,0.020053287638593674
4,5.05,0.020182215405704394,2.2090503226954316e-07,0.0004080579906588333,0.019812565236358864
4,5.055,0.019939502356080108,2.1519538434808764e-07,0.00040308965090087696,0.01957429763130508
4,5.0600000000000005,0.019699270409376867,2.0962823901836867e-07,0.0003981737804031243,0.019338465686187193
4,5.065,0.019461500147157848,2.04200175373787e-07,0.00039330992244712525,0.019105050338229457
4,5.07,0.01922617222751726,1.989078511037121e-07,0.00038849762341539745,0.018874032599785442
4,5.075,0.018993267385738533,1.9374800077653556e-07,0.00038373643277028583,0.01864539355898417
4,5.08,0.01876276643493775,1.8871743415805952e-07,0.000379025903033233,0.018419114380361767
4,5.085,0.01853465026669295,1.838130345645579e-07,0.0003743655897644588,0.01819517630547922
4,5.09,0.01830889985165897,1.7903175724983385e-07,0.0003697550515430311,0.017973560653525983
4,5.095,0.018085496240168083,1.7437062782563291e-07,0.0003651938499473178,0.017754248821909603
4,5.1000000000000005,0.01786442056281653,1.6982674071475937e-07,0.0003606815495358115,0.0175372222868315
4,5.105,0.017645654031037048,1.6539725763627282e-07,0.00035621771782831375,0.017322462603849037
4,5.11,0.01742917793765706,1.610794061221369e-07,0.00035180192528746145,0.01710995140842344
4,5.115,0.0172149736574434,1.5687047806472442e-07,0.0003474337453006012,0.016899670416454595
4,5.12,0.017003022647632787,1.527678282945655e-07,0.0003431127541619812,0.016691601424801774
4,5.125,0.016793306448448803,1.4876887318776573e-07,0.0003388385310552677,0.016485726311791165
4,5.13,0.01658580668360501,1.4487108930250803e-07,0.0003346106580363644,0.016282027037709746
4,5.135,0.016380505060794533,1.4107201204407605e-07,0.0003304287200165313,0.016080485645285938
4,5.140000000000001,0.016177383372166065,1.3736923435784092e-07,0.000326292304745791,0.015881084260156858
4,5.1450000000000005,0.015976423494786614,1.3376040544966847e-07,0.0003222010027966166,0.015683805091322615
4,5.15,0.015777607391090485,1.3024322953320117e-07,0.00031815440754788305,0.015488630431587049
4,5.155,0.015580917109315454,1.2681546460349944e-07,0.000314152115169087,0.015295542657985932
4,5.16,0.015386334783925445,1.2347492123651642e-07,0.0003101937246048145,0.015104524232201896
4,5.165,0.015193842636020248,1.2021946141390162e-07,0.00030627883755945473,0.014915557700966647
4,5.17,0.015003422973732207,1.1704699737263157e-07,0.00030240705848214933,0.014728625696450389
4,5.175,0.014815058192609913,1.1395549047897993e-07,0.0002985779945519683,0.014543710936638487
4,5.18,0.014628730775989262,1.109429501263461e-07,0.00029479125566330967,0.01436079622569573
4,5.1850000000000005,0.01444442329535147,1.0800743265646448e-07,0.0002910464544115056,0.014179864454317792
4,5.19,0.014262118410668849,1.0514704030354033e-07,0.0002873432060786417,0.014000898600070668
4,5.195,0.01408179887073763,1.0235992016084506e-07,0.0002836811286195663,0.013823881727717416
4,5.2,0.013903447513498595,9.96442631693347e-08,0.0002800598426480952,0.013648796989532886
4,5.205,0.013727047266345301,9.699830312784344e-08,0.0002764789714234003,0.013475627625606335
4,5.21,0.013552581146419983,9.442031572442957e-08,0.00027293814083657376,0.013304356964131887
4,5.215,0.01338003226089734,9.190861758844346e-08,0.0002694369793973639,0.01313496842168713
4,5.22,0.013209383807256284,8.946156536290737e-08,0.0002659751182210766,0.012967445503499885
4,5.2250000000000005,0.013040619073539605,8.707755479679702e-08,0.00026255219101563207,0.012801771803703113
4,5.23,0.012873721438602007,8.475501985682819e-08,0.00025916783406877957,0.012637931005578416
4,5.235,0.012708674372346011,8.249243185834836e-08,0.00025582168623545,0.01247590688178761
4,5.24,0.012545461435946563,8.028829861495867e-08,0.00025251338892525816,0.012315683294593222
4,5.245,0.012384066282063831,7.814116360647827e-08,0.0002492425860901341,0.012157244196067401
4,5.25,0.012224472655044696,7.6049605164887e-08,0.00024600892421208835,0.012000573628289692
4,5.255,0.012066664391112734,7.401223567787687e-08,0.00024281205229109866,0.011845655723533565
4,5.26,0.011910625418547066,7.202770080965955e-08,0.00023965162183311832,0.01169247470444198
4,5.265000000000001,0.011756339757849949,7.009467873867473e-08,0.0002365272868381977,0.0115410148841919
4,5.2700000000000005,0.011603791521903512,6.82118794118619e-08,0.00023343870378871923,0.011391260666648171
4,5.275,0.011452964916115213,6.637804381514687e-08,0.0002303855316377309,0.011243196546506304
4,5.28,0.01130384423855278,6.459194325982485e-08,0.00022736743179738693,0.011096807109424948
4,5.285,0.011156413880068234,6.285237868450556e-08,0.0002243840681274811,0.010952077032147641
4,5.29,0.011010658324411388,6.115817997230578e-08,0.00022143510692407444,0.010808991082614234
4,5.295,0.010866562148332686,5.9508205282974506e-08,0.00021852021690820758,0.010667534120061837
4,5.3,0.010724110021675809,5.790134039964578e-08,0.00021563906921470108,0.010527691095115739
4,5.305,0.0105832867074598,5.6336498089916904e-08,0.0002127913373810325,0.010389447049870024
4,5.3100000000000005,0.01044407706195107,5.481261748095628e-08,0.00020997669733629094,0.010252787117958262
4,5.315,0.010306466034725393,5.332866344835348e-08,0.00020719482739020597,0.010117696524614358
4,5.32,0.010170438668719667,5.1883626018423995e-08,0.00020444540822224145,0.009984160586723379
4,5.325,0.010035980100274053,5.047651978369344e-08,0.00020172812287075925,0.009852164712862911
4,5.33,0.009903075559164245,4.910638333128517e-08,0.000199042656722244,0.009721694403334744
4,5.335,0.009771710368624014,4.777227868394533e-08,0.00019638869750058553,0.009592735250186998
4,5.34,0.00964186994535833,4.6473290753441155e-08,0.00019376593525642036,0.009465272937227008
4,5.345,0.009513539799546927,4.5208526806074344e-08,0.0001911740623565239,0.009339293240024823
4,5.3500000000000005,0.00938670553483856,4.397711594005869e-08,0.00018861277347325357,0.009214782025907574
4,5.355,0.00926135284833617,4.2778208574512135e-08,0.00018608176557404215,0.009091725253944893
4,5.36,0.00913746753057266,4.1610975949819624e-08,0.0001835807379109306,0.008970108974925157
4,5.365,0.009015035465477907,4.0474609639131226e-08,0.000181109392010148,0.008849919331323081
4,5.37,0.008894042630336772,3.9368321070758994e-08,0.0001786674316617292,0.008731142557258516
4,5.375,0.00877447509573836,3.829134106124428e-08,0.00017625456290917086,0.008613764978446625
4,5.38,0.008656319025516543,3.7242919358871034e-08,0.00017387049403912112,0.008497773012139501
4,5.385,0.008539560676681998,3.622232419740533e-08,0.00017151493557110412,0.008383153167059456
4,5.390000000000001,0.008424186399345675,3.522884185984276e-08,0.00016918760024727317,0.008269892043323873
4,5.3950000000000005,0.008310182636634082,3.42617762519556e-08,0.0001668882030221957,0.008157976332362062
4,5.4,0.008197535924596114,3.332044848542845e-08,0.0001646164610526611,0.008047392816823786
4,5.405,0.008086232892101933,3.240419647038171e-08,0.0001623720936875169,0.00793812837047999
4,5.41,0.007976260260733725,3.151237451708216e-08,0.0001601548224575258,0.007830169958115566
4,5.415,0.007867604844668596,3.0644352946644974e-08,0.00015796437106524585,0.0077235046354143895
4,5.42,0.0077602535505536425,2.979951771053627e-08,0.00015580046537492934,0.007618119548836684
4,5.425,0.007654193377373316,2.897727001868776e-08,0.00015366283340243972,0.0075140019354888055
4,5.43,0.007549411416309213,2.817702597603988e-08,0.00015155120530518552,0.007411139122985606
4,5.4350000000000005,0.00744589485059238,2.739821622733244e-08,0.00014946531337206971,0.007309518529305444
4,5.44,0.0073436309553483355,2.66402856099671e-08,0.00014740489201345384,0.007209127662638045
4,5.445,0.007242607097434624,2.590269281476623e-08,0.00014536967775113149,0.007109954121225027
4,5.45,0.007142810735271415,2.518491005446105e-08,0.00014335940920831645,0.00701198559319361
4,5.455,0.007044229418664997,2.448642273974077e-08,0.00014137382709963995,0.006915209856383331
4,5.46,0.006946850788624312,2.3806729162700347e-08,0.00013941267422115699,0.00681961477816595
4,5.465,0.006850662577170646,2.314534018752688e-08,0.0001374756954403597,0.006725188315258623
4,5.47,0.006755652607140651,2.2501778948268542e-08,0.00013556263768619943,0.006631918513530527
4,5.4750000000000005,0.006661808791982686,2.187558055353198e-08,0.0001336732499391133,0.006539793507802936
4,5.48,0.006569119135546751,2.126629179795902e-08,0.00013180728322105824,0.006448801521643003
4,5.485,0.006477571731867839,2.0673470880333502e-08,0.00012996449058554587,0.0063589308671510745
4,5.49,0.006387154764943171,2.00966871281764e-08,0.0001281446271076844,0.006270169944742014
4,5.495,0.006297856508503128,1.9535520728686357e-08,0.0001263474498742217,0.0061825072429203196
4,5.5,0.006209665325776132,1.898956246588768e-08,0.0001245727179735911,0.006095931338049323
4,5.505,0.0061225696692475485,1.845841346384994e-08,0.0001228201924859587,0.006010430894114493
4,5.51,0.006036558080412666,1.7941684935847086e-08,0.00012108963647327155,0.005925994662480957
4,5.515000000000001,0.005951619189523925,1.743899793932495e-08,0.00011938081496930622,0.0058426114816453436
4,5.5200000000000005,0.005867741715332557,1.6949983136550774e-08,0.00011769349496971944,0.005760270276982164
4,5.525,0.005784914464824434,1.6474280560818733e-08,0.00011602744542209383,0.005678960060484494
4,5.53,0.005703126332950689,1.601153938809086e-08,0.00011438243721598784,0.005598669930499533
4,5.535,0.0056223663023528235,1.5561417713951657e-08,0.00011275824317298123,0.005519389071458741
4,5.54,0.005542623443082601,1.5123582335760905e-08,0.00011115463803672053,0.005441106753602867
4,5.545,0.005463886912316763,1.469770853988913e-08,0.00010957139846296226,0.0053638123327018885
4,5.55,0.005386145954066687,1.4283479893922718e-08,0.00010800830300961432,0.005287495249769985
4,5.555,0.0053093898988830785,1.3880588043729905e-08,0.00010646513212677529,0.005212145030775643
4,5.5600000000000005,0.00523360816355578,1.348873251527836e-08,0.00010494166814677086,0.00513775128634696
4,5.565,0.0051587902508088805,1.3107620521100284e-08,0.0001034376952741892,0.005064303711472342
4,5.57,0.005084925748991031,1.2736966771299875e-08,0.0001019529995759112,0.004991792085196485
4,5.575,0.005012004331761333,1.237649328900394e-08,0.00010048736897114097,0.004920206270312021
4,5.58,0.004940015757770645,1.2025929230154907e-08,9.904059322143138e-05,0.004849536213046661
4,5.585,0.004868949870338576,1.1685010707550114e-08,9.76124639207084e-05,0.0047797719427461055
4,5.59,0.004798796597126178,1.1353480619032137e-08,9.62027744852918e-05,0.004710903571552728
4,5.595,0.004729545949804452,1.1031088479737299e-08,9.481132014391421e-05,0.004642921294080158
4,5.6000000000000005,0.00466118802371874,1.0717590258310852e-08,9.343789792773586e-05,0.004575815387083814
4,5.605,0.004593712997549213,1.0412748217000742e-08,9.208230666035994e-05,0.004509576209127617
4,5.61,0.004527111132967318,1.011633075554135e-08,9.074434694784209e-05,0.0044441942002467205
4,5.615,0.004461372774288519,9.828112258743243e-09,8.942382116870006e-05,0.0043796598816066195
4,5.62,0.004396488348121309,9.547872947704263e-09,8.812053346392132e-05,0.004315963855158591
4,5.625,0.004332448363012557,9.275398734560802e-09,8.683428972696767e-05,0.004253096803291531
4,5.63,0.004269243409089351,9.010481080699054e-09,8.55648975937794e-05,0.004191049488480362
4,5.635,0.004206864157697396,8.752916858347557e-09,8.431216643277769e-05,0.004129812752931052
4,5.640000000000001,0.004145301361036034,8.502508215474998e-09,8.307590733486588e-05,0.00406937751822232
4,5.6450000000000005,0.00408454585179007,8.25906244391772e-09,8.185593310343088e-05,0.004009734784944206
4,5.65,0.004024588542758303,8.022391850663474e-09,8.06520582443423e-05,0.003950875632333405
4,5.655,0.003965420426479076,7.79231363222e-09,7.946409895595328e-05,0.003892791217905675
4,5.66,0.003907032574852774,7.568649751997682e-09,7.829187311910039e-05,0.0038354727770852494
4,5.665,0.003849416138761434,7.351226820637755e-09,7.713520028710503e-05,0.003778911622831414
4,5.67,0.0037925623476854887,7.139875979218362e-09,7.599390167577455e-05,0.003723099145262271
4,5.675,0.0037364625093177888,6.934432785273239e-09,7.486780015340554e-05,0.0036680268112758304
4,5.68,0.003681108009174983,6.734737101557496e-09,7.375672023078878e-05,0.0036136861641685065
4,5.6850000000000005,0.003626490310206269,6.540632987499005e-09,7.266048805121561e-05,0.0035600688232510372
4,5.69,0.0035726009523997324,6.3519685932719605e-09,7.157893138048823e-05,0.0035071664834620308
4,5.695,0.0035194315523861706,6.168596056433383e-09,7.051187959693095e-05,0.003454970914979048
4,5.7,0.0034669738030406647,5.99037140106353e-09,6.945916368140654e-05,0.0034034739628274703
4,5.705,0.003415219473081882,5.817154439351528e-09,6.842061620733589e-05,0.0033526675464871413
4,5.71,0.0033641604066691933,5.648808675570948e-09,6.739607133072177e-05,0.003302543659496863
4,5.715,0.00331378852299771,5.485201212388863e-09,6.638536478017773e-05,0.003253094369056852
4,5.72,0.0032640958158913144,5.326202659455508e-09,6.538833384696222e-05,0.003204311815629221
4,5.7250000000000005,0.003215074353393731,5.171687044220388e-09,6.440481737501815e-05,0.0031561882125365408
4,5.73,0.003166716277357788,5.021531724924513e-09,6.343465575101976e-05,0.0031087158455586263
4,5.735,0.0031190138030328346,4.8756173057166516e-09,6.247769089442491e-05,0.0030618870725275076
4,5.74,0.003071959218650488,4.733827553845585e-09,6.153376624753559e-05,0.0030156943229207676
4,5.745,0.0030255448850087514,4.596049318878869e-09,6.0602726765566226e-05,0.0029701300974532743
4,5.75,0.002979763235054555,4.462172453901611e-09,5.9684418906720056e-05,0.0029251869676673696
4,5.755,0.0029346067734648293,4.332089738648076e-09,5.8778690622274774e-05,0.002880857575521614
4,5.76,0.0028900680762261478,4.205696804522027e-09,5.7885391346677306e-05,0.0028371346329781307
4,5.765000000000001,0.0028461397902130314,4.082892061460302e-09,5.700437198764861e-05,0.0027940109215886318
4,5.7700000000000005,0.0028028146327650225,3.9635766265976235e-09,5.613548491629987e-05,0.002751479292079238
4,5.775,0.0027600853912624675,3.847654254689013e-09,5.527858395725804e-05,0.0027095326639340334
4,5.78,0.002717944922701255,3.735031270249736e-09,5.443352437880469e-05,0.0026681640249775905
4,5.785,0.002676386153266453,3.6256165013712866e-09,5.3600162883026465e-05,0.0026273664309564163
4,5.79,0.0026354020779049527,3.5193212151746186e-09,5.277835759597824e-05,0.002587133005119426
4,5.795,0.002594985759897172,3.4160590548614364e-09,5.196796805785957e-05,0.0025474569377974877
4,5.8,0.002555130330427932,3.3157459783261613e-09,5.11688552132056e-05,0.002508331485982162
4,5.805,0.0025158289881564884,3.2183001982912194e-09,5.038088140109162e-05,0.0024697499729036047
4,5.8100000000000005,0.0024770749987858567,3.1236421239299977e-09,4.960391034535325e-05,0.002431705787607783
4,5.815,0.0024388616946314813,3.0316943039417952e-09,4.883780714482239e-05,0.0023941923845330446
4,5.82,0.0024011824741892477,2.9423813710443573e-09,4.808243826357842e-05,0.0023572032830860403
4,5.825,0.002364030801703001,2.8556299878503037e-09,4.7337671521217265e-05,0.002320732067217164
4,5.83,0.0023274002067315515,2.771368794094629e-09,4.660337608313704e-05,0.002284772384995491
4,5.835,0.002291284283715272,2.689528355180538e-09,4.5879422450841946e-05,0.002249317948183311
4,5.84,0.0022556766915423202,2.6100411120129113e-09,4.5165682452264424e-05,0.0022143625318102964
4,5.845,0.0022205711531145616,2.5328413320876922e-09,4.446202923210634e-05,0.002179899973747375
4,5.8500000000000005,0.0021859614549132357,2.4578650618080152e-09,4.3768337242199646e-05,0.0021459241742803527
4,5.855,0.0021518414465644758,2.3850500799969594e-09,4.308448223188786e-05,0.0021124290956833895
4,5.86,0.0021182050404046173,2.3143358525785495e-09,4.241034123842687e-05,0.0020794087617922695
4,5.865,0.002085046211045508,2.2456634883990282e-09,4.1745792577408375e-05,0.002046857257577675
4,5.87,0.0020523589949397536,2.1789756961605545e-09,4.109071583320436e-05,0.0020147687287183917
4,5.875,0.0020201374899460017,2.1142167424408314e-09,4.0444991849434e-05,0.0019831373811745566
4,5.88,0.0019883758548943256,2.051332410772592e-09,3.980850271945374e-05,0.0019519574807610029
4,5.885,0.0019570683091517317,1.9902699617568074e-09,3.918113177687055e-05,0.001921223352720723
4,5.890000000000001,0.0019262091321878554,1.930978094185296e-09,3.856276358607893e-05,0.0018909293812985205
4,5.8950000000000005,0.0018957926631409413,1.873406907147718e-09,3.795328393282364e-05,0.0018610700093149401
4,5.9,0.0018658133003840339,1.8175078630994235e-09,3.735257981478541e-05,0.0018316397377404025
4,5.905,0.0018362655010915867,1.7632337518667755e-09,3.676053943219403e-05,0.0018026331252697526
4,5.91,0.0018071437808064273,1.7105386555669974e-09,3.617705217846678e-05,0.0017740447878971549
4,5.915,0.0017784427130071682,1.6593779144206003e-09,3.560200863087349e-05,0.0017458693984914282
4,5.92,0.0017501569286760992,1.6097080934342421e-09,3.50353005412288e-05,0.0017181016863718516
4,5.925,0.0017222811158676254,1.5614869499332674e-09,3.447682082661217e-05,0.0016907364368845077
4,5.93,0.0016948100192772635,1.5146734019226491e-09,3.392646356011569e-05,0.0016637684909791724
4,5.9350000000000005,0.0016677384398112764,1.4692274972565882e-09,3.338412396162072e-05,0.001637192744786832
4,5.94,0.0016410612341569934,1.4251103835965551e-09,3.2849698388604126e-05,0.0016110041491978733
4,5.945,0.0016147733143537888,1.3822842791387538e-09,3.232308432697297e-05,0.0015851977094409203
4,5.95,0.0015888696473648667,1.3407124440918662e-09,3.1804180381930295e-05,0.0015597684846624614
4,5.955,0.001563345254649826,1.3003591528869418e-09,3.1292886268871203e-05,0.0015347115875072436
4,5.96,0.0015381952117380577,1.2611896671010893e-09,3.078910280430983e-05,0.0015100221836994833
4,5.965,0.0015134146478030252,1.2231702090776925e-09,3.0292731896837875e-05,0.001485695491624944
4,5.97,0.001488998745237466,1.1862679362257254e-09,2.980367653811511e-05,0.0014617267819139182
4,5.9750000000000005,0.0014649427392295405,1.1504509159816272e-09,2.9321840793892123e-05,0.0014381113770251391
4,5.98,0.0014412419173400108,1.1156881014171594e-09,2.884712979506653e-05,0.0014148446508307042
4,5.985,0.001417891619080395,1.0819493074773998e-09,2.8379449728771297e-05,0.0013919220282019556
4,5.99,0.0013948872354922468,1.0492051878331487e-09,2.7918707829497844e-05,0.001369338984596466
4,5.995,0.0013722242087275249,1.0174272123326781e-09,2.7464812370252905e-05,0.0013470910456460925
4,6.0,0.0013498980316300933,9.865876450376946e-10,2.701767265374972e-05,0.0013251737867461433
8,-1.0,0.9999683287581669,0.8413447460685429,16.83006739302465,0.0
8,-0.995,0.9999676528735231,0.840131867824506,16.8058340721911,0.0
8,-0.99,0.9999669633523706,0.8389129404891691,16.781479890240647,0.0
8,-0.985,0.9999662599371678,0.8376879645181008,16.757004856270395,0.0
8,-0.98,0.999965542365885,0.8364569406723077,16.732408985480024,0.0
8,-0.975,0.9999648103719341,0.8352198700196897,16.707692299200836,0.0
8,-0.97,0.9999640636840972,0.8339767539364704,16.68285482492436,0.0
8,-0.965,0.9999633020264541,0.832727594108605,16.657896596330456,0.0
8,-0.96,0.999962525118309,0.8314723925331622,16.632817653314948,0.0
8,-0.955,0.9999617326741155,0.8302111515196839,16.607618042016767,0.0
8,-0.95,0.9999609244034022,0.8289438736915182,16.5822978148446,0.0
8,-0.945,0.9999601000106952,0.8276705619871281,16.556857030503032,0.0
8,-0.94,0.9999592591954415,0.8263912196613754,16.531295754018192,0.0
8,-0.935,0.9999584016519296,0.825105850286778,16.50561405676286,0.0
8,-0.9299999999999999,0.9999575270692113,0.823814457754742,16.47981201648113,0.0
8,-0.925,0.9999566351310195,0.8225170462767677,16.45388971731244,0.0
8,-0.92,0.9999557255156879,0.8212136203856283,16.427847249815166,0.0
8,-0.915,0.9999547978960678,0.8199041849365231,16.401684710989652,0.0
8,-0.91,0.9999538519394437,0.8185887451082028,16.37540220430068,0.0
8,-0.905,0.9999528873074498,0.8172673064040681,16.34899983969943,0.0
8,-0.9,0.9999519036559824,0.8159398746532405,16.322477733644863,0.0
8,-0.895,0.9999509006351138,0.8146064560116055,16.29583600912458,0.0
8,-0.89,0.9999498778890038,0.8132670569628273,16.26907479567507,0.0
8,-0.885,0.9999488350558102,0.8119216843193366,16.242194229401463,0.0
8,-0.88,0.9999477717675982,0.8105703452232879,16.215194452996645,0.0
8,-0.875,0.9999466876502489,0.8092130471474893,16.18807561575984,0.0
8,-0.87,0.9999455823233663,0.8078497978963038,16.160837873614618,0.0
8,-0.865,0.9999444554001832,0.8064806056065194,16.13348138912626,0.0
8,-0.86,0.9999433064874658,0.8051054787481916,16.106006331518618,0.0
8,-0.855,0.9999421351854175,0.8037244261254556,16.07841287669031,0.0
8,-0.85,0.999940941087581,0.8023374568773076,16.050701207230357,0.0
8,-0.845,0.9999397237807397,0.8009445804783577,16.022871512433202,0.0
8,-0.84,0.9999384828448168,0.7995458067395503,15.994923988313111,0.0
8,-0.835,0.9999372178527745,0.7981411458088563,15.966858837618004,0.0
8,-0.83,0.9999359283705112,0.7967306081719316,15.938676269842604,0.0
8,-0.825,0.9999346139567573,0.7953142046527473,15.910376501241025,0.0
8,-0.8200000000000001,0.9999332741629703,0.7938919464141869,15.881959754838713,0.0
8,-0.815,0.9999319085332279,0.7924638449586122,15.853426260443737,0.0
8,-0.81,0.9999305166041201,0.7910299121283983,15.824776254657479,0.0
8,-0.8049999999999999,0.9999290979046405,0.7895901601064363,15.79600998088469,0.0
8,-0.8,0.9999276519560749,0.7881446014166034,15.767127689342857,0.0
8,-0.7949999999999999,0.9999261782718903,0.7866932489242013,15.738129637070982,0.0
8,-0.79,0.9999246763576213,0.7852361158363629,15.709016087937682,0.0
8,-0.785,0.9999231457107552,0.7837732157024244,15.679787312648655,0.0
8,-0.78,0.9999215858206164,0.7823045624142668,15.650443588753465,0.0
8,-0.775,0.9999199961682489,0.7808301702066226,15.620985200651685,0.0
8,-0.77,0.9999183762262973,0.7793500536573503,15.591412439598384,0.0
8,-0.765,0.999916725458887,0.7778642276876762,15.561725603708947,0.0
8,-0.76,0.999915043321502,0.7763727075624006,15.531924997963195,0.0
8,-0.755,0.9999133292608623,0.7748755088900731,15.502010934208876,0.0
8,-0.75,0.9999115827147992,0.7733726476231317,15.47198373116447,0.0
8,-0.745,0.999909803112129,0.7718641400580104,15.44184371442129,0.0
8,-0.74,0.9999079898725259,0.7703500028352095,15.411591216444936,0.0
8,-0.735,0.9999061424063929,0.7688302529393352,15.381226576576044,0.0
8,-0.73,0.9999042601147311,0.7673049076991025,15.350750141030364,0.0
8,-0.725,0.9999023423890081,0.7657739847873051,15.320162262898137,0.0
8,-0.72,0.999900388611024,0.7642375022207488,15.289463302142781,0.0
8,-0.715,0.999898398152777,0.7626954783601526,15.258653625598903,0.0
8,-0.71,0.999896370376326,0.7611479319100133,15.227733606969592,0.0
8,-0.7050000000000001,0.9998943046336528,0.7595948819184355,15.196703626823014,0.0
8,-0.7,0.9998922002665226,0.758036347776927,15.165564072588332,0.0
8,-0.6950000000000001,0.9998900566063423,0.756472349220159,15.134315338550905,0.0
8,-0.69,0.9998878729740177,0.7549029063256906,15.102957825846776,0.0
8,-0.685,0.9998856486798091,0.7533280395136581,15.071491942456486,0.0
8,-0.6799999999999999,0.9998833830231846,0.7517477695464294,15.039918103198122,0.0
8,-0.675,0.9998810752926732,0.7501621175282229,15.008236729719748,0.0
8,-0.6699999999999999,0.9998787247657146,0.7485711049046898,14.976448250491018,0.0
8,-0.665,0.9998763307085085,0.7469747534624621,14.944553100794165,0.0
8,-0.6599999999999999,0.9998738923758616,0.7453730853286639,14.912551722714223,0.0
8,-0.655,0.9998714090110332,0.7437661229703878,14.88044456512857,0.0
8,-0.6499999999999999,0.9998688798455795,0.7421538891941353,14.848232083695734,0.0
8,-0.645,0.9998663040991952,0.7405364071452203,14.815914740843485,0.0
8,-0.64,0.9998636809795542,0.7389137003071384,14.783493005756219,0.0
8,-0.635,0.9998610096821483,0.7372857925008991,14.750967354361608,0.0
8,-0.63,0.9998582893901242,0.7356527078843225,14.718338269316565,0.0
8,-0.625,0.9998555192741188,0.7340144709512995,14.685606239992445,0.0
8,-0.62,0.9998526984920926,0.732371106531017,14.652771762459562,0.0
8,-0.615,0.9998498261891613,0.730722639787146,14.619835339470962,0.0
8,-0.61,0.9998469014974263,0.7290690962169943,14.586797480445497,0.0
8,-0.605,0.9998439235358019,0.7274105016506229,14.553658701450162,0.0
8,-0.6,0.9998408914098424,0.7257468822499265,14.520419525181726,0.0
8,-0.595,0.9998378042115666,0.7240782645076775,14.487080480947627,0.0
8,-0.59,0.9998346610192799,0.7224046752465351,14.453642104646157,0.0
8,-0.585,0.9998314608973956,0.720726141618017,14.420104938745927,0.0
8,-0.5800000000000001,0.9998282028962541,0.7190426911014357,14.38646953226461,0.0
8,-0.575,0.9998248860519394,0.7173543515027994,14.352736440746972,0.0
8,-0.5700000000000001,0.9998215093860952,0.7156611509536759,14.318906226242165,0.0
8,-0.565,0.9998180719057375,0.7139631179100213,14.28497945728034,0.0
8,-0.56,0.9998145726030667,0.712260281150973,14.250956708848502,0.0
8,-0.5549999999999999,0.9998110104552771,0.7105526697776057,14.216838562365668,0.0
8,-0.55,0.9998073844243643,0.7088403132116536,14.182625605657329,0.0
8,-0.5449999999999999,0.9998036934569315,0.7071232411941949,14.148318432929155,0.0
8,-0.54,0.9997999364839927,0.705401483784302,14.113917644740035,0.0
8,-0.5349999999999999,0.9997961124207752,0.7036750713576556,14.079423847974375,0.0
8,-0.53,0.9997922201665194,0.7019440346051236,14.0448376558137,0.0
8,-0.5249999999999999,0.9997882586042766,0.7002084045313041,14.010159687707539,0.0
8,-0.52,0.9997842266007053,0.6984682124530338,13.97539056934363,0.0
8,-0.515,0.999780123005865,0.6967234899978605,13.94053093261737,0.0
8,-0.51,0.999775946653009,0.6949742691024806,13.905581415600622,0.0
8,-0.505,0.9997716963583728,0.6932205820111423,13.870542662509791,0.0
8,-0.5,0.9997673709209645,0.6914624612740131,13.835415323673201,0.0
8,-0.495,0.9997629691223487,0.6896999397455121,13.800200055497777,0.0
8,-0.49,0.9997584897264321,0.6879330505826095,13.764897520435067,0.0
8,-0.485,0.9997539314792446,0.6861618272430887,13.729508386946495,0.0
8,-0.48,0.9997492931087195,0.6843863034837774,13.694033329468047,0.0
8,-0.475,0.9997445733244714,0.6826065133587409,13.658473028374134,0.0
8,-0.47,0.9997397708175725,0.6808224912174442,13.622828169940886,0.0
8,-0.46499999999999997,0.9997348842603256,0.679034271702878,13.587099446308708,0.0
8,-0.45999999999999996,0.9997299123060365,0.6772418897496523,13.551287555444173,0.0
8,-0.45499999999999996,0.9997248535887833,0.6754453805820555,13.515393201101244,0.0
8,-0.44999999999999996,0.9997197067231838,0.6736447797120799,13.47941709278182,0.0
8,-0.44499999999999995,0.9997144703041617,0.6718401229374151,13.443359945695637,0.0
8,-0.43999999999999995,0.9997091429067092,0.6700314463394064,13.407222480719474,0.0
8,-0.43499999999999994,0.9997037230856486,0.668218786280981,13.371005424355713,0.0
8,-0.42999999999999994,0.9996982093753913,0.6664021794045423,13.334709508690263,0.0
8,-0.42499999999999993,0.9996926002896952,0.6645816626298304,13.298335471349805,0.0
8,-0.42000000000000004,0.9996868943214188,0.6627572731517506,13.261884055458404,0.0
8,-0.41500000000000004,0.999681089942275,0.6609290484381688,13.225356009593458,0.0
8,-0.41000000000000003,0.9996751856025812,0.6590970262276774,13.188752087741047,0.0
8,-0.405,0.9996691797310073,0.6572612445273263,13.1520730492506,0.0
8,-0.4,0.9996630707343231,0.6554217416103242,13.115319658788962,0.0
8,-0.395,0.9996568569971418,0.6535785560137083,13.078492686293835,0.0
8,-0.39,0.999650536881662,0.6517317265359823,13.04159290692656,0.0
8,-0.385,0.9996441087274079,0.6498812922347244,13.004621101024341,0.0
8,-0.38,0.9996375708509669,0.6480272924241628,12.967578054051792,0.0
8,-0.375,0.999630921545725,0.6461697666727237,12.930464556551936,0.0
8,-0.37,0.9996241590816,0.6443087548005467,12.893281404096555,0.0
8,-0.365,0.9996172817047732,0.6424442968769708,12.856029397235972,0.0
8,-0.36,0.999610287637418,0.6405764332179913,12.818709341448214,0.0
8,-0.355,0.9996031750774269,0.6387052043836872,12.781322047087617,0.0
8,-0.35,0.999595942198136,0.6368306511756191,12.743868329332832,0.0
8,-0.345,0.9995885871480474,0.6349528146341984,12.706349008134243,0.0
8,-0.33999999999999997,0.9995811080505497,0.6330717360360281,12.668764908160853,0.0
8,-0.33499999999999996,0.9995735030036356,0.6311874568912148,12.631116858746545,0.0
8,-0.32999999999999996,0.9995657700796183,0.6293000189406535,12.593405693835848,0.0
8,-0.32499999999999996,0.999557907324845,0.627409464153284,12.555632251929111,0.0
8,-0.31999999999999995,0.9995499127594079,0.6255158347233201,12.517797376027122,0.0
8,-0.31499999999999995,0.9995417843768541,0.6236191730674514,12.479901913575217,0.0
8,-0.30999999999999994,0.9995335201438924,0.6217195218220193,12.441946716406825,0.0
8,-0.30499999999999994,0.9995251180000982,0.619816923840165,12.403932640686497,0.0
8,-0.29999999999999993,0.9995165758576162,0.6179114221889526,12.365860546852424,0.0
8,-0.29500000000000004,0.9995078916008607,0.6160030601464654,12.327731299558398,0.0
8,-0.29000000000000004,0.9994990630862143,0.6140918811988774,12.289545767615293,0.0
8,-0.28500000000000003,0.9994900881417235,0.6121779290374987,12.25130482393206,0.0
8,-0.28,0.999480964566793,0.6102612475557972,12.213009345456165,0.0
8,-0.275,0.9994716901318774,0.6083418808463948,12.174660213113608,0.0
8,-0.27,0.9994622625781703,0.6064198731980396,12.136258311748394,0.0
8,-0.265,0.9994526796172922,0.604495269092554,12.097804530061575,0.0
8,-0.26,0.9994429389309754,0.6025681132017605,12.059299760549793,0.0
8,-0.255,0.9994330381707468,0.6006384503843826,12.020744899443379,0.0
8,-0.25,0.9994229749576092,0.5987063256829237,11.982140846643967,0.0
8,-0.245,0.9994127468817195,0.5967717843205244,11.943488505661712,0.0
8,-0.24,0.9994023515020656,0.5948348716977958,11.904788783552004,0.0
8,-0.235,0.9993917863461401,0.592895633389633,11.86604259085179,0.0
8,-0.22999999999999998,0.9993810489096132,0.5909541151420059,11.827250841515472,0.0
8,-0.22499999999999998,0.9993701366560023,0.5890103628687295,11.788414452850336,0.0
8,-0.21999999999999997,0.9993590470163399,0.5870644226482146,11.749534345451654,0.0
8,-0.21499999999999997,0.9993477773888398,0.5851163407201957,11.710611443137287,0.0
8,-0.20999999999999996,0.9993363251385601,0.5831661634824423,11.67164667288197,0.0
8,-0.20499999999999996,0.9993246875970648,0.5812139374874481,11.632640964751156,0.0
8,-0.19999999999999996,0.9993128620620841,0.579259709439103,11.593595251834522,0.0
8,-0.19499999999999995,0.9993008457971705,0.5773035261893451,11.554510470179057,0.0
8,-0.18999999999999995,0.9992886360313546,0.5753454347347954,11.515387558721839,0.0
8,-0.18499999999999994,0.9992762299587984,0.5733854822133744,11.476227459222395,0.0
8,-0.17999999999999994,0.9992636247384461,0.5714237159009007,11.437031116194765,0.0
8,-0.17499999999999993,0.999250817493673,0.5694601832076737,11.397799476839193,0.0
8,-0.16999999999999993,0.9992378053119327,0.5674949316750384,11.358533490973507,0.0
8,-0.16500000000000004,0.9992245852444023,0.5655280089719352,11.319234110964153,0.0
8,-0.16000000000000003,0.9992111543056245,0.5635594628914329,11.279902291656942,0.0
8,-0.15500000000000003,0.9991975094731489,0.5615893413472468,11.240538990307456,0.0
8,-0.15000000000000002,0.9991836476871714,0.5596176923702425,11.20114516651119,0.0
8,-0.14500000000000002,0.9991695658501702,0.5576445641049235,11.161721782133377,0.0
8,-0.14,0.9991552608265414,0.5556700048059064,11.12226980123854,0.0
8,-0.135,0.9991407294422313,0.5536940628343817,11.082790190019791,0.0
8,-0.13,0.9991259684843684,0.5517167866545611,11.04328391672782,0.0
8,-0.125,0.9991109747008916,0.5497382248301129,11.003751951599675,0.0
8,-0.12,0.9990957448001777,0.5477584260205839,10.964195266787268,0.0
8,-0.11499999999999999,0.9990802754506668,0.5457774389778103,10.924614836285665,0.0
8,-0.10999999999999999,0.9990645632804859,0.5437953125423168,10.8850116358611,0.0
8,-0.10499999999999998,0.9990486048770698,0.5418120956397047,10.845386642978841,0.0
8,-0.09999999999999998,0.9990323967867817,0.539827837277029,10.805740836730775,0.0
8,-0.09499999999999997,0.99901593551453,0.5378425865391663,10.766075197762833,0.0
8,-0.08999999999999997,0.9989992175233859,0.5358563925851721,10.726390708202207,0.0
8,-0.08499999999999996,0.9989822392341964,0.5338693046446292,10.686688351584376,0.0
8,-0.07999999999999996,0.9989649970251971,0.5318813720139873,10.64696911277997,0.0
8,-0.07499999999999996,0.998947487231624,0.5298926440528947,10.607233977921469,0.0
8,-0.06999999999999995,0.9989297061453211,0.5279031701805211,10.56748393432972,0.0
8,-0.06499999999999995,0.9989116500143491,0.5259129998718738,10.527719970440323,0.0
8,-0.05999999999999994,0.9988933150425907,0.5239221826541068,10.487943075729905,0.0
8,-0.05499999999999994,0.9988746973893544,0.5219307681028235,10.4481542406422,0.0
8,-0.04999999999999993,0.9988557931689773,0.5199388058383725,10.408354456514061,0.0
8,-0.04499999999999993,0.9988365984504259,0.517946345522139,10.368544715501347,0.0
8,-0.040000000000000036,0.9988171092568956,0.5159534368528308,10.328726010504695,0.0
8,-0.03500000000000003,0.998797321565408,0.5139601295627583,10.288899335095218,0.0
8,-0.030000000000000027,0.9987772313064077,0.5119664734141126,10.249065683440097,0.0
8,-0.025000000000000022,0.9987568343633567,0.509972518195238,10.209226050228121,0.0
8,-0.020000000000000018,0.9987361265723277,0.5079783137169019,10.169381430595148,0.0
8,-0.015000000000000013,0.9987151037215961,0.5059839098085622,10.129532820049505,0.0
8,-0.010000000000000009,0.9986937615512306,0.5039893563146316,10.089681214397363,0.0
8,-0.0050000000000000044,0.9986720957526816,0.5019947030907408,10.049827609668053,0.0
8,0.0,0.9986501019683699,0.5,10.009973002039366,0.0
8,0.0050000000000001155,0.9986277757912725,0.49800529690925915,9.970118387762824,0.0
8,0.010000000000000009,0.9986051127645078,0.4960106436853684,9.930264763088951,0.0
8,0.015000000000000124,0.9985821083809197,0.4940160901914377,9.890413124192545,0.0
8,0.020000000000000018,0.99855875808266,0.492021686283098,9.85056446709795,0.0
8,0.02499999999999991,0.9985350572607704,0.49002748180476197,9.81071978760436,0.0
8,0.030000000000000027,0.9985110012547626,0.48803352658588733,9.770880081211125,0.0
8,0.03499999999999992,0.9984865853521969,0.48603987043724173,9.731046343043134,0.0
8,0.040000000000000036,0.998461804788262,0.4840465631471692,9.691219567776205,0.0
8,0.04499999999999993,0.9984366547453501,0.48205365447786097,9.651400749562569,0.0
8,0.050000000000000044,0.9984111303526352,0.4800611941616275,9.61159088195637,0.0
8,0.05499999999999994,0.9983852266856462,0.47806923189717654,9.5717909578393,0.0
8,0.06000000000000005,0.998358938765843,0.4760778173458931,9.532001969346261,0.0
8,0.06499999999999995,0.9983322615601887,0.4740870001281262,9.492224907791165,0.0
8,0.07000000000000006,0.9983051899807227,0.47209682981947887,9.452460763592804,0.0
8,0.07499999999999996,0.9982777188841324,0.47010735594710523,9.412710526200845,0.0
8,0.08000000000000007,0.9982498430713239,0.4681186279860126,9.372975184021959,0.0
8,0.08499999999999996,0.9982215572869928,0.4661306953553708,9.33325572434605,0.0
8,0.09000000000000008,0.9981928562191936,0.46414360741482785,9.293553133272646,0.0
8,0.09499999999999997,0.9981637344989084,0.4621574134608337,9.253868395637436,0.0
8,0.10000000000000009,0.998134186699616,0.46017216272297096,9.214202494938952,0.0
8,0.10499999999999998,0.998104207336859,0.4581879043602954,9.174556413265439,0.0
8,0.1100000000000001,0.9980737908678121,0.45620468745768317,9.134931131221865,0.0
8,0.11499999999999999,0.9980429316908482,0.4542225610221897,9.095327627857168,0.0
8,0.1200000000000001,0.9980116241451057,0.4522415739794161,9.055746880591634,0.0
8,0.125,0.997979862510054,0.4502617751698871,9.016189865144545,0.0
8,0.13000000000000012,0.9979476410050603,0.4482832133454388,8.97665755546197,0.0
8,0.135,0.9979149537889545,0.4463059371656183,8.937150923644833,0.0
8,0.14000000000000012,0.9978817949595954,0.44432999519409355,8.89767093987718,0.0
8,0.14500000000000002,0.9978481585534356,0.4423554358950765,8.858218572354696,0.0
8,0.15000000000000013,0.9978140385450868,0.44038230762975744,8.818794787213456,0.0
8,0.15500000000000003,0.9977794288468854,0.43841065865275314,8.779400548458945,0.0
8,0.15999999999999992,0.9977443233084576,0.4364405371085672,8.74003681789534,0.0
8,0.16500000000000004,0.9977087157162847,0.4344719910280648,8.70070455505506,0.0
8,0.16999999999999993,0.9976725997932685,0.4325050683249616,8.661404717128597,0.0
8,0.17500000000000004,0.997635969198297,0.4305398167923263,8.622138258894644,0.0
8,0.17999999999999994,0.9975988175258107,0.4285762840990993,8.582906132650521,0.0
8,0.18500000000000005,0.9975611383053685,0.4266145177866256,8.543709288142887,0.0
8,0.18999999999999995,0.9975229250012141,0.42465456526520456,8.504548672498812,0.0
8,0.19500000000000006,0.9974841710118435,0.42269647381065484,8.465425230157122,0.0
8,0.19999999999999996,0.997444869669572,0.420740290560897,8.426339902800114,0.0
8,0.20500000000000007,0.9974050142401029,0.4187860625125518,8.387293629285587,0.0
8,0.20999999999999996,0.9973645979220951,0.41683383651755773,8.348287345579244,0.0
8,0.21500000000000008,0.9973236138467335,0.4148836592798042,8.309321984687422,0.0
8,0.21999999999999997,0.9972820550772987,0.41293557735178543,8.27039847659022,0.0
8,0.2250000000000001,0.9972399146087375,0.41098963713127035,8.231517748174957,0.0
8,0.22999999999999998,0.997197185367235,0.40904588485799415,8.192680723170067,0.0
8,0.2350000000000001,0.9971538602097869,0.407104366610367,8.153888322079329,0.0
8,0.24,0.9971099319237738,0.40516512830220414,8.115141462116513,0.0
8,0.2450000000000001,0.9970653932265352,0.40322821567947553,8.076441057140451,0.0
8,0.25,0.9970202367649454,0.4012936743170763,8.037788017590483,0.0
8,0.2550000000000001,0.9969744551149913,0.39936154961561743,7.999183250422336,0.0027778444902830796
8,0.26,0.9969280407813496,0.3974318867982395,7.960627659044452,0.12491071778268421
8,0.2650000000000001,0.9968809861969672,0.395504730907446,7.922122143254711,0.23090969385049487
8,0.27,0.9968332837226422,0.3935801268019605,7.883667599177623,0.32297449485845464
8,0.27500000000000013,0.9967849256466063,0.39165811915360516,7.845264919201963,0.4029983840283315
8,0.28,0.9967359041841087,0.3897387524442028,7.806914991918854,0.47261153066821066
8,0.2849999999999999,0.9966862114770023,0.3878220709625014,7.768618702060318,0.5332181666358764
8,0.29000000000000004,0.9966358395933308,0.38590811880112263,7.730376930438297,0.5860284310996372
8,0.29499999999999993,0.9965847805269181,0.38399693985353456,7.69219055388416,0.6320856700160099
8,0.30000000000000004,0.9965330261969594,0.3820885778110473,7.654060445188665,0.6722898453693437
8,0.30499999999999994,0.9964805684476138,0.380183076159835,7.615987473042455,0.7074176141153133
8,0.31000000000000005,0.9964273990476002,0.3782804781779807,7.577972501977007,0.7381395555525914
8,0.31499999999999995,0.9963735096897938,0.37638082693254865,7.540016392306118,0.7650349564784532
8,0.32000000000000006,0.996318891990825,0.37448416527667994,7.502120000067881,0.7886045042291295
8,0.32499999999999996,0.9962635374906822,0.372590535846716,7.464284176967198,0.8092811870826622
8,0.33000000000000007,0.9962074376523146,0.37069998105934643,7.426509770318789,0.827439658247708
8,0.33499999999999996,0.9961505838612386,0.3688125431087852,7.3887976229907535,0.8434042826979863
8,0.3400000000000001,0.9960929674251472,0.36692826396397193,7.351148573348663,0.8574560545193765
8,0.345,0.9960345795735209,0.3650471853658016,7.313563455200187,0.8698385454302003
8,0.3500000000000001,0.9959754114572417,0.3631693488243809,7.276043097740276,0.880763022045424
8,0.355,0.9959154541482099,0.36129479561631284,7.238588325496895,0.890412849710974
8,0.3600000000000001,0.9958546986389639,0.3594235667820087,7.2011999582773125,0.8989472838473545
8,0.365,0.9957931358423026,0.35755570312302926,7.163878811114971,0.9065047352960655
8,0.3700000000000001,0.9957307565909107,0.3556912451994532,7.1266256942168935,0.9132055838026266
8,0.375,0.9956675516369874,0.3538302333272762,7.089441412911718,0.9191546031929353
8,0.3800000000000001,0.9956035116518787,0.3519727075758372,7.052326767598265,0.9244430527463278
8,0.385,0.9955386272257115,0.3501187077652757,7.015282553694723,0.9291504815177869
8,0.3900000000000001,0.9954728888670327,0.34826827346401756,6.978309561588412,0.9333462857245338
8,0.395,0.9954062870024508,0.3464214439862917,6.9414085765861575,0.9370910536273119
8,0.40000000000000013,0.9953388119762813,0.34457825838967576,6.904580378865247,0.9404377274663145
8,0.405,0.9952704540501955,0.34273875547267374,6.8678257434250245,0.9434326078381399
8,0.4099999999999999,0.9952012034028738,0.3409029737723226,6.831145440039062,0.946116222322825
8,0.41500000000000004,0.9951310501296614,0.3390709515618312,6.7945402332079805,0.9485240771029013
8,0.41999999999999993,0.9950599842422293,0.3372427268482495,6.7580108821128695,0.9506873076860949
8,0.42500000000000004,0.9949879956682387,0.33541833737016946,6.72155814056935,0.9526332425869075
8,0.42999999999999994,0.994915074251009,0.33359782059545773,6.685182756982266,0.9543858918861644
8,0.43500000000000005,0.9948412097491911,0.33178121371901903,6.648885474300984,0.9559663709257806
8,0.43999999999999995,0.9947663918364442,0.32996855366059363,6.612667029975389,0.9573932679691478
8,0.44500000000000006,0.9946906101011169,0.32815987706258476,6.576528155912466,0.958682963432134
8,0.44999999999999996,0.9946138540459333,0.32635522028792,6.5404695784335605,0.9598499072368838
8,0.45500000000000007,0.9945361130876832,0.3245546194179446,6.504492018232288,0.9609068599358429
8,0.45999999999999996,0.9944573765569173,0.32275811025034773,6.468596190333086,0.9618651024756218
8,0.4650000000000001,0.9943776336976472,0.320965728297122,6.432782804050451,0.9627346188014038
8,0.47,0.9942968736670493,0.3191775087825558,6.397052562948805,0.963524254927164
8,0.4750000000000001,0.9942150855351756,0.317393486641259,6.361406164803057,0.964241857601737
8,0.48,0.9941322582846674,0.31561369651622256,6.32584430155982,0.9648943952744373
8,0.4850000000000001,0.9940483808104761,0.31383817275691117,6.290367659299294,0.9654880636967532
8,0.49,0.9939634419195873,0.31206694941739055,6.254976918197856,0.9660283781802878
8,0.4950000000000001,0.9938774303307525,0.31030006025448775,6.21967275249128,0.966520254258458
8,0.5,0.9937903346742238,0.3085375387259869,6.1844558304387025,0.9669680782643543
8,0.5050000000000001,0.9937021434914969,0.30677941798885755,6.149326814287203,0.9673757691343611
8,0.51,0.9936128452350568,0.3050257308975194,6.114286360237139,0.9677468325721111
8,0.5150000000000001,0.9935224282681322,0.3032765100021395,6.07933511840811,0.9680844085562555
8,0.52,0.9934308808644532,0.3015317875469662,6.044473732805673,0.9683913130450041
8,0.5250000000000001,0.9933381912080173,0.2997915954686958,6.009702841288702,0.9686700746176177
8,0.53,0.9932443473928594,0.29805596539487644,5.975023075537488,0.968922966695524
8,0.5350000000000001,0.9931493374228294,0.2963249286423444,5.940435061022498,0.9691520359013969
8,0.54,0.9930531492113757,0.294598516215698,5.905939416973873,0.9693591270415536
8,0.5449999999999999,0.992955770581335,0.2928767588058051,5.871536756351613,0.9695459051338411
8,0.55,0.9928571892647285,0.29115968678834636,5.837227685816455,0.9697138748484438
8,0.5549999999999999,0.9927573929025654,0.2894473302223943,5.8030128057014885,0.9698643976816148
8,0.56,0.9926563690446517,0.28773971884902705,5.768892709984454,0.9699987071411874
8,0.565,0.9925541051494076,0.2860368820899787,5.734867986260762,0.9701179221870488
8,0.5700000000000001,0.9924505885836908,0.2843388490463241,5.70093921571723,0.9702230591387676
8,0.575,0.9923458066226267,0.28264564849720064,5.66710697310652,0.9703150422356572
8,0.5800000000000001,0.9922397464494463,0.2809573088985643,5.633371826722304,0.9703947130111872
8,0.585,0.9921323951553314,0.27927385838198304,5.599734338375128,0.9704628386233021
8,0.5900000000000001,0.9920237397392663,0.27759532475346493,5.566195063369015,0.9705201192645276
8,0.595,0.991913767107898,0.27592173549232246,5.53275455047876,0.9705671947603355
8,0.6000000000000001,0.9918024640754038,0.27425311775007355,5.499413341927978,0.9706046504508224
8,0.605,0.9916898173633659,0.2725894983493771,5.466171973367823,0.970633022439066
8,0.6100000000000001,0.9915758136006543,0.27093090378300566,5.433030973856466,0.9706528022793091
8,0.615,0.991460439323318,0.269277360212854,5.399990865839288,0.9706644411692357
8,0.6200000000000001,0.9913436809744834,0.267628893468983,5.36705216512977,0.9706683537028108
8,0.625,0.9912255249042616,0.26598552904870054,5.334215380891122,0.9706649212333708
8,0.6300000000000001,0.9911059573696632,0.26434729211567753,5.301481015618631,0.9706544948907044
8,0.635,0.9909849645345221,0.26271420749910085,5.268849565122725,0.9706373982906639
8,0.6400000000000001,0.9908625324694273,0.26108629969286157,5.236321518512764,0.9706139299712911
8,0.645,0.9907386471516638,0.2594635928547797,5.203897358181532,0.9705843655854542
8,0.6500000000000001,0.9906132944651614,0.2578461108058647,5.17157755979048,0.9705489598764867
8,0.655,0.9904864602004531,0.25623387702961214,5.13936259225566,0.9705079484602511
8,0.6600000000000001,0.9903581300546417,0.2546269146713361,5.107252917734389,0.9704615494343539
8,0.665,0.990228289631376,0.2530252465375379,5.075248991612634,0.9704099648328589
8,0.6699999999999999,0.9900969244408357,0.2514288950953102,5.043351262493115,0.9703533819427727
8,0.675,0.9899640198997259,0.24983788247177702,5.011560172184099,0.9702919744967266
8,0.6799999999999999,0.9898295613312803,0.2482522304535706,4.979876155688966,0.9702259037546753
8,0.685,0.9896935339652746,0.24667196048634193,4.948299641196417,0.9701553194859944
8,0.69,0.989555922938049,0.24509709367430943,4.916831050071464,0.970080360862111
8,0.6950000000000001,0.9894167132925402,0.24352765077984095,4.8854707968470725,0.9700011572686834
8,0.7,0.9892758899783242,0.24196365222307303,4.854219289216566,0.969917829045369
8,0.7050000000000001,0.9891334378516673,0.24040511808156456,4.823076928026693,0.9698304881603493
8,0.71,0.9889893416755886,0.2388520680899867,4.792044107271447,0.9697392388260104
8,0.7150000000000001,0.9888435861199317,0.23730452163984733,4.761121214086549,0.969644178061502
8,0.72,0.9886961557614472,0.23576249777925118,4.730308628744667,0.9695453962072869
8,0.7250000000000001,0.9885470350838848,0.23422601521269487,4.699606724651321,0.969442977396265
8,0.73,0.9883962084780965,0.2326950923008974,4.669015868341492,0.9693369999855737
8,0.7350000000000001,0.98824366024215,0.23116974706066484,4.638536419476926,0.9692275369527455
8,0.74,0.988089374581453,0.22964999716479056,4.608168730844144,0.9691146562595325
8,0.7450000000000001,0.9879333356088873,0.22813585994198965,4.577913148353131,0.968998421186361
8,0.75,0.9877755273449553,0.2266273523768682,4.547770011036726,0.9688788906400949
8,0.7550000000000001,0.9876159337179362,0.22512449110992694,4.517739651050699,0.9687561194375092
8,0.76,0.9874545385640534,0.22362729243759938,4.4878223936745165,0.9686301585666408
8,0.7650000000000001,0.987291325627654,0.2221357723123238,4.458018557312783,0.9685010554279766
8,0.77,0.987126278561398,0.22064994634264962,4.428328453497367,0.9683688540572365
8,0.7750000000000001,0.9869593809264604,0.21916982979337735,4.398752386890209,0.9682335953313542
8,0.78,0.9867906161927437,0.21769543758573312,4.369290655286803,0.9680953171590945
8,0.7850000000000001,0.9866199677391027,0.21622678429757547,4.33994354962034,0.967954054657613
8,0.79,0.98644741885358,0.21476388416363712,4.310711353966542,0.967809840316145
8,0.7949999999999999,0.9862729527336547,0.21330675107579872,4.281594345549131,0.9676627041478947
8,0.8,0.9860965524865014,0.2118553985833967,4.252592794745996,0.9675126738311
8,0.8049999999999999,0.9859182011292623,0.2104098398935637,4.223706965095988,0.9673597748401592
8,0.81,0.9857378815893312,0.2089700878716016,4.194937113306387,0.9672040305676249
8,0.815,0.9855555767046486,0.20753615504138778,4.166283489261021,0.9670454624377962
8,0.8200000000000001,0.9853712692240107,0.20610805358581302,4.137746336029025,0.9668840900125814
8,0.825,0.9851849418073901,0.20468579534725267,4.109325889874256,0.9667199310902348
8,0.8300000000000001,0.9849965770262678,0.2032693918280684,4.081022380265332,0.9665530017975281
8,0.835,0.9848061573639798,0.20185885419114374,4.052836029886332,0.9663833166758619
8,0.8400000000000001,0.9846136652160745,0.2004541932604496,4.0247670546481045,0.9662108887617793
8,0.845,0.9844190828906846,0.19905541952164235,3.996815663700228,0.9660357296623123
8,0.8500000000000001,0.9842223926089095,0.19766254312269238,3.9689820594435714,0.9658578496255414
8,0.855,0.9840235765052133,0.19627557387454442,3.9412664375435016,0.9656772576067322
8,0.8600000000000001,0.9838226166278339,0.1948945212518084,3.913668986943688,0.9654939613303712
8,0.865,0.9836194949392054,0.19351939439348065,3.886189889880527,0.9653079673484021
8,0.8700000000000001,0.983414193316395,0.19215020210369615,3.8588293218981775,0.9651192810949377
8,0.875,0.9832066935515512,0.19078695285251068,3.831587451864195,0.9649279069377011
8,0.8800000000000001,0.9829969773523672,0.18942965477671214,3.804464441985756,0.9647338482264294
8,0.885,0.9827850263425566,0.1880783156806633,3.777460447826504,0.9645371073384518
8,0.8900000000000001,0.9825708220623429,0.18673294303717258,3.750575618323955,0.9643376857216439
8,0.895,0.982354345968963,0.18539354398839447,3.723810095807501,0.9641355839349368
8,0.9000000000000001,0.9821355794371834,0.18406012534675947,3.6971640160169983,0.9639308016865498
8,0.905,0.9819145037598319,0.18273269359593192,3.6706375081219167,0.963723337870104
8,0.9100000000000001,0.981691100148341,0.1814112548917972,3.644230694741075,0.9635131905987571
8,0.915,0.981465349733307,0.18009581506347694,3.6179436919629353,0.963300357237493
8,0.9199999999999999,0.9812372335650622,0.17878637961437172,3.591776609366448,0.9630848344336904
8,0.925,0.9810067326142615,0.17748295372323225,3.565729550042465,0.9628666181460814
8,0.9299999999999999,0.9807738277724828,0.17618554224525795,3.5398026106157032,0.9626457036722065
8,0.935,0.9805384998528421,0.17489414971322204,3.513995881267233,0.9624220856744636
8,0.94,0.9803007295906231,0.1736087803386246,3.488309445757532,0.9621957582048407
8,0.9450000000000001,0.9800604976439199,0.17232943801287187,3.4627433814500588,0.9619667147284163
8,0.95,0.9798177845942956,0.17105612630848183,3.437297759335353,0.9617349481457054
8,0.9550000000000001,0.9795725709474546,0.16978884848031606,3.4119726440556644,0.9615004508139241
8,0.96,0.9793248371339299,0.16852760746683781,3.3867680939300984,0.9612632145672377
8,0.9650000000000001,0.9790745635097845,0.16727240589139503,3.3616841609802686,0.9610232307360597
8,0.97,0.9788217303573278,0.16602324606352958,3.336720890956468,0.9607804901654519
8,0.9750000000000001,0.978566317885847,0.16478012998031033,3.311878323364317,0.9605349832326892
8,0.98,0.9783083062323532,0.16354305932769236,3.2871564914919404,0.960286699864032
8,0.9850000000000001,0.9780476754623418,0.16231203548189926,3.262555422437594,0.9600356295507582
8,0.99,0.9777844055705686,0.1610870595108309,3.2380751371378125,0.9597817613644933
8,0.9950000000000001,0.9775184764818403,0.15986813217549406,3.213715650396008,0.9595250839718864
8,1.0,0.9772498680518208,0.15865525393145707,3.1894769709115485,0.959265585648664
8,1.005,0.9769785600678517,0.1574484249303279,3.1653591013093085,0.9590032542931032
8,1.0100000000000002,0.9767045322497881,0.1562476450212545,3.1413620381696603,0.9587380774389486
8,1.0150000000000001,0.9764277642508509,0.15505291375244956,3.1174857720589593,0.9584700422678168
8,1.02,0.9761482356584915,0.15386423037273478,3.093730287560411,0.9581991356211048
8,1.025,0.9758659259952752,0.15268159383311042,3.0700955633054514,0.9579253440114384
8,1.0300000000000002,0.9755808147197774,0.15150500278834367,3.046581572005502,0.9576486536336829
8,1.0350000000000001,0.9752928812274961,0.15033445559858144,3.0231882804842067,0.957369050375539
8,1.04,0.9750021048517795,0.1491699503309814,2.9999156497100437,0.9570865198277478
8,1.045,0.9747084648647699,0.14801148476136605,2.976763634829389,0.9568010472939265
8,1.0499999999999998,0.9744119404783614,0.14685905637589597,2.9537321851999687,0.9565126178000516
8,1.0550000000000002,0.9741125108451748,0.1457126623727641,2.93082124442473,0.9562212161036118
8,1.06,0.9738101550595473,0.1445722996639096,2.9080307503861045,0.9559268267024451
8,1.065,0.9735048521585372,0.14343796487675103,2.885360635280656,0.9556294338432774
8,1.0699999999999998,0.973196581122945,0.14230965435593929,2.8628108256541256,0.9553290215299767
8,1.0750000000000002,0.9728853208783503,0.14118736416512895,2.8403812424368438,0.9550255735315414
8,1.08,0.9725710502961632,0.140071090088769,2.818071800979528,0.9547190733898295
8,1.085,0.9722537481946921,0.13896082763391104,2.7958824110894365,0.9544095044270474
8,1.0899999999999999,0.9719333933402275,0.1378565720320355,2.773812977066874,0.9540968497530069
8,1.0950000000000002,0.9716099644481406,0.13675831824089646,2.751863397742074,0.9537810922721628
8,1.1,0.9712834401839981,0.13566606094638267,2.7300335665124056,0.9534622146904421
8,1.105,0.9709537991646933,0.13457979456439612,2.708323371379928,0.9531401995218732
8,1.1099999999999999,0.9706210199595906,0.13349951324274728,2.6867326949892827,0.9528150290950268
8,1.1150000000000002,0.9702850810916893,0.13242521086306613,2.6652614146658946,0.9524866855592744
8,1.12,0.9699459610388002,0.1313568810427307,2.6439094024545353,0.9521551508908775
8,1.125,0.9696036382347386,0.13029451713680879,2.622676525158134,0.9518204068989092
8,1.13,0.9692580910705341,0.12923811224001786,2.6015626443769673,0.9514824352310212
8,1.1350000000000002,0.9689092978956545,0.12818765918869734,2.5805676165480858,0.9511412173790599
8,1.1400000000000001,0.9685572370192472,0.12714315056279818,2.559691292985092,0.9507967346845411
8,1.145,0.9682018867113947,0.1261045786878845,2.53893351991816,0.950448968343986
8,1.15,0.9678432252043863,0.12507193563715036,2.5182941385343516,0.9500978994141278
8,1.1550000000000002,0.9674812306940062,0.1240452132334503,2.4977729850182175,0.9497435088169943
8,1.1600000000000001,0.9671158813408361,0.12302440305134338,2.4773698905926573,0.9493857773448678
8,1.165,0.9667471552715747,0.12200949641914921,2.457084681560033,0.9490246856651348
8,1.17,0.9663750305803717,0.12100048442101824,2.4369171793435522,0.9486602143250233
8,1.1750000000000003,0.9659994853301775,0.11999735789901245,2.416867200528872,0.9482923437562364
8,1.1800000000000002,0.96562049755411,0.11900010745520073,2.3969345569059928,0.9479210542794848
8,1.185,0.9652380452568344,0.11800872345376312,2.377119055511324,0.9475463261089242
8,1.19,0.9648521064159612,0.11702319602310873,2.357420498670032,0.9471681393564997
8,1.1949999999999998,0.9644626589834573,0.11604351505800337,2.337838684038576,0.9467864740362014
8,1.2000000000000002,0.9640696808870742,0.11506967022170828,2.318373404647473,0.9464013100682361
8,1.205,0.9636731500317913,0.11410165094812963,2.299024448944266,0.9460126272831176
8,1.21,0.9632730443012737,0.11313944644397739,2.2797916008366936,0.9456204054256785
8,1.2149999999999999,0.9628693415593464,0.11218304569093435,2.260674639736055,0.945224624159007
8,1.2200000000000002,0.9624620196514831,0.11123243744783462,2.2416733406007654,0.9448252630683128
8,1.225,0.9620510564063108,0.11028761025285133,2.222787473980096,0.9444223016647239
8,1.23,0.9616364296371288,0.10934855242569191,2.204016806058067,0.9440157193890159
8,1.2349999999999999,0.9612181171434433,0.10841525206980401,2.185361098697553,0.9436054956152794
8,1.2400000000000002,0.9607960967125173,0.10748769707458689,2.1668201094844965,0.9431916096545266
8,1.245,0.9603703461209354,0.10656587511761301,2.1483935917723267,0.9427740407582379
8,1.25,0.9599408431361829,0.10564977366685535,2.1300812947264935,0.9423527681218533
8,1.255,0.9595075655182402,0.10473937998292232,2.111882963369153,0.9419277708882096
8,1.2600000000000002,0.9590704910211927,0.1038346811213004,2.0937983386240058,0.9414990281509269
8,1.2650000000000001,0.9586295973948539,0.1029356639346018,2.0758271573612412,0.9410665189577433
8,1.27,0.9581848623864051,0.10204231507481915,2.0579691524426145,0.9406302223138048
8,1.275,0.9577362637420476,0.10115462099558592,2.0402240527666478,0.9401901171849064
8,1.2800000000000002,0.957283779208671,0.100272567954442,2.0225915833139245,0.9397461825006915
8,1.2850000000000001,0.9568273865355357,0.09939614201510566,2.005071465192522,0.9392983971578092
8,1.29,0.9563670634759681,0.09852532904974787,1.9876634156834818,0.9388467400230288
8,1.295,0.9559027877890729,0.09766011474127456,1.9703671482864473,0.9383911899363196
8,1.3000000000000003,0.955434537241457,0.09680048458561019,1.9531823727653206,0.9379317257138898
8,1.3050000000000002,0.9549622896089686,0.09594642389398761,1.9361087951940517,0.9374683261511917
8,1.31,0.9544860226784502,0.09509791779523902,1.9191461180024443,0.937000970025893
8,1.315,0.9540057142495056,0.0942549512380928,1.9022940400220842,0.936529636100815
8,1.3199999999999998,0.95352134213628,0.09341750899347184,1.8855522565322929,0.9360543031268382
8,1.3250000000000002,0.9530328841692541,0.09258557565679493,1.868920459306148,0.9355749498457817
8,1.33,0.9525403181970526,0.09175913565028077,1.8523983366565508,0.9350915549932501
8,1.335,0.9520436220882643,0.090938173225254,1.8359855734823403,0.9346040973014546
8,1.3399999999999999,0.9515427737332772,0.09012267246445249,1.8196818513144262,0.9341125555020084
8,1.3450000000000002,0.9510377510461258,0.08931261728433698,1.8034868483619753,0.9336169083286964
8,1.35,0.9505285319663519,0.08850799143740196,1.7874002395586182,0.9331171345202212
8,1.355,0.9500150944608786,0.08770877851448616,1.7714216966086513,0.9326132128229272
8,1.3599999999999999,0.9494974165258963,0.08691496194708509,1.755550888033278,0.9321051219935012
8,1.3650000000000002,0.9489754761887619,0.08612652500966322,1.7397874792168464,0.9315928408016534
8,1.37,0.9484492515099107,0.08534345082196698,1.7241311324530986,0.9310763480327789
8,1.375,0.9479187205847804,0.08456572235133569,1.7085815069913826,0.9305556224906
8,1.38,0.9473838615457479,0.08379332241501436,1.693138259082902,0.9300306429997904
8,1.3850000000000002,0.9468446525640772,0.08302623368246326,1.6778010420268974,0.9295013884085827
8,1.3900000000000001,0.9463010718518803,0.08226443867766897,1.662569506216864,0.9289678375913596
8,1.395,0.9457530976640897,0.08150791978145133,1.6474432991866794,0.9284299694512305
8,1.4,0.945200708300442,0.08075665923377107,1.6324220656567547,0.9278877629225913
8,1.4050000000000002,0.9446438821074743,0.08001063913603362,1.6175054475801014,0.9273411969736739
8,1.4100000000000001,0.9440825974805306,0.07926984145339239,1.6026930841883908,0.9267902506090793
8,1.415,0.9435168328657798,0.07853424801704807,1.5879846120379362,0.9262349028723
8,1.42,0.9429465667622459,0.07780384052654638,1.5733796650556413,0.9256751328482307
8,1.4250000000000003,0.9423717777238468,0.07707860055207184,1.5588778745848721,0.9251109196656668
8,1.4300000000000002,0.9417924443614469,0.07635850953673907,1.5444788694312757,0.9245422424997948
8,1.435,0.941208545344917,0.07564354879887994,1.5301822759085195,0.9239690805746689
8,1.44,0.940620059405207,0.07493369953432708,1.515987717883959,0.9233914131656832
8,1.4449999999999998,0.9400269653364272,0.07422894281869365,1.5018948168242277,0.9228092196020307
8,1.4500000000000002,0.939429241997941,0.0735292596096483,1.487903191840732,0.9222224792691572
8,1.455,0.9388268683164666,0.07283463074918609,1.4740124597350674,0.9216311716112058
8,1.46,0.9382198232881881,0.07214503696589378,1.4602222350443215,0.921035276133454
8,1.4649999999999999,0.9376080859808769,0.071460458877211,1.4465321300862934,0.9204347724047458
8,1.4700000000000002,0.9369916355360216,0.0707808769916855,1.432941755004597,0.9198296400599153
8,1.475,0.9363704511709674,0.07010627171122312,1.4194507178136573,0.9192198588022049
8,1.48,0.9357445121810641,0.06943662333333173,1.406058624443589,0.9186054084056794
8,1.4849999999999999,0.9351137979418235,0.0687719120533592,1.3927650787849533,0.9179862687176317
8,1.4900000000000002,0.9344782879110834,0.06811211796672541,1.3795696827333952,0.9173624196609876
8,1.495,0.9338379616311828,0.06745722107114747,1.36647203623415,0.9167338412367028
8,1.5,0.9331927987311419,0.06680720126885807,1.353471737326407,0.9161005135261554
8,1.505,0.9325427789288525,0.06616203836881716,1.3405683821875438,0.915462416693539
8,1.5100000000000002,0.9318878820332746,0.0655217120889165,1.327761565177217,0.9148195309882455
8,1.5150000000000001,0.9312280879466408,0.06488620205817655,1.3150508788813005,0.9141718367472496
8,1.52,0.9305633766666683,0.06425548781893581,1.3024359141556707,0.9135193143974873
8,1.525,0.9298937282887769,0.06362954882903263,1.2899162601698475,0.9128619444582327
8,1.5300000000000002,0.9292191230083144,0.06300836446397841,1.2774915044504551,0.9121997075434696
8,1.5350000000000001,0.928539541122789,0.062391914019123085,1.2651612329245348,0.9115325843642654
8,1.54,0.9278549630341062,0.061780176711811886,1.2529250299626837,0.9108605557311361
8,1.545,0.9271653692508139,0.061173131683533444,1.2407824784220143,0.9101836025564136
8,1.5500000000000003,0.9264707403903516,0.06057075800205899,1.2287331596889457,0.9095017058566084
8,1.5550000000000002,0.9257710571813064,0.05997303466357283,1.2167766537218112,0.9088148467547715
8,1.56,0.925066300465673,0.05937994059479304,1.2049125390932784,0.9081230064828534
8,1.565,0.9243564512011201,0.05879145465508292,1.1931403930325792,0.9074261663840608
8,1.5699999999999998,0.9236414904632609,0.058207555638553045,1.181459791467555,0.9067243079152126
8,1.5750000000000002,0.9229213994479282,0.05762822227615312,1.169870309066498,0.9060174126490926
8,1.58,0.9221961594734536,0.057053433237754185,1.1583715192797976,0.905305462276802
8,1.585,0.9214657519829519,0.05648316713422019,1.1469629943813784,0.9045884386101081
8,1.5899999999999999,0.9207301585466077,0.055917402519469465,1.1356443055099321,0.9038663235837927
8,1.5950000000000002,0.9199893608639663,0.05535611789252561,1.124415022709941,0.9031390992579984
8,1.6,0.9192433407662289,0.054799291699557974,1.1132747149724929,0.9024067478205734
8,1.605,0.9184920802185487,0.05424690233591037,1.10222295027586,0.9016692515894127
8,1.6099999999999999,0.917735561322331,0.053698928148119704,1.0912592956258784,0.9009265930147996
8,1.6150000000000002,0.9169737663175367,0.053155347435922776,1.080383317096088,0.9001787546817448
8,1.62,0.9162066775849856,0.05261613845425206,1.0695945798676558,0.8994257193123217
8,1.625,0.9154342776486644,0.05208127941521953,1.0588926482690595,0.8986674697680034
8,1.63,0.914656549178033,0.051550748490089365,1.0482770858155464,0.8979039890519922
8,1.6350000000000002,0.9138734749903367,0.051024523811238114,1.037747455248344,0.8971352603115524
8,1.6400000000000001,0.913085038052915,0.05050258347410371,1.0273033185736504,0.896361266840338
8,1.645,0.9122912214855139,0.049984905539121376,1.0169442371013555,0.8955819920807165
8,1.65,0.911492008562598,0.0494714680336481,1.006669771483541,0.8947974196260938
8,1.6550000000000002,0.9106873827156629,0.04896224895387424,0.9964794817527207,0.8940075332232337
8,1.6600000000000001,0.9098773275355475,0.04845722626672279,0.9863729273598323,0.8932123167745759
8,1.665,0.909061826774746,0.04795637791173565,0.9763496672119731,0.8924117543405495
8,1.67,0.9082408643497193,0.04745968180294733,0.9664092597098821,0.8916058301418861
8,1.6750000000000003,0.907414424343205,0.04696711583074578,0.9565512627851648,0.890794528561926
8,1.6800000000000002,0.9065824910065281,0.04647865786372002,0.9467752339372566,0.8899778341489247
8,1.685,0.9057450487619072,0.045994285750494385,0.9370807302701158,0.8891557316183529
8,1.69,0.904902082204761,0.045513977321549805,0.9274673085286604,0.8883282058551945
8,1.6949999999999998,0.9040535761060124,0.04503771039103149,0.9179345251349293,0.8874952419162391
8,1.7000000000000002,0.9031995154143896,0.044565462758543006,0.9084819362239771,0.8866568250323715
8,1.705,0.9023398852587254,0.04409721221092707,0.8991090976794973,0.8858129406108572
8,1.71,0.9014746709502521,0.0436329365240319,0.8898155651691624,0.8849635742376214
8,1.7149999999999999,0.9006038579848943,0.043172613464464375,0.880600894179696,0.8841087116795245
8,1.7200000000000002,0.8997274320455579,0.04271622079132892,0.8714646400516629,0.8832483388866338
8,1.725,0.8988453790044141,0.04226373625795246,0.8624063580139785,0.8823824419944858
8,1.73,0.8979576849251809,0.04181513761359493,0.8534256032181303,0.8815110073263485
8,1.7349999999999999,0.8970643360653983,0.041370402605146094,0.8445219307721269,0.8806340213954734
8,1.7400000000000002,0.8961653188786995,0.040929508978807344,0.8356948957741448,0.8797514709073445
8,1.745,0.8952606200170776,0.040492434481759765,0.8269440533459016,0.8788633427619191
8,1.75,0.8943502263331446,0.040059156863817086,0.8182689586657282,0.8779696240558634
8,1.755,0.8934341248823869,0.039629653879064544,0.8096691670013574,0.877070302084781
8,1.7600000000000002,0.8925123029254131,0.039203903287482626,0.8011442337424112,0.8761653643454339
8,1.7650000000000001,0.8915847479301959,0.03878188285655675,0.7926937144326079,0.8752547985379573
8,1.77,0.8906514475743081,0.03836357036287122,0.7843171648016531,0.8743385925680663
8,1.775,0.8897123897471486,0.037948943593689125,0.7760141407968515,0.873416734549254
8,1.7800000000000002,0.8887675625521653,0.03753798034851676,0.7677841986144083,0.872489212804984
8,1.7850000000000001,0.8878169543090657,0.03713065844065356,0.7596268947304395,0.8715560158708721
8,1.79,0.8868605535560226,0.03672695569872628,0.7515417859316714,0.8706171324968592
8,1.795,0.8858983490518704,0.036326849968208716,0.7435284293458476,0.8696725516493791
8,1.8000000000000003,0.8849303297782918,0.03593031911292576,0.7355863824718225,0.8687222625135116
8,1.8050000000000002,0.8839564849419966,0.03553734101654273,0.7277152032093637,0.8677662544951308
8,1.81,0.8829768039768913,0.03514789358403879,0.7199144498886328,0.8668045172230419
8,1.815,0.8819912765462369,0.03476195474316552,0.7121836812993718,0.8658370405511062
8,1.8199999999999998,0.8809998925447993,0.034379502445890005,0.7045224567197783,0.8648638145603599
8,1.8250000000000002,0.8800026421009874,0.03400051466982242,0.6969303359450718,0.8638848295611176
8,1.83,0.8789995155789818,0.0336249694196283,0.6894068793157531,0.8629000760950692
8,1.835,0.8779905035808508,0.03325284472842523,0.6819516477455532,0.8619095449373615
8,1.8399999999999999,0.8769755969486566,0.03288411865916389,0.6745642027490677,0.8609132270986714
8,1.8450000000000002,0.8759547867665497,0.03251876930599386,0.6672441064690883,0.8599111138272667
8,1.85,0.8749280643628496,0.03215677479561371,0.6599909217036191,0.8589031966110527
8,1.855,0.8738954213121155,0.0317981132886053,0.6528042119325762,0.8578894671796096
8,1.8599999999999999,0.8728568494372018,0.031442762980752714,0.6456835413441832,0.8568699175062133
8,1.8650000000000002,0.8718123408113025,0.031090702104345436,0.638628474861048,0.8558445398098476
8,1.87,0.8707618877599821,0.030741908929465954,0.6316385781659294,0.854813326557199
8,1.875,0.8697054828631912,0.03039636176526137,0.624713417727186,0.8537762704646403
8,1.88,0.8686431189572693,0.03005403896119979,0.6178525608239173,0.8527333645001991
8,1.8850000000000002,0.8675747891369336,0.0297149189083106,0.6110555755707845,0.8516846018855124
8,1.8900000000000001,0.8665004867572528,0.029378980040409418,0.6043220309425252,0.8506299760977676
8,1.895,0.8654202054356039,0.02904620083530679,0.5976514967981418,0.8495694808716251
8,1.9,0.8643339390536173,0.028716559816001803,0.5910435439047884,0.8485031102011305
8,1.9050000000000002,0.8632416817591035,0.028390035551859375,0.5844977439613324,0.8474308583416076
8,1.9100000000000001,0.8621434279679645,0.028066606659772484,0.5780136696216136,0.8463527198115367
8,1.915,0.861039172366089,0.027746251805307872,0.571590894517373,0.8452686893944177
8,1.92,0.859928909911231,0.027428949703836802,0.5652289932808839,0.844178762140615
8,1.9250000000000003,0.858812635834871,0.027114679121649627,0.558927541567257,0.8430829333691865
8,1.9300000000000002,0.8576903456440608,0.02680341887705495,0.5526861160764391,0.8419811986696958
8,1.935,0.856562035123249,0.026495147841462834,0.5465042945748924,0.8408735539040061
8,1.94,0.8554277003360904,0.026189844940452685,0.5403816559169664,0.8397599952080572
8,1.9449999999999998,0.854287337627236,0.025887489154825145,0.5343177800659511,0.8386405189936241
8,1.9500000000000002,0.853140943624104,0.02558805952163861,0.5283122481148216,0.8375151219500566
8,1.955,0.851988515238634,0.025291535135230112,0.5223646423066703,0.8363838010460024
8,1.96,0.8508300496690187,0.024997895148220435,0.5164745460548247,0.8352465535311079
8,1.9649999999999999,0.8496655444014185,0.024707118772503898,0.5106415439626563,0.8341033769377024
8,1.9700000000000002,0.8484949972116562,0.024419185280222525,0.5048652218430791,0.8329542690824623
8,1.975,0.8473184061668896,0.02413407400472475,0.4991451667377383,0.8317992280680538
8,1.98,0.8461357696272652,0.023851764341508513,0.4934809669358854,0.8306382522847576
8,1.9849999999999999,0.8449470862475504,0.023572235749149177,0.48787221199295155,0.8294713404120709
8,1.9900000000000002,0.8437523549787453,0.023295467750211803,0.48231849274880667,0.8282984914202913
8,1.995,0.8425515750696722,0.023021439932148342,0.4768194013457173,0.8271197045720765
8,2.0,0.8413447460685429,0.022750131948179195,0.47137453124599116,0.8259349794239849
8,2.005,0.840131867824506,0.022481523518159723,0.46598347724932143,0.8247443158279935
8,2.0100000000000002,0.8389129404891691,0.022215594429431457,0.4606458355098239,0.8235477139329933
8,2.015,0.8376879645181008,0.021952324537658184,0.45536120355277254,0.8223451741862653
8,2.02,0.8364569406723077,0.02169169376764678,0.4501291802910288,0.8211366973349284
8,2.025,0.8352198700196897,0.021433682114152985,0.4449493660411704,0.8199222844273708
8,2.0300000000000002,0.8339767539364703,0.02117826964267226,0.4398213625393211,0.8187019368146528
8,2.035,0.8327275941086049,0.02092543649021554,0.43474477295667857,0.8174756561518902
8,2.04,0.8314723925331622,0.020675162866070042,0.4297192019147427,0.8162434443996113
8,2.045,0.8302111515196839,0.020427429052545333,0.4247442555002494,0.8150053038250902
8,2.0500000000000003,0.8289438736915182,0.020182215405704383,0.4198195412798039,0.813761237003658
8,2.055,0.8276705619871281,0.019939502356080104,0.41494466831422305,0.8125112468199864
8,2.06,0.8263912196613754,0.019699270409376895,0.41011924717257786,0.8112553364693486
8,2.065,0.825105850286778,0.01946150014715788,0.40534288994594997,0.8099935094588534
8,2.0700000000000003,0.8238144577547419,0.01922617222751726,0.40061521026088975,0.8087257696086555
8,2.075,0.8225170462767677,0.018993267385738533,0.3959358232925913,0.8074521210531391
8,2.08,0.8212136203856283,0.01876276643493775,0.3913043457777688,0.8061725682420754
8,2.085,0.8199041849365231,0.01853465026669295,0.3867203960272556,0.8048871159417548
8,2.09,0.8185887451082028,0.01830889985165897,0.38218359393831025,0.8035957692360911
8,2.095,0.8172673064040681,0.01808549624016806,0.3776935610066392,0.8022985335277015
8,2.1,0.8159398746532405,0.017864420562816542,0.3732499203381393,0.8009954145389564
8,2.105,0.8146064560116055,0.01764565403103706,0.3688522966603525,0.7996864183130047
8,2.11,0.8132670569628274,0.017429177937657088,0.36450031633364516,0.7983715512147687
8,2.115,0.8119216843193366,0.0172149736574434,0.36019360736210587,0.7970508199319154
8,2.12,0.8105703452232879,0.017003022647632787,0.35593179940416886,0.7957242314757956
8,2.125,0.8092130471474893,0.016793306448448803,0.3517145237829569,0.7943917931823566
8,2.13,0.8078497978963038,0.01658580668360501,0.3475414134963542,0.7930535127130275
8,2.1350000000000002,0.8064806056065192,0.01638050506079452,0.3434121032268048,0.7917093980555725
8,2.14,0.8051054787481916,0.01617738337216608,0.33932622935084206,0.7903594575249199
8,2.145,0.8037244261254556,0.01597642349478663,0.335283429948346,0.7890036997639567
8,2.15,0.8023374568773076,0.0157776073910905,0.3312833448115343,0.7876421337442986
8,2.1550000000000002,0.8009445804783576,0.015580917109315454,0.32732561545368993,0.7862747687670268
8,2.16,0.7995458067395502,0.015386334783925445,0.3234098851176214,0.7849016144633969
8,2.165,0.7981411458088563,0.015193842636020248,0.3195357987838616,0.7835226807955173
8,2.17,0.7967306081719316,0.015003422973732207,0.3157030031786081,0.7821379780569963
8,2.1750000000000003,0.7953142046527473,0.014815058192609911,0.31191114678140097,0.7807475168735603
8,2.18,0.7938919464141869,0.014628730775989246,0.3081598798325489,0.7793513082036411
8,2.185,0.7924638449586122,0.014444423295351491,0.30444885434029506,0.7779493633389298
8,2.19,0.7910299121283983,0.014262118410668878,0.3007777240877321,0.776541693904904
8,2.1950000000000003,0.7895901601064362,0.01408179887073763,0.2971461446394666,0.7751283118613194
8,2.2,0.7881446014166033,0.013903447513498595,0.293553773348034,0.7737092295026727
8,2.205,0.7866932489242013,0.013727047266345301,0.2900002693600631,0.772284459458632
8,2.21,0.7852361158363629,0.013552581146419983,0.28648529362219854,0.7708540146944343
8,2.215,0.7837732157024245,0.01338003226089734,0.28300850888677737,0.769417908511253
8,2.22,0.7823045624142668,0.01320938380725627,0.2795695797172656,0.7679761545465318
8,2.225,0.7808301702066226,0.013040619073539617,0.276168172493454,0.7665287667742867
8,2.23,0.7793500536573503,0.012873721438602014,0.2728039554164153,0.7650757595053744
8,2.235,0.7778642276876762,0.012708674372346022,0.26947659851322703,0.7636171473877306
8,2.24,0.7763727075624005,0.012545461435946563,0.26618577364146034,0.7621529454065723
8,2.245,0.774875508890073,0.012384066282063831,0.26293115449343685,0.7606831688845694
8,2.25,0.7733726476231317,0.012224472655044696,0.2597124166002556,0.7592078334819822
8,2.255,0.7718641400580104,0.012066664391112734,0.25652923733559263,0.757726955196765
8,2.2600000000000002,0.7703500028352094,0.011910625418547052,0.2533812959192743,0.756240550364638
8,2.265,0.768830252939335,0.011756339757849968,0.250268273420629,0.754748635659124
8,2.27,0.7673049076991025,0.011603791521903535,0.24718985276161468,0.7532512280915524
8,2.275,0.7657739847873051,0.011452964916115225,0.24414571871972826,0.7517483450110285
8,2.2800000000000002,0.7642375022207488,0.01130384423855278,0.24113555793069952,0.7502400041043696
8,2.285,0.7626954783601526,0.011156413880068234,0.2381590588909664,0.7487262233960069
8,2.29,0.7611479319100133,0.011010658324411388,0.2352159119599398,0.7472070212478527
8,2.295,0.7595948819184355,0.010866562148332686,0.23230580936205575,0.7456824163591336
8,2.3000000000000003,0.758036347776927,0.010724110021675795,0.22942844518862093,0.7441524277661903
8,2.305,0.756472349220159,0.010583286707459784,0.22658351539944968,0.7426170748422409
8,2.31,0.7549029063256906,0.010444077061951083,0.22377071782429644,0.7410763772971116
8,2.315,0.7533280395136581,0.010306466034725407,0.22098975216408684,0.7395303551769311
8,2.3200000000000003,0.7517477695464294,0.010170438668719667,0.2182403199919475,0.7379790288637914
8,2.325,0.7501621175282229,0.010035980100274053,0.21552212475404006,0.7364224190753741
8,2.33,0.7485711049046898,0.009903075559164245,0.21283487177019542,0.7348605468645395
8,2.335,0.7469747534624621,0.009771710368624014,0.21017826823435704,0.733293433618884
8,2.34,0.745373085328664,0.00964186994535833,0.2075520232148327,0.7317211010602592
8,2.345,0.7437661229703878,0.009513539799546914,0.2049558476543551,0.7301435712442589
8,2.35,0.7421538891941353,0.009386705534838566,0.20238945436995726,0.7285608665596688
8,2.355,0.7405364071452203,0.00926135284833618,0.19985255805266128,0.726973009727882
8,2.36,0.7389137003071384,0.009137467530572669,0.1973448752669847,0.725380023802279
8,2.365,0.7372857925008991,0.009015035465477907,0.19486612445026658,0.7237819321675721
8,2.37,0.7356527078843225,0.008894042630336772,0.19241602591181514,0.7221787585391158
8,2.375,0.7340144709512995,0.00877447509573836,0.18999430183187843,0.7205705269621797
8,2.38,0.732371106531017,0.008656319025516543,0.18760067626044086,0.7189572618111886
8,2.3850000000000002,0.7307226397871459,0.00853956067668199,0.18523487511584907,0.7173389877889245
8,2.39,0.7290690962169942,0.008424186399345685,0.1828966261832667,0.7157157299256961
8,2.395,0.7274105016506229,0.008310182636634095,0.1805856591129617,0.7140875135784702
8,2.4,0.7257468822499265,0.008197535924596131,0.17830170541842924,0.7124543644299699
8,2.4050000000000002,0.7240782645076774,0.008086232892101933,0.17604449847435016,0.7108163084877354
8,2.41,0.7224046752465351,0.007976260260733725,0.17381377351439053,0.7091733720831517
8,2.415,0.720726141618017,0.007867604844668596,0.17160926762883888,0.7075255818704396
8,2.42,0.7190426911014357,0.0077602535505536425,0.16943071976209048,0.7058729648256101
8,2.4250000000000003,0.7173543515027992,0.007654193377373303,0.16727787070997457,0.7042155482453866
8,2.43,0.7156611509536758,0.007549411416309199,0.16515046311693132,0.7025533597460896
8,2.435,0.7139631179100213,0.007445894850592388,0.16304824147303634,0.700886427262486
8,2.44,0.712260281150973,0.007343630955348342,0.16097095211087933,0.6992147790466048
8,2.4450000000000003,0.7105526697776057,0.007242607097434624,0.1589183432022959,0.6975384436665163
8,2.45,0.7088403132116536,0.007142810735271415,0.15689016475495593,0.6958574500050767
8,2.455,0.7071232411941949,0.007044229418664997,0.15488616860881055,0.6941718272586372
8,2.46,0.705401483784302,0.006946850788624312,0.1529061084323998,0.6924816049357192
8,2.465,0.7036750713576556,0.006850662577170646,0.15094973971902262,0.6907868128556535
8,2.47,0.7019440346051236,0.006755652607140648,0.14901681978277262,0.689087481147185
8,2.475,0.7002084045313041,0.006661808791982698,0.14710710775444039,0.6873836402470429
8,2.48,0.6984682124530338,0.006569119135546763,0.14522036457728502,0.6856753208984764
8,2.485,0.6967234899978605,0.006477571731867845,0.14335635300267674,0.6839625541497538
8,2.49,0.6949742691024805,0.006387154764943171,0.14151483758561417,0.682245371352631
8,2.495,0.6932205820111423,0.006297856508503128,0.13969558468011534,0.6805238041607822
8,2.5,0.6914624612740131,0.006209665325776132,0.1378983624344874,0.6787978845281977
8,2.505,0.6896999397455122,0.0061225696692475485,0.13612294078647627,0.6770676447075469
8,2.5100000000000002,0.6879330505826093,0.006036558080412654,0.134369091458297,0.6753331172485086
8,2.515,0.6861618272430887,0.005951619189523932,0.13263658795154992,0.6735943349960664
8,2.52,0.6843863034837774,0.005867741715332562,0.13092520554202014,0.6718513310887694
8,2.525,0.682606513358741,0.0057849144648244415,0.12923472127436716,0.6701041389569612
8,2.5300000000000002,0.6808224912174441,0.005703126332950689,0.12756491395670366,0.6683527923209741
8,2.535,0.6790342717028779,0.0056223663023528235,0.125915564155067,0.6665973251892908
8,2.54,0.6772418897496523,0.005542623443082601,0.1242864541877834,0.6648377718566715
8,2.545,0.6754453805820554,0.005463886912316763,0.12267736811973004,0.6630741669022487
8,2.5500000000000003,0.6736447797120799,0.005386145954066684,0.12108809175649395,0.6613065451875907
8,2.555,0.6718401229374151,0.005309389898883071,0.11951841263843205,0.6595349418547289
8,2.56,0.6700314463394064,0.005233608163555782,0.11796812003463264,0.6577593923241559
8,2.565,0.668218786280981,0.005158790250808884,0.11643700493678112,0.655979932292789
8,2.5700000000000003,0.6664021794045423,0.005084925748991031,0.11492486005293165,0.654196597731902
8,2.575,0.6645816626298304,0.005012004331761333,0.11343147980118805,0.6524094248850267
8,2.58,0.6627572731517505,0.004940015757770645,0.11195666030329249,0.6506184502658199
8,2.585,0.6609290484381688,0.004868949870338576,0.11050019937812813,0.6488237106558997
8,2.59,0.6590970262276774,0.004798796597126178,0.10906189653513457,0.6470252431026519
8,2.595,0.6572612445273261,0.004729545949804448,0.10764155296763939,0.6452230849170029
8,2.6,0.6554217416103241,0.004661188023718747,0.10623897154610705,0.6434172736711634
8,2.605,0.6535785560137083,0.004593712997549223,0.10485395681130764,0.6416078471963403
8,2.61,0.6517317265359824,0.004527111132967324,0.10348631496740679,0.6397948435804176
8,2.615,0.6498812922347242,0.004461372774288519,0.10213585387497907,0.6379783011656086
8,2.62,0.6480272924241628,0.004396488348121309,0.10080238304394702,0.6361582585460772
8,2.625,0.6461697666727237,0.004332448363012557,0.09948571362644536,0.6343347545655281
8,2.63,0.6443087548005468,0.004269243409089351,0.09818565840961618,0.6325078283147697
8,2.6350000000000002,0.6424442968769707,0.004206864157697388,0.09690203180833323,0.630677519129245
8,2.64,0.6405764332179912,0.004145301361036037,0.09563464985785985,0.6288438665865368
8,2.645,0.6387052043836872,0.0040845458517900736,0.09438333020643941,0.6270069105038402
8,2.65,0.6368306511756191,0.004024588542758306,0.09314789210782334,0.6251666909354088
8,2.6550000000000002,0.6349528146341983,0.003965420426479076,0.09192815641373589,0.6233232481699726
8,2.66,0.6330717360360281,0.003907032574852774,0.090723945566279,0.6214766227281279
8,2.665,0.6311874568912148,0.003849416138761434,0.08953508359027776,0.6196268553596966
8,2.67,0.6293000189406536,0.0037925623476854887,0.08836139608556913,0.6177739870410628
8,2.6750000000000003,0.6274094641532839,0.003736462509317785,0.08720271021923504,0.6159180589724781
8,2.68,0.62551583472332,0.00368110800917498,0.08605885471778249,0.6140591125753423
8,2.685,0.6236191730674514,0.0036264903102062747,0.0849296598592704,0.6121971894894569
8,2.69,0.6217195218220193,0.0035726009523997368,0.08381495746538711,0.6103323315702506
8,2.6950000000000003,0.619816923840165,0.0035194315523861706,0.082714580893479,0.6084645808859823
8,2.7,0.6179114221889526,0.0034669738030406647,0.08162836502853153,0.6065939797149155
8,2.705,0.6160030601464654,0.003415219473081882,0.08055614627510532,0.6047205705424675
8,2.71,0.6140918811988774,0.0033641604066691933,0.07949776254922802,0.6028443960583352
8,2.715,0.6121779290374987,0.00331378852299771,0.07845305327024421,0.6009654991535947
8,2.72,0.6102612475557971,0.003264095815891309,0.07742185935262429,0.5990839229177767
8,2.725,0.6083418808463947,0.003215074353393732,0.07640402319773465,0.5971997106359187
8,2.73,0.6064198731980396,0.0031667162773577934,0.0753993886855695,0.5953129057855923
8,2.735,0.604495269092554,0.0031190138030328407,0.07440780116644724,0.5934235520339066
8,2.74,0.6025681132017604,0.003071959218650488,0.07342910745267195,0.591531693234491
8,2.745,0.6006384503843825,0.0030255448850087514,0.07246315581016251,0.5896373734244532
8,2.75,0.5987063256829237,0.002979763235054555,0.07150979595004849,0.5877406368213144
8,2.755,0.5967717843205245,0.0029346067734648293,0.07056887902023778,0.585841527819924
8,2.7600000000000002,0.5948348716977958,0.0028900680762261443,0.06964025759695427,0.5839400909893524
8,2.765,0.5928956333896329,0.0028461397902130345,0.06872378567624908,0.582036371069761
8,2.77,0.5909541151420059,0.002802814632765025,0.06781931866548532,0.5801304129692535
8,2.775,0.5890103628687297,0.0027600853912624697,0.06692671337479875,0.5782222617607037
8,2.7800000000000002,0.5870644226482145,0.002717944922701255,0.06604582800853537,0.5763119626785665
8,2.785,0.5851163407201957,0.002676386153266453,0.06517652215666764,0.5743995611156669
8,2.79,0.5831661634824423,0.0026354020779049527,0.06431865678618981,0.5724851026199693
8,2.795,0.5812139374874482,0.002594985759897172,0.06347209423249445,0.5705686328913288
8,2.8000000000000003,0.579259709439103,0.002555130330427929,0.06263669819073209,0.5686501977782232
8,2.805,0.5773035261893451,0.002515828988156486,0.061812333707153486,0.5667298432744682
8,2.81,0.5753454347347954,0.002477074998785861,0.06099886717043741,0.5648076155159111
8,2.815,0.5733854822133744,0.002438861694631486,0.060196166303004575,0.5628835607771114
8,2.8200000000000003,0.5714237159009006,0.0024011824741892477,0.059404100152319186,0.560957725468001
8,2.825,0.5694601832076737,0.002364030801703001,0.05862253908217943,0.5590301561305295
8,2.83,0.5674949316750384,0.0023274002067315515,0.057851354763997165,0.5571008994352914
8,2.835,0.5655280089719352,0.002291284283715272,0.05709042016806984,0.5551700021781404
8,2.84,0.5635594628914329,0.0022556766915423202,0.05633960955484422,0.5532375112767843
8,2.845,0.5615893413472468,0.0022205711531145616,0.055598798466173875,0.5513034737673685
8,2.85,0.5596176923702425,0.0021859614549132405,0.054867863716571395,0.5493679368010423
8,2.855,0.5576445641049235,0.00215184144656448,0.05414668338445679,0.547430947640512
8,2.86,0.5556700048059064,0.0021182050404046217,0.05343513680340247,0.5454925536565802
8,2.865,0.5536940628343816,0.002085046211045508,0.05273310455337688,0.5435528023246708
8,2.87,0.5517167866545611,0.0020523589949397536,0.052040468451987495,0.5416117412213434
8,2.875,0.5497382248301129,0.0020201374899460017,0.05135711154572338,0.5396694180207908
8,2.88,0.5477584260205839,0.0019883758548943256,0.050682918101200305,0.5377258804913294
8,2.8850000000000002,0.5457774389778102,0.001957068309151727,0.05001777359640771,0.5357811764918744
8,2.89,0.5437953125423167,0.0019262091321878587,0.04936156471195975,0.5338353539684052
8,2.895,0.5418120956397047,0.0018957926631409455,0.048714179322350185,0.5318884609504195
8,2.9,0.539827837277029,0.0018658133003840375,0.04807550648721365,0.5299405455473766
8,2.9050000000000002,0.5378425865391663,0.0018362655010915867,0.047445436442593227,0.5279916559451321
8,2.91,0.535856392585172,0.0018071437808064273,0.04682386059221586,0.5260418404023622
8,2.915,0.5338693046446292,0.0017784427130071682,0.04621067149877581,0.5240911472469786
8,2.92,0.5318813720139874,0.0017501569286760992,0.04560576287522822,0.5221396248725347
8,2.9250000000000003,0.5298926440528946,0.0017222811158676223,0.045009029576092985,0.5201873217346252
8,2.93,0.527903170180521,0.0016948100192772598,0.04442036758877007,0.5182342863472766
8,2.935,0.5259129998718738,0.0016677384398112794,0.04383967402486684,0.5162805672793296
8,2.94,0.5239221826541068,0.0016410612341569964,0.04326684711153893,0.5143262131508167
8,2.9450000000000003,0.5219307681028234,0.0016147733143537888,0.04270178618284517,0.5123712726293324
8,2.95,0.5199388058383724,0.0015888696473648667,0.042144391671117484,0.5104157944263971
8,2.955,0.517946345522139,0.001563345254649826,0.04159456509834631,0.508459827293816
8,2.96,0.5159534368528308,0.0015381952117380577,0.04105220906758301,0.506503420020033
8,2.9650000000000003,0.5139601295627582,0.0015134146478030228,0.04051722725435956,0.5045466214264797
8,2.97,0.5119664734141126,0.0014889987452374632,0.03998952439812676,0.5025894803639209
8,2.975,0.509972518195238,0.0014649427392295431,0.039469006293711036,0.5006320457087956
8,2.98,0.5079783137169019,0.0014412419173400134,0.03895557978279151,0.49867436635955503
8,2.985,0.5059839098085622,0.0014178916190803975,0.03844915274539759,0.4967164912329987
8,2.99,0.5039893563146315,0.0013948872354922468,0.03794963409142772,0.49475846926060707
8,2.995,0.5019947030907408,0.0013722242087275249,0.037456933752190766,0.49280034938487344
8,3.0,0.5,0.0013498980316300933,0.03697096267196927,0.4908421805556329
8,3.005,0.4980052969092592,0.0013279042473184172,0.03649163279960716,0.48888401172639234
8,3.01,0.49601064368536846,0.0013062384487694675,0.036018857080121335,0.48692589185065865
8,3.0149999999999997,0.4940160901914379,0.0012848962784038618,0.03555254944633792,0.4849678698782672
8,3.0200000000000005,0.49202168628309784,0.0012638734276722973,0.03509262481055446,0.4830099947517105
8,3.0250000000000004,0.4900274818047618,0.0012431656366432922,0.03463899905622822,0.48105231540247
8,3.0300000000000002,0.4880335265858873,0.0012227686935922595,0.03419158902969109,0.4790948807473447
8,3.035,0.4860398704372416,0.0012026784345919692,0.033750312531892375,0.47713773968478596
8,3.04,0.4840465631471692,0.0011828907431044046,0.03331508831016939,0.47518094109123277
8,3.045,0.48205365447786097,0.0011634015495740624,0.03288583605004698,0.47322453381744983
8,3.05,0.4800611941616276,0.0011442068310226977,0.032462476367066055,0.4712685666848687
8,3.0549999999999997,0.47806923189717665,0.0011253026106455783,0.032044930798642186,0.4693130884819334
8,3.0600000000000005,0.47607781734589294,0.0011066849574092451,0.03163312179595457,0.4673581479604488
8,3.0650000000000004,0.47408700012812605,0.0010883499856508294,0.031226972715866087,0.465403793831936
8,3.0700000000000003,0.47209682981947876,0.0010702938546789226,0.03082640781287445,0.463450074763989
8,3.075,0.4701073559471052,0.0010525127683760653,0.030431352231095887,0.4614970393766404
8,3.08,0.4681186279860126,0.0010350029748028417,0.03004173199628103,0.4595447362387311
8,3.085,0.4661306953553708,0.0010177607658036273,0.029657474007863886,0.45759321386428725
8,3.09,0.46414360741482796,0.0010007824766140115,0.02927850603104451,0.45564252070890354
8,3.0949999999999998,0.4621574134608338,0.0009840644854699021,0.028904756688905325,0.4536927051661337
8,3.0999999999999996,0.4601721627229712,0.0009676032132183563,0.028536155454562184,0.4517438155638894
8,3.1050000000000004,0.4581879043602952,0.0009513951229301497,0.028172632643350296,0.44979590016084614
8,3.1100000000000003,0.45620468745768306,0.0009354367195140976,0.027814119405045332,0.4478490071428603
8,3.115,0.45422256102218966,0.0009197245493331581,0.027460547716120293,0.4459031846193912
8,3.12,0.4522415739794161,0.0009042551998223395,0.027111850372038664,0.44395848061993637
8,3.125,0.4502617751698871,0.0008890252991084321,0.026767960979584216,0.442014943090475
8,3.13,0.4482832133454389,0.0008740315156315678,0.026428813949227505,0.44007261988992247
8,3.135,0.4463059371656184,0.0008592705577686443,0.026094344487529883,0.4381315587865948
8,3.1399999999999997,0.4443299951940937,0.0008447391734586283,0.02576448858958527,0.43619180745468566
8,3.1450000000000005,0.4423554358950763,0.0008304341498297374,0.02543918303149968,0.43425341347075347
8,3.1500000000000004,0.44038230762975733,0.0008163523128285604,0.025118365362909782,0.4323164243102232
8,3.1550000000000002,0.438410658652753,0.0008024905268510631,0.024801973899539302,0.43038088734389707
8,3.16,0.4364405371085671,0.0007888456943755722,0.024489947715795272,0.4284468498344814
8,3.165,0.4344719910280648,0.0007754147555976985,0.024182226637403312,0.4265143589331254
8,3.17,0.4325050683249616,0.0007621946880672346,0.023878751234082576,0.42458346167597427
8,3.175,0.4305398167923264,0.000749182506327042,0.023579462812260824,0.42265420498073636
8,3.1799999999999997,0.4285762840990994,0.0007363752615539312,0.023284303407829533,0.42072663564326473
8,3.1850000000000005,0.4266145177866254,0.0007237700412015597,0.02299321577893967,0.41880080033415407
8,3.1900000000000004,0.4246545652652044,0.0007113639686453621,0.022706143398838422,0.4168767455953545
8,3.1950000000000003,0.4226964738106548,0.0006991542028294929,0.022423030448746363,0.41495451783679754
8,3.2,0.4207402905608969,0.0006871379379158471,0.022143821810776565,0.4130341633330424
8,3.205,0.4187860625125518,0.000675312402935124,0.021868463060894815,0.411115728219937
8,3.21,0.41683383651755773,0.0006636748614399672,0.021596900461921698,0.40919925849129646
8,3.215,0.4148836592798043,0.0006522226111601838,0.02132908095657656,0.40728479999559875
8,3.2199999999999998,0.4129355773517855,0.0006409529836600559,0.02106495216056363,0.40537239843269923
8,3.2249999999999996,0.4109896371312705,0.0006298633439977498,0.02080446235570045,0.40346209935056226
8,3.2300000000000004,0.409045884857994,0.0006189510903868344,0.02054756048308883,0.40155394814201223
8,3.2350000000000003,0.40710436661036686,0.0006082136538599199,0.02029419613632854,0.39964799004150453
8,3.24,0.4051651283022041,0.0005976484979344157,0.020044319554773704,0.39774427012191327
8,3.245,0.40322821567947553,0.0005872531182804212,0.019797881616832325,0.3958428332913416
8,3.25,0.4012936743170763,0.0005770250423907659,0.019554833833309027,0.3939437242899514
8,3.255,0.39936154961561754,0.000566961829253179,0.019315128340790865,0.39204698768681256
8,3.26,0.3974318867982396,0.0005570610690246214,0.019078717895076727,0.3901526678767747
8,3.2649999999999997,0.39550473090744614,0.0005473203827077759,0.018845555864650285,0.3882608090773594
8,3.2700000000000005,0.3935801268019603,0.0005377374218296939,0.018615596224196493,0.38637145532567335
8,3.2750000000000004,0.39165811915360504,0.0005283098681226196,0.01838879354816204,0.3844846504753468
8,3.2800000000000002,0.3897387524442027,0.0005190354332069723,0.018165103004359362,0.3826004381934889
8,3.285,0.38782207096250126,0.0005099118582765196,0.017944480347614887,0.380718861957671
8,3.29,0.38590811880112263,0.0005009369137857222,0.01772688191346118,0.37883996505293055
8,3.295,0.38399693985353456,0.0004921083991392656,0.01751226461187322,0.37696379056879825
8,3.3,0.38208857781104744,0.00048342414238377744,0.01730058592104882,0.37509038139635026
8,3.3049999999999997,0.38018307615983504,0.00047488199990173245,0.017091803881233315,0.37321978022528335
8,3.3100000000000005,0.3782804781779805,0.0004664798561075482,0.016885877088588422,0.37135202954101487
8,3.3150000000000004,0.3763808269325485,0.00045821562314588465,0.016682764689105747,0.3694871716218088
8,3.3200000000000003,0.3744841652766798,0.00045008724059211654,0.016482426372564085,0.3676252485359231
8,3.325,0.3725905358467159,0.00044209267515502113,0.016284822366531643,0.36576630213878747
8,3.33,0.37069998105934643,0.0004342299203816554,0.016089913430412404,0.3639103740702028
8,3.335,0.3688125431087852,0.00042649699636442706,0.01589766084953696,0.362057505751569
8,3.34,0.366928263963972,0.0004188919494503698,0.015708026429297826,0.36020773838313774
8,3.3449999999999998,0.3650471853658017,0.0004114128519526078,0.015520972489329139,0.35836111294129286
8,3.3500000000000005,0.3631693488243807,0.00040405780186402,0.015336461857730733,0.35651767017585656
8,3.3550000000000004,0.3612947956163127,0.0003968249225731061,0.015154457865336915,0.3546774506074253
8,3.3600000000000003,0.3594235667820086,0.0003897123625820309,0.01497492434002915,0.3528404945247285
8,3.365,0.35755570312302914,0.00038271829522687695,0.014797825601093585,0.3510068419820203
8,3.37,0.3556912451994532,0.0003758409184000827,0.014623126453622718,0.3491765327964958
8,3.375,0.3538302333272762,0.0003690784542750669,0.014450792182961362,0.3473496065457372
8,3.38,0.35197270757583726,0.00036242914903304377,0.01428078854919696,0.3455261025651882
8,3.385,0.35011870776527576,0.00035589127259201927,0.01411308178169406,0.34370605994565673
8,3.3899999999999997,0.34826827346401773,0.0003494631183379716,0.013947638573673028,0.34188951753084784
8,3.3950000000000005,0.3464214439862915,0.00034314300285820317,0.01378442607683273,0.3400765139149247
8,3.4000000000000004,0.3445782583896757,0.0003369292656768799,0.013623411896017575,0.3382670874401015
8,3.4050000000000002,0.3427387554726737,0.0003308202689927216,0.013464564083928052,0.336461276194262
8,3.41,0.34090297377232254,0.00032481439741887747,0.013307851135875622,0.33465911800861303
8,3.415,0.3390709515618312,0.0003189100577249528,0.01315324198458118,0.3328606504553652
8,3.42,0.3372427268482495,0.00031310567858119963,0.01300070599501736,0.33106591084544496
8,3.425,0.3354183373701696,0.0003073997103048562,0.012850212959294418,0.32927493622623794
8,3.4299999999999997,0.33359782059545773,0.00030179062460863724,0.012701733091589725,0.3274877633793626
8,3.4350000000000005,0.3317812137190189,0.00029627691435136523,0.012555237023120657,0.32570442881847544
8,3.4400000000000004,0.3299685536605935,0.0002908570932907428,0.012410695797160911,0.3239249687871082
8,3.4450000000000003,0.32815987706258465,0.0002855296958382507,0.012268080864099945,0.32214941925653495
8,3.45,0.32635522028791997,0.00028029327681617744,0.012127364076545626,0.3203778159236731
8,3.455,0.3245546194179446,0.0002751464112167654,0.011988517684469865,0.318610194209015
8,3.46,0.32275811025034773,0.0002700876939634741,0.011851514330397167,0.3168465892545921
8,3.465,0.32096572829712205,0.00026511573967434425,0.011716327044635839,0.3150870359219724
8,3.4699999999999998,0.3191775087825559,0.0002602291824274667,0.011582929240551904,0.31333156879028884
8,3.4750000000000005,0.3173934866412589,0.00025542667552854364,0.011451294709885481,0.3115802221543013
8,3.4800000000000004,0.3156136965162224,0.0002507068912805372,0.011321397618109581,0.30983303002249274
8,3.4850000000000003,0.31383817275691106,0.00024606852075539226,0.011193212499830959,0.3080900261151953
8,3.49,0.31206694941739044,0.00024151027356783604,0.011066714254233173,0.30635124386275264
8,3.495,0.31030006025448775,0.00023703087765123746,0.01094187814056148,0.30461671640371407
8,3.5,0.3085375387259869,0.00023262907903552502,0.010818679773649528,0.30288647658306284
8,3.505,0.30677941798885766,0.0002283036416271504,0.010697095119487618,0.30116055695047766
8,3.51,0.3050257308975195,0.00022405334699109302,0.010577100490832428,0.2994389897586283
8,3.5149999999999997,0.3032765100021397,0.0002198769941348942,0.01045867254285798,0.2977218069615049
8,3.5200000000000005,0.301531787546966,0.00021577339929471692,0.010341788268847765,0.2960090402127813
8,3.5250000000000004,0.2997915954686958,0.00021174139572341754,0.0102264249959278,0.2943007208642137
8,3.5300000000000002,0.29805596539487633,0.000207779833480621,0.010112560380840335,0.2925968799640707
8,3.535,0.2963249286423444,0.0002038875792247969,0.010000172405758328,0.29089754825560127
8,3.54,0.294598516215698,0.0002000635160073201,0.009889239374140215,0.28920275617553437
8,3.545,0.2928767588058051,0.00019630654306850877,0.009779739906624906,0.28751253385261505
8,3.55,0.2911596867883464,0.00019261557563563333,0.009671652936966882,0.2858269111061741
8,3.5549999999999997,0.28944733022239433,0.00018898954472288193,0.009564957708011067,0.2841459174447327
8,3.5600000000000005,0.2877397188490268,0.00018542739693327737,0.009459633767707417,0.2824695820646421
8,3.5650000000000004,0.2860368820899786,0.00018192809426253534,0.009355660965165028,0.28079793384875906
8,3.5700000000000003,0.28433884904632406,0.0001784906139048469,0.009253019446745323,0.2791310013651533
8,3.575,0.28264564849720064,0.00017511394806058708,0.009151689652194542,0.2774688128658538
8,3.58,0.2809573088985643,0.0001717971037459305,0.009051652310814978,0.2758113962856276
8,3.585,0.27927385838198304,0.00016853910260436773,0.008952888437674928,0.2741587792407951
8,3.59,0.27759532475346493,0.00016533898072010951,0.008855379329857086,0.2725109890280796
8,3.5949999999999998,0.2759217354923226,0.00016219578843337326,0.008759106562745249,0.27086805262349234
8,3.6000000000000005,0.27425311775007344,0.0001591085901575332,0.008664051986348982,0.2692299966812536
8,3.6050000000000004,0.27258949834937696,0.0001560764641981361,0.008570197721666298,0.26759684753274854
8,3.6100000000000003,0.2709309037830056,0.0001530985025737548,0.008477526157083732,0.26596863118551767
8,3.615,0.2692773602128539,0.00015017381083868615,0.008386019944814027,0.2643453733222837
8,3.62,0.267628893468983,0.00014730150790747234,0.008295661997370956,0.2627270993000136
8,3.625,0.26598552904870054,0.00014448072588123552,0.008206435484081098,0.2611138341490156
8,3.63,0.2643472921156776,0.00014171060987581906,0.008118323827632416,0.2595056025720721
8,3.635,0.2627142074991009,0.00013899031785171952,0.008031310700659374,0.2579024289436074
8,3.6399999999999997,0.2610862996928617,0.000136319020445802,0.007945380022364357,0.2563043373088914
8,3.6450000000000005,0.2594635928547796,0.00013369590080478442,0.007860515955175186,0.2547113513832779
8,3.6500000000000004,0.2578461108058646,0.00013112015442048433,0.0077767029014385695,0.25312349455147987
8,3.6550000000000002,0.2562338770296121,0.00012859098896680915,0.007693925500149089,0.2515407898668774
8,3.66,0.2546269146713361,0.00012610762413848634,0.00761216862371368,0.24996326005086333
8,3.665,0.2530252465375379,0.00012366929149152026,0.007531417374751332,0.24839092749222338
8,3.67,0.2514288950953102,0.00012127523428535768,0.00745165708292765,0.24682381424655106
8,3.675,0.24983788247177707,0.00011892470732676075,0.00737287330182422,0.24526194203569798
8,3.6799999999999997,0.2482522304535706,0.00011661697681536813,0.007295051805842466,0.24370533224726015
8,3.6850000000000005,0.24667196048634182,0.00011435132019093589,0.007218178587141736,0.24215400593409786
8,3.6900000000000004,0.24509709367430932,0.0001121270259822469,0.007142239852611479,0.2406079838138924
8,3.6950000000000003,0.2435276507798409,0.00010994339365767365,0.007067222020877137,0.23906728626873555
8,3.7,0.24196365222307298,0.00010779973347738823,0.006993111719339677,0.2375319333447559
8,3.705,0.24040511808156456,0.00010569536634720265,0.006919895781248401,0.2360019447517791
8,3.71,0.2388520680899867,0.00010362962367403115,0.0068475612428068764,0.23447733986302316
8,3.715,0.2373045216398474,0.00010160184722296009,0.0067760953403116905,0.23295813771482812
8,3.7199999999999998,0.23576249777925123,9.961138897591671e-05,0.006705485507323841,0.23144435700642046
8,3.7250000000000005,0.2342260152126947,9.765761099192097e-05,0.0066357193718724755,0.22993601609971182
8,3.7300000000000004,0.2326950923008973,9.57398852689142e-05,0.006566784753690852,0.2284331330191334
8,3.7350000000000003,0.2311697470606648,9.385759360714439e-05,0.0064986696614840415,0.22693572545150162
8,3.74,0.22964999716479056,9.201012747410539e-05,0.006431362290228438,0.22544381074592143
8,3.745,0.22813585994198965,9.019688787101254e-05,0.006364851018502624,0.22395740591372132
8,3.75,0.2266273523768682,8.841728520080377e-05,0.006299124405849424,0.22247652762842357
8,3.755,0.22512449110992705,8.667073913765503e-05,0.006234171190168888,0.22100119222574757
8,3.76,0.2236272924375995,8.49566784979979e-05,0.006169980285141988,0.21953141570364706
8,3.7649999999999997,0.22213577231232395,8.3274541113027e-05,0.006106540777684759,0.21806721372238133
8,3.7700000000000005,0.2206499463426495,8.162377370268582e-05,0.006043841925432654,0.21660860160461895
8,3.7750000000000004,0.21916982979337735,8.000383175112072e-05,0.005981873154254939,0.21515559433557652
8,3.7800000000000002,0.217695437585733,7.841417938358485e-05,0.0059206240557986844,0.21370820656318776
8,3.785,0.21622678429757547,7.685428924478946e-05,0.005860084385062403,0.21226645259830884
8,3.79,0.21476388416363712,7.532364237868319e-05,0.005800244057998833,0.210830346414954
8,3.795,0.21330675107579872,7.382172810965105e-05,0.005741093149146802,0.20939990165056527
8,3.8,0.21185539858339675,7.234804392511998e-05,0.005682621889291832,0.2079751316063144
8,3.8049999999999997,0.21040983989356377,7.090209535955935e-05,0.005624820663155271,0.20655604924743687
8,3.8100000000000005,0.20897008787160143,6.948339587986486e-05,0.005567680007111729,0.2051426672035981
8,3.8150000000000004,0.20753615504138767,6.80914667721152e-05,0.005511190606934615,0.20373499776929327
8,3.8200000000000003,0.20610805358581297,6.67258370296845e-05,0.005455343295569355,0.20233305290427533
8,3.825,0.20468579534725256,6.538604324270685e-05,0.005400129050934335,0.20093684423401892
8,3.83,0.2032693918280684,6.407162948887441e-05,0.00534553899374908,0.19954638305021288
8,3.835,0.20185885419114374,6.278214722556049e-05,0.005291564385389573,0.1981616803112851
8,3.84,0.20045419326044972,6.151715518325519e-05,0.0052381966257704325,0.19678274664295878
8,3.8449999999999998,0.1990554195216424,6.0276219260301806e-05,0.005185427251253679,0.1954095923388385
8,3.8500000000000005,0.19766254312269227,5.9058912418922374e-05,0.005133247932583915,0.1940422273610282
8,3.8550000000000004,0.1962755738745443,5.786481458252196e-05,0.005081650472849674,0.19268066134077907
8,3.8600000000000003,0.19489452125180823,5.669351253425653e-05,0.00503062680547061,0.19132490357916737
8,3.865,0.19351939439348054,5.554459981685771e-05,0.004980168992210428,0.189974963047803
8,3.87,0.19215020210369615,5.4417676633699595e-05,0.00493026922121524,0.18863084838956756
8,3.875,0.19078695285251068,5.331234975109624e-05,0.004880919805077117,0.18729256791938215
8,3.88,0.18942965477671214,5.222823240182007e-05,0.004832113178922608,0.1859601296250043
8,3.885,0.18807831568066335,5.1164944189828644e-05,0.004783841898526043,0.18463354116785496
8,3.8899999999999997,0.18673294303717275,5.012211099618835e-05,0.004736098638447299,0.18331280988387333
8,3.8950000000000005,0.18539354398839442,4.909936488618379e-05,0.0046888761901938405,0.18199794278440032
8,3.9000000000000004,0.18406012534675936,4.8096344017602614e-05,0.004642167460406887,0.18068894655709297
8,3.9050000000000002,0.18273269359593186,4.711269255018199e-05,0.004595965469071274,0.17938582756686305
8,3.91,0.1814112548917972,4.614806055620875e-05,0.004550263347748995,0.17808859185684695
8,3.915,0.18009581506347694,4.520210393225948e-05,0.0045050543378360825,0.17679724514940204
8,3.92,0.17878637961437172,4.4274484312070743e-05,0.004460331788842608,0.17551179284713073
8,3.925,0.1774829537232323,4.336486898052778e-05,0.00441608915669559,0.17423224003393165
8,3.9299999999999997,0.176185542245258,4.247293078876114e-05,0.004372320002064608,0.17295859147607803
8,3.9350000000000005,0.1748941497132218,4.1598348070339916e-05,0.004329017988709828,0.17169085162332223
8,3.9400000000000004,0.17360878033862448,4.0740804558550594e-05,0.00428617688185233,0.17042902461002865
8,3.9450000000000003,0.17232943801287182,3.989998930475083e-05,0.004243790546566358,0.16917311425632955
8,3.95,0.17105612630848183,3.9075596597787456e-05,0.00420185294619343,0.16792312406930995
8,3.955,0.16978884848031606,3.8267325884467786e-05,0.004160358140777988,0.16667905724421658
8,3.96,0.16852760746683781,3.747488169107342e-05,0.004119300285524403,0.16544091666569286
8,3.965,0.16727240589139514,3.6697973545905876e-05,0.004078673629275102,0.16420870490903858
8,3.9699999999999998,0.1660232460635297,3.593631590285382e-05,0.0040384725130096135,0.16298242424149462
8,3.9750000000000005,0.16478012998031027,3.518962806597056e-05,0.003998691368364298,0.16176207662355221
8,3.9800000000000004,0.16354305932769225,3.4457634115052966e-05,0.003959324716172603,0.1605476637102874
8,3.9850000000000003,0.1623120354818992,3.374006283220831e-05,0.003920367165025506,0.15933918685271733
8,3.99,0.1610870595108309,3.3036647629402356e-05,0.0038818134098520776,0.1581366470991825
8,3.995,0.15986813217549406,3.234712647697588e-05,0.0038436582305198595,0.15694004519675128
8,4.0,0.15865525393145707,3.167124183311986e-05,0.003805896490454877,0.1557493815926481
8,4.005,0.1574484249303279,3.1008740574299834e-05,0.003768523135281069,0.15456465643570405
8,4.01,0.15624764502125466,3.0359373926618173e-05,0.003731533191478924,0.15338586957783024
8,4.015,0.15505291375244967,2.9722897398105788e-05,0.0036949217650631473,0.15221302057551375
8,4.0200000000000005,0.15386423037273478,2.9099070711930882e-05,0.003658684040279075,0.15104610869133475
8,4.025,0.15268159383311025,2.8487657740518047e-05,0.0036228152783177557,0.14988513289550662
8,4.03,0.15150500278834367,2.7888426440563852e-05,0.003587310816049339,0.1487300918674357
8,4.035,0.15033445559858144,2.730114878894288e-05,0.003552166064774708,0.14758098399730338
8,4.04,0.1491699503309814,2.6725600719492032e-05,0.0035173765089950787,0.14643780738766873
8,4.045,0.14801148476136605,2.6161562060664127e-05,0.0034829377051993904,0.1453005598550915
8,4.05,0.14685905637589597,2.560881647404149e-05,0.003448845280669268,0.1441692389317748
8,4.055,0.1457126623727642,2.50671513936993e-05,0.0034150949323013963,0.1430438418672286
8,4.0600000000000005,0.14457229966390944,2.4536357966409702e-05,0.0033816824254470548,0.1419243656299514
8,4.065,0.14343796487675092,2.401623099267722e-05,0.0033486035927687095,0.14081080690913342
8,4.07,0.14230965435593923,2.350656886859558e-05,0.0033158543331133243,0.13970316211637526
8,4.075,0.14118736416512895,2.300717352851698e-05,0.003283430610402349,0.13860142738742823
8,4.08,0.140071090088769,2.2517850388525404e-05,0.0032513284525381176,0.13750559858395175
8,4.085,0.13896082763391104,2.2038408290702654e-05,0.00321954395032646,0.1364156712952887
8,4.09,0.1378565720320355,2.1568659448180572e-05,0.003188073256415358,0.13533164084025795
8,4.095,0.13675831824089651,2.1108419390968224e-05,0.003156912584249475,0.13425350226896565
8,4.1000000000000005,0.1356660609463825,2.0657506912546683e-05,0.003126058207040333,0.13318125036463155
8,4.105,0.13457979456439606,2.021574401722146e-05,0.003095506456752006,0.13211487964543456
8,4.11,0.13349951324274717,1.9782955868224025e-05,0.003065253723102059,0.1310543843663712
8,4.115,0.13242521086306613,1.9358970736554057e-05,0.0030352964525776726,0.12999975852113374
8,4.12,0.1313568810427307,1.8943619950553226e-05,0.0030056311474666673,0.1289509958440016
8,4.125,0.13029451713680879,1.8536737846201994e-05,0.002976254364903292,0.127908089811749
8,4.13,0.12923811224001786,1.813816171813092e-05,0.002947162715928613,0.12687103364556798
8,4.135,0.1281876591886975,1.774773177133809e-05,0.002918352864565285,0.1258398203130052
8,4.14,0.12714315056279835,1.7365291073604036e-05,0.0028898215269065755,0.12481444252991417
8,4.1450000000000005,0.12610457868788438,1.6990685508595833e-05,0.0028615654702194323,0.12379489276242113
8,4.15,0.1250719356371502,1.6623763729652213e-05,0.0028335815120614553,0.12278116322890514
8,4.155,0.1240452132334503,1.6264377114241112e-05,0.002805866519411544,0.12177324590199039
8,4.16,0.12302440305134338,1.5912379719082166e-05,0.0027784174078141297,0.12077113251055288
8,4.165,0.12200949641914921,1.5567628235925272e-05,0.0027512311405367713,0.11977481454173976
8,4.17,0.12100048442101824,1.5229981947977883e-05,0.002724304727740963,0.11878428324300096
8,4.175,0.11999735789901256,1.4899302686972503e-05,0.002697635225665962,0.11779952962413205
8,4.18,0.11900010745520079,1.4575454790867043e-05,0.0026712197358255392,0.11682054445933077
8,4.1850000000000005,0.11800872345376301,1.4258305062169654e-05,0.00264505540421741,0.11584731828926338
8,4.19,0.11702319602310868,1.3947722726881202e-05,0.0026191394205452596,0.11487984142314386
8,4.195,0.11604351505800325,1.3643579394046204e-05,0.0025934690174531086,0.11391810394082147
8,4.2,0.11506967022170828,1.334574901590631e-05,0.0025680414697719736,0.11296209569488173
8,4.205,0.11410165094812963,1.3054107848647624e-05,0.0025428540937785724,0.11201180631275529
8,4.21,0.11313944644397739,1.2768534413734933e-05,0.002517904246465972,0.11106722519883822
8,4.215,0.11218304569093435,1.248890945982519e-05,0.0024931893248259945,0.11012834153662082
8,4.22,0.11123243744783473,1.2215115925253025e-05,0.00246870676514325,0.10919514429082647
8,4.2250000000000005,0.11028761025285116,1.1947038901080935e-05,0.0024444540423006205,0.10826762220955848
8,4.23,0.10934855242569186,1.1684565594707383e-05,0.0024204286690960907,0.10734576382645707
8,4.235,0.10841525206980396,1.1427585294024629e-05,0.0023966281955706916,0.10642955746286234
8,4.24,0.10748769707458689,1.1175989332120529e-05,0.002373050208347506,0.1055189912299871
8,4.245,0.10656587511761301,1.0929671052516423e-05,0.002349692329981538,0.10461405303109686
8,4.25,0.10564977366685535,1.0688525774934402e-05,0.0023265522183202967,0.10371473056369673
8,4.255,0.10473937998292232,1.0452450761587262e-05,0.00230362756587496,0.10282101132172519
8,4.26,0.10383468112130045,1.0221345183984062e-05,0.0022809160992020108,0.10193288259775585
8,4.265,0.1029356639346019,9.995110090244827e-06,0.00225841557829513,0.10105033148520363
8,4.2700000000000005,0.10204231507481903,9.77364837291755e-06,0.0022361237959872735,0.10017334488053821
8,4.275,0.10115462099558575,9.556864737290947e-06,0.0022140385773627884,0.09930190948550383
8,4.28,0.100272567954442,9.34466567019634e-06,0.002192157779179363,0.09843601180934239
8,4.285,0.09939614201510566,9.13695940929261e-06,0.0021704792892997793,0.09757563817102365
8,4.29,0.09852532904974787,8.93365591282699e-06,0.0021490010261332407,0.09672077470147897
8,4.295,0.09766011474127456,8.734666829866315e-06,0.0021277209380862203,0.09587140734584103
8,4.3,0.09680048458561041,8.539905470991794e-06,0.0021066370030226244,0.09502752186568589
8,4.305,0.09594642389398772,8.349286779451295e-06,0.0020857472277331915,0.09418910384128001
8,4.3100000000000005,0.09509791779523896,8.16272730276304e-06,0.002065049647413985,0.09335613867383083
8,4.315,0.09425495123809274,7.980145164764676e-06,0.002044542325153853,0.09252861158774059
8,4.32,0.09341750899347179,7.80146003810134e-06,0.002024223351430701,0.09170650763286228
8,4.325,0.09258557565679493,7.626593117147347e-06,0.0020040908436165026,0.09088981168675948
8,4.33,0.09175913565028077,7.455467091355119e-06,0.001984142945490891,0.09007850845696784
8,4.335,0.090938173225254,7.288006119025765e-06,0.001964377826763215,0.08927258248325909
8,4.34,0.09012267246445249,7.124135801495341e-06,0.0019447936826029269,0.0884720181399059
8,4.345,0.08931261728433715,6.963783157731437e-06,0.001925388733178217,0.08767679963794951
8,4.3500000000000005,0.08850799143740201,6.806876599334031e-06,0.001906161223202734,0.08688691102746737
8,4.355,0.08770877851448605,6.6533459059353195e-06,0.001887109421490309,0.08610233619984275
8,4.36,0.08691496194708503,6.503122200992781e-06,0.0018682316205175364,0.08532305889003415
8,4.365,0.08612652500966322,6.356137927970276e-06,0.0018495261359941105,0.0845490626788447
8,4.37,0.08534345082196698,6.212326826901502e-06,0.0018309913064408316,0.08378033099519339
8,4.375,0.08456572235133569,6.071623911330599e-06,0.0018126254927750992,0.08301684711838367
8,4.38,0.08379332241501436,5.933965445624664e-06,0.001794427077903868,0.08225859418037368
8,4.385,0.08302623368246331,5.799288922652822e-06,0.0017763944663238696,0.08150555516804366
8,4.39,0.08226443867766897,5.667533041826736e-06,0.0017585260837290778,0.08075771292546437
8,4.3950000000000005,0.08150791978145128,5.53863768749749e-06,0.0017408203766252255,0.0800150501561623
8,4.4,0.08075665923377101,5.412543907703841e-06,0.0017232758119513432,0.0792775494253847
8,4.405,0.08001063913603362,5.289193893266518e-06,0.0017058908767081373,0.07854519316236121
8,4.41,0.07926984145339239,5.168530957224129e-06,0.0016886640775931857,0.07781796366256484
8,4.415,0.07853424801704807,5.050499514605439e-06,0.0016715939406427782,0.07709584308996953
8,4.42,0.07780384052654638,4.935045062533269e-06,0.0016546790108803425,0.07637881347930549
8,4.425,0.07707860055207189,4.822114160655337e-06,0.0016379178519713314,0.07566685673831115
8,4.43,0.07635850953673913,4.711654411897232e-06,0.0016213090458844894,0.07495995464998224
8,4.4350000000000005,0.07564354879887983,4.603614443532851e-06,0.001604851192559383,0.0742580888748172
8,4.44,0.07493369953432696,4.4979438885679006e-06,0.0015885429095801261,0.07356124095305933
8,4.445,0.07422894281869356,4.394593367431495e-06,0.0015723828318551527,0.07286939230693387
8,4.45,0.0735292596096483,4.293514469971858e-06,0.0015563696113030038,0.07218252424288199
8,4.455,0.07283463074918609,4.194659737751314e-06,0.0015405019165439932,0.0715006179537897
8,4.46,0.07214503696589378,4.097982646636349e-06,0.0015247784325976698,0.07082365452121209
8,4.465,0.071460458877211,4.003437589678332e-06,0.0015091978605859932,0.07015161491759277
8,4.47,0.07078087699168559,3.910979860280697e-06,0.00149375891744212,0.06948448000847796
8,4.4750000000000005,0.07010627171122309,3.820565635648233e-06,0.0014784603356247136,0.06882223055472485
8,4.48,0.06943662333333167,3.7321519605144754e-06,0.0014633008628377126,0.06816484721470531
8,4.485,0.06877191205335917,3.6456967311428167e-06,0.0014482792617554168,0.06751231054650206
8,4.49,0.06811211796672541,3.5611586795975475e-06,0.0014333943097528672,0.0668646010101
8,4.495,0.06745722107114747,3.4784973582806057e-06,0.0014186447986413958,0.06622169896957082
8,4.5,0.06680720126885807,3.3976731247300535e-06,0.001404029534409268,0.06558358469525068
8,4.505,0.06616203836881716,3.3186471266764875e-06,0.0013895473369673395,0.06495023836591134
8,4.51,0.06552171208891654,3.2413812873533843e-06,0.0013751970398996516,0.06432164007092434
8,4.515,0.06488620205817658,3.165838291057594e-06,0.0013609774902188622,0.06369776981241758
8,4.5200000000000005,0.06425548781893578,3.091981568956168e-06,0.00134688754812646,0.0630786075074247
8,4.525,0.0636295488290326,3.019775285135868e-06,0.001332926086777667,0.062464132990026955
8,4.53,0.06300836446397841,2.9491843228915112e-06,0.0013190919920509406,0.06185432601348643
8,4.535,0.062391914019123085,2.880174271249704e-06,0.001305384162322031,0.061249166252371874
8,4.54,0.061780176711811886,2.812711411724209e-06,0.0012918015082424873,0.06064863330467615
8,4.545,0.061173131683533444,2.7467627052994793e-06,0.0012783429525225524,0.06005270669392486
8,4.55,0.06057075800205901,2.6822957796388472e-06,0.0012650074297183645,0.059461365871276387
8,4.555,0.0599730346635729,2.6192789165138883e-06,0.0012517938860234054,0.058874590217613355
8,4.5600000000000005,0.05937994059479295,2.5576810394515143e-06,0.0012387012790641004,0.058292359045624235
8,4.565,0.05879145465508284,2.4974717015955797e-06,0.0012257285776995366,0.05771465160187695
8,4.57,0.05820755563855298,2.4386210737794185e-06,0.0012128747618251725,0.05714144706888134
8,4.575,0.05762822227615312,2.381099932806308e-06,0.0012001388221805325,0.05657272456714339
8,4.58,0.057053433237754185,2.324879649934408e-06,0.0011875197601607732,0.056008463157208976
8,4.585,0.05648316713422019,2.269932179563102e-06,0.0011750165876320746,0.055448641841697795
8,4.59,0.055917402519469465,2.21623004811754e-06,0.0011626283267507777,0.05489323956732686
8,4.595,0.05535611789252568,2.1637463431282584e-06,0.0011503540097862162,0.05434223522692398
8,4.6000000000000005,0.05479929169955793,2.112454702502842e-06,0.0011381926789471655,0.05379560766143042
8,4.605,0.054246902335910355,2.0623293039866314e-06,0.00112614338621186,0.053253335661893386
8,4.61,0.05369892814811966,2.0133448548093355e-06,0.0011142051931614836,0.052715397971446615
8,4.615,0.053155347435922776,1.9654765815147963e-06,0.0011023771708171212,0.052181773287281207
8,4.62,0.05261613845425206,1.918700219970894e-06,0.0010906583994800597,0.051652440262604335
8,4.625,0.05208127941521953,1.8729920055567059e-06,0.0010790479685754135,0.0511273775085871
8,4.63,0.051550748490089365,1.8283286635241601e-06,0.001067544976499,0.050606563596300926
8,4.635,0.05102452381123815,1.7846873995313278e-06,0.001056148530467399,0.05008997705864189
8,4.64,0.05050258347410374,1.742045890344657e-06,0.001044857746371161,0.0495775963922439
8,4.6450000000000005,0.0499849055391213,1.700382274707371e-06,0.0010336717486310793,0.049069400059379265
8,4.65,0.049471468033648054,1.6596751443714555e-06,0.0010225896700575027,0.048565366489848195
8,4.655,0.04896224895387424,1.6199035352904353e-06,0.0010116106517125878,0.048065474082854776
8,4.66,0.04845722626672279,1.5810469189705068e-06,0.0010007338427754865,0.04756970120887181
8,4.665,0.04795637791173565,1.5430851939773533e-06,0.0009899584004103806,0.047078026211492624
8,4.67,0.04745968180294733,1.5059986775961516e-06,0.0009792834896373177,0.046590427409270316
8,4.675,0.04696711583074583,1.469768097642261e-06,0.000968708283205809,0.046106883097544536
8,4.68,0.04647865786372007,1.434374584420133e-06,0.0009582319614711155,0.04562737155025515
8,4.6850000000000005,0.04599428575049435,1.3997996628280215e-06,0.0009478537122731909,0.04515187102174304
8,4.69,0.04551397732154977,1.366025244606135e-06,0.0009375727308182259,0.04468035974853823
8,4.695,0.04503771039103143,1.3330336207257776e-06,0.0009273882195627297,0.0442128159511339
8,4.7,0.044565462758543006,1.3008074539172771e-06,0.0009172993881001273,0.0437492178357482
8,4.705,0.04409721221092707,1.2693297713343186e-06,0.0009073054530498012,0.04328954359607185
8,4.71,0.0436329365240319,1.2385839573524676e-06,0.0008974056379485403,0.04283377141500267
8,4.715,0.043172613464464375,1.2085537464996517e-06,0.0008875991731443504,0.04238187946636634
8,4.72,0.042716220791328946,1.1792232165163951e-06,0.0008778852956925765,0.041933845916623524
8,4.7250000000000005,0.042263736257952406,1.1505767815436605e-06,0.0008682632492542904,0.041489648926563046
8,4.73,0.041815137613594906,1.1225991854361705e-06,0.0008587322839969129,0.04104926665298157
8,4.735,0.04137040260514606,1.0952754951990702e-06,0.0008492916564969986,0.04061267725034865
8,4.74,0.040929508978807344,1.0685910945459321e-06,0.0008399406296451747,0.040179858872458306
8,4.745,0.040492434481759765,1.0425316775760006e-06,0.0008306784725531639,0.039750789674066124
8,4.75,0.040059156863817086,1.0170832425687032e-06,0.0008215044604628645,0.03932544781251225
8,4.755,0.039629653879064544,9.922320858934455e-07,0.0008124178746574419,0.03890381144933007
8,4.76,0.03920390328748265,9.679647960327303e-07,0.000803418002374387,0.038485858751840255
8,4.765,0.038781882856556774,9.442682477166919e-07,0.0007945041367205149,0.03807156789473089
8,4.7700000000000005,0.038363570362871184,9.211295961671379e-07,0.0007856755765888431,0.037660917061622286
8,4.775,0.037948943593689076,8.985362714492716e-07,0.0007769316265773379,0.037253884446618125
8,4.78,0.03753798034851676,8.764759729292019e-07,0.0007682715969094608,0.036850448255840926
8,4.785,0.03713065844065356,8.549366638354879e-07,0.0007596948033565043,0.03645058670895362
8,4.79,0.03672695569872628,8.339065659229096e-07,0.0007512005671616653,0.03605427804066587
8,4.795,0.036326849968208716,8.1337415423671e-07,0.0007427882149658237,0.03566150050222578
8,4.8,0.03593031911292581,7.93328151975595e-07,0.0007344570787349886,0.03527223236289648
8,4.805,0.03553734101654279,7.737575254517716e-07,0.0007262064956893821,0.03488645191141799
8,4.8100000000000005,0.03514789358403877,7.546514791463666e-07,0.0007180358082341198,0.03450413745745386
8,4.815,0.034761954743165485,7.359994508585794e-07,0.0007099443638914642,0.034125267333023145
8,4.82,0.03437950244588998,7.177911069468982e-07,0.0007019315152345986,0.0337498198939167
8,4.825,0.03400051466982242,7.0001633766085e-07,0.0006939966198229123,0.033377773521098844
8,4.83,0.0336249694196283,6.82665252561662e-07,0.000686139040138748,0.03300910662209366
8,4.835,0.03325284472842523,6.657281760302981e-07,0.00067835814352559,0.03264379763235624
8,4.84,0.03288411865916389,6.491956428613339e-07,0.0006706533021276472,0.03228182501662835
8,4.845,0.03251876930599387,6.330583939411857e-07,0.0006630238928308223,0.03192316727027923
8,4.8500000000000005,0.032156774795613664,6.173073720091925e-07,0.0006554692972050169,0.031567802920630855
8,4.855,0.03179811328860525,6.019337175001268e-07,0.0006479889014477574,0.031215710528268093
8,4.86,0.03144276298075267,5.869287644666361e-07,0.0006405820963290969,0.030866868688333146
8,4.865,0.031090702104345436,5.722840365802917e-07,0.0006332482771377829,0.030521256031805038
8,4.87,0.030741908929465954,5.579912432097807e-07,0.0006259868436286506,0.0301788512267635
8,4.875,0.03039636176526137,5.440422755749154e-07,0.0006187971999712142,0.029839632979637515
8,4.88,0.03005403896119979,5.30429202975093e-07,0.0006116787546994382,0.029503580036438506
8,4.885,0.029714918908310645,5.171442690909003e-07,0.0006046309206626491,0.02917067118397801
8,4.89,0.02937898004040945,5.041798883575354e-07,0.0005976531149775726,0.02884088525106998
8,4.8950000000000005,0.029046200835306773,4.915286424087901e-07,0.0005907447589814631,0.028514201109717644
8,4.9,0.028716559816001783,4.791832765903185e-07,0.0005839052781863102,0.028190597676285158
8,4.905,0.028390035551859375,4.671366965409295e-07,0.0005771341022340754,0.02787005391265319
8,4.91,0.028066606659772484,4.5538196484073046e-07,0.0005704306648529675,0.027552548827359948
8,4.915,0.027746251805307872,4.4391229772486425e-07,0.0005637944038147003,0.02723806147672596
8,4.92,0.027428949703836802,4.327210618617004e-07,0.0005572247608927329,0.026926570965964073
8,4.925,0.02711467912164966,4.218017711942861e-07,0.0005507211818214549,0.02661805645027362
8,4.93,0.026803418877054976,4.111480838439295e-07,0.0005442831162563013,0.026312497135919356
8,4.9350000000000005,0.02649514784146282,4.0075379907478443e-07,0.0005379100177347705,0.02600987228129496
8,4.94,0.02618984494045265,3.906128543183254e-07,0.0005316013436383331,0.025710161197971378
8,4.945,0.02588748915482512,3.8071932225661844e-07,0.0005253565551551898,0.02541334325172932
8,4.95,0.02558805952163861,3.710674079633327e-07,0.0005191751172438796,0.02511939786357684
8,4.955,0.025291535135230112,3.61651446101418e-07,0.0005130564985977086,0.024828304510751503
8,4.96,0.024997895148220435,3.5246589817642376e-07,0.0005070001716099737,0.024540042727707188
8,4.965,0.024707118772503898,3.435053498444341e-07,0.0005010056123399698,0.02425459210708565
8,4.97,0.024419185280222543,3.3476450827361606e-07,0.0004950723004797577,0.02397193230067289
8,4.9750000000000005,0.024134074004724716,3.262381995583931e-07,0.000489199719321671,0.02369204302034019
8,4.98,0.023851764341508486,3.1792136618528084e-07,0.0004833873557265517,0.02341490403897023
8,4.985,0.023572235749149146,3.0980906454941414e-07,0.0004776347000926802,0.02314049519136762
8,4.99,0.023295467750211803,3.01896462520848e-07,0.0004719412463254026,0.02286879637515477
8,4.995,0.023021439932148342,2.941788370596946e-07,0.0004663064918074196,0.022599787551652428
8,5.0,0.022750131948179195,2.866515718791933e-07,0.0004607299373697301,0.02233344874674529
8,5.005,0.022481523518159723,2.793101551558238e-07,0.00045521108726320785,0.022069760051732525
8,5.01,0.022215594429431475,2.7215017728558194e-07,0.00044974944913079543,0.021808701624163433
8,5.015000000000001,0.02195232453765817,2.651673286855565e-07,0.0004443445339803008,0.021550253688658125
8,5.0200000000000005,0.02169169376764676,2.5835739763997143e-07,0.0004389958561577819,0.021294396537713537
8,5.025,0.02143368211415297,2.5171626818982844e-07,0.0004337029333214922,0.021041110532494224
8,5.03,0.02117826964267226,2.452399180653697e-07,0.00042846528641639125,0.020790376103608833
8,5.035,0.02092543649021554,2.389244166605307e-07,0.00042328243964918823,0.02054217375187161
8,5.04,0.020675162866070042,2.3276592304859951e-07,0.0004181539204639119,0.020296484049049338
8,5.045,0.020427429052545333,2.2676068403829973e-07,0.00041307925951799185,0.020053287638593674
8,5.05,0.020182215405704394,2.2090503226954316e-07,0.0004080579906588333,0.019812565236358864
8,5.055,0.019939502356080108,2.1519538434808764e-07,0.00040308965090087696,0.01957429763130508
8,5.0600000000000005,0.019699270409376867,2.0962823901836867e-07,0.0003981737804031243,0.019338465686187193
8,5.065,0.019461500147157848,2.04200175373787e-07,0.00039330992244712525,0.019105050338229457
8,5.07,0.01922617222751726,1.989078511037121e-07,0.00038849762341539745,0.018874032599785446
8,5.075,0.018993267385738533,1.9374800077653556e-07,0.00038373643277028583,0.01864539355898417
8,5.08,0.01876276643493775,1.8871743415805952e-07,0.000379025903033233,0.018419114380361767
8,5.085,0.01853465026669295,1.838130345645579e-07,0.0003743655897644588,0.01819517630547922
8,5.09,0.01830889985165897,1.7903175724983385e-07,0.0003697550515430311,0.017973560653525983
8,5.095,0.018085496240168083,1.7437062782563291e-07,0.0003651938499473178,0.017754248821909603
8,5.1000000000000005,0.01786442056281653,1.6982674071475937e-07,0.0003606815495358115,0.0175372222868315
8,5.105,0.017645654031037048,1.6539725763627282e-07,0.00035621771782831375,0.017322462603849037
8,5.11,0.01742917793765706,1.610794061221369e-07,0.00035180192528746145,0.01710995140842344
8,5.115,0.0172149736574434,1.5687047806472442e-07,0.0003474337453006012,0.016899670416454595
8,5.12,0.017003022647632787,1.527678282945655e-07,0.0003431127541619812,0.016691601424801774
8,5.125,0.016793306448448803,1.4876887318776573e-07,0.0003388385310552677,0.016485726311791165
8,5.13,0.01658580668360501,1.4487108930250803e-07,0.0003346106580363644,0.016282027037709746
8,5.135,0.016380505060794533,1.4107201204407605e-07,0.0003304287200165313,0.016080485645285938
8,5.140000000000001,0.016177383372166065,1.3736923435784092e-07,0.000326292304745791,0.015881084260156858
8,5.1450000000000005,0.015976423494786614,1.3376040544966847e-07,0.0003222010027966166,0.015683805091322615
8,5.15,0.015777607391090485,1.3024322953320117e-07,0.00031815440754788305,0.015488630431587049
8,5.155,0.015580917109315454,1.2681546460349944e-07,0.000314152115169087,0.015295542657985932
8,5.16,0.015386334783925445,1.2347492123651642e-07,0.0003101937246048145,0.015104524232201896
8,5.165,0.015193842636020248,1.2021946141390162e-07,0.00030627883755945473,0.014915557700966647
8,5.17,0.015003422973732207,1.1704699737263157e-07,0.00030240705848214933,0.014728625696450389
8,5.175,0.014815058192609913,1.1395549047897993e-07,0.0002985779945519683,0.014543710936638487
8,5.18,0.014628730775989262,1.109429501263461e-07,0.00029479125566330967,0.01436079622569573
8,5.1850000000000005,0.01444442329535147,1.0800743265646448e-07,0.0002910464544115056,0.014179864454317792
8,5.19,0.014262118410668849,1.0514704030354033e-07,0.0002873432060786417,0.01400089860007067
8,5.195,0.01408179887073763,1.0235992016084506e-07,0.0002836811286195663,0.013823881727717416
8,5.2,0.013903447513498595,9.96442631693347e-08,0.0002800598426480952,0.013648796989532886
8,5.205,0.013727047266345301,9.699830312784344e-08,0.0002764789714234003,0.013475627625606335
8,5.21,0.013552581146419983,9.442031572442957e-08,0.00027293814083657376,0.013304356964131887
8,5.215,0.01338003226089734,9.190861758844346e-08,0.0002694369793973639,0.01313496842168713
8,5.22,0.013209383807256284,8.946156536290737e-08,0.0002659751182210766,0.012967445503499885
8,5.2250000000000005,0.013040619073539605,8.707755479679702e-08,0.00026255219101563207,0.012801771803703113
8,5.23,0.012873721438602007,8.475501985682819e-08,0.00025916783406877957,0.012637931005578416
8,5.235,0.012708674372346011,8.249243185834836e-08,0.00025582168623545,0.01247590688178761
8,5.24,0.012545461435946563,8.028829861495867e-08,0.00025251338892525816,0.012315683294593224
8,5.245,0.012384066282063831,7.814116360647827e-08,0.0002492425860901341,0.012157244196067401
8,5.25,0.012224472655044696,7.6049605164887e-08,0.00024600892421208835,0.012000573628289692
8,5.255,0.012066664391112734,7.401223567787687e-08,0.00024281205229109866,0.011845655723533565
8,5.26,0.011910625418547066,7.202770080965955e-08,0.00023965162183311832,0.01169247470444198
8,5.265000000000001,0.011756339757849949,7.009467873867473e-08,0.0002365272868381977,0.0115410148841919
8,5.2700000000000005,0.011603791521903512,6.82118794118619e-08,0.00023343870378871923,0.011391260666648171
8,5.275,0.011452964916115213,6.637804381514687e-08,0.0002303855316377309,0.011243196546506304
8,5.28,0.01130384423855278,6.459194325982485e-08,0.00022736743179738693,0.011096807109424948
8,5.285,0.011156413880068234,6.285237868450556e-08,0.0002243840681274811,0.010952077032147641
8,5.29,0.011010658324411388,6.115817997230578e-08,0.00022143510692407444,0.010808991082614234
8,5.295,0.010866562148332686,5.9508205282974506e-08,0.00021852021690820758,0.010667534120061837
8,5.3,0.010724110021675809,5.790134039964578e-08,0.00021563906921470108,0.010527691095115739
8,5.305,0.0105832867074598,5.6336498089916904e-08,0.0002127913373810325,0.010389447049870024
8,5.3100000000000005,0.01044407706195107,5.481261748095628e-08,0.00020997669733629094,0.010252787117958262
8,5.315,0.010306466034725393,5.332866344835348e-08,0.00020719482739020597,0.010117696524614358
8,5.32,0.010170438668719667,5.1883626018423995e-08,0.00020444540822224145,0.009984160586723379
8,5.325,0.010035980100274053,5.047651978369344e-08,0.00020172812287075925,0.009852164712862911
8,5.33,0.009903075559164245,4.910638333128517e-08,0.000199042656722244,0.009721694403334744
8,5.335,0.009771710368624014,4.777227868394533e-08,0.00019638869750058553,0.009592735250186998
8,5.34,0.00964186994535833,4.6473290753441155e-08,0.00019376593525642036,0.009465272937227008
8,5.345,0.009513539799546927,4.5208526806074344e-08,0.0001911740623565239,0.009339293240024825
8,5.3500000000000005,0.00938670553483856,4.397711594005869e-08,0.00018861277347325357,0.009214782025907574
8,5.355,0.00926135284833617,4.2778208574512135e-08,0.00018608176557404215,0.009091725253944893
8,5.36,0.00913746753057266,4.1610975949819624e-08,0.0001835807379109306,0.008970108974925157
8,5.365,0.009015035465477907,4.0474609639131226e-08,0.000181109392010148,0.008849919331323081
8,5.37,0.008894042630336772,3.9368321070758994e-08,0.0001786674316617292,0.008731142557258516
8,5.375,0.00877447509573836,3.829134106124428e-08,0.00017625456290917086,0.008613764978446625
8,5.38,0.008656319025516543,3.7242919358871034e-08,0.00017387049403912112,0.008497773012139501
8,5.385,0.008539560676681998,3.622232419740533e-08,0.00017151493557110412,0.008383153167059456
8,5.390000000000001,0.008424186399345675,3.522884185984276e-08,0.00016918760024727317,0.008269892043323873
8,5.3950000000000005,0.008310182636634082,3.42617762519556e-08,0.0001668882030221957,0.008157976332362062
8,5.4,0.008197535924596114,3.332044848542845e-08,0.0001646164610526611,0.008047392816823786
8,5.405,0.008086232892101933,3.240419647038171e-08,0.0001623720936875169,0.00793812837047999
8,5.41,0.007976260260733725,3.151237451708216e-08,0.0001601548224575258,0.007830169958115566
8,5.415,0.007867604844668596,3.0644352946644974e-08,0.00015796437106524585,0.0077235046354143895
8,5.42,0.0077602535505536425,2.979951771053627e-08,0.00015580046537492934,0.007618119548836684
8,5.425,0.007654193377373316,2.897727001868776e-08,0.00015366283340243972,0.0075140019354888055
8,5.43,0.007549411416309213,2.817702597603988e-08,0.00015155120530518552,0.007411139122985606
8,5.4350000000000005,0.00744589485059238,2.739821622733244e-08,0.00014946531337206971,0.007309518529305444
8,5.44,0.0073436309553483355,2.66402856099671e-08,0.00014740489201345384,0.007209127662638045
8,5.445,0.007242607097434624,2.590269281476623e-08,0.00014536967775113149,0.007109954121225027
8,5.45,0.007142810735271415,2.518491005446105e-08,0.00014335940920831645,0.00701198559319361
8,5.455,0.007044229418664997,2.448642273974077e-08,0.00014137382709963995,0.006915209856383331
8,5.46,0.006946850788624312,2.3806729162700347e-08,0.00013941267422115699,0.00681961477816595
8,5.465,0.006850662577170646,2.314534018752688e-08,0.0001374756954403597,0.006725188315258623
8,5.47,0.006755652607140651,2.2501778948268542e-08,0.00013556263768619943,0.006631918513530527
8,5.4750000000000005,0.006661808791982686,2.187558055353198e-08,0.0001336732499391133,0.006539793507802936
8,5.48,0.006569119135546751,2.126629179795902e-08,0.00013180728322105824,0.006448801521643003
8,5.485,0.006477571731867839,2.0673470880333502e-08,0.00012996449058554587,0.0063589308671510745
8,5.49,0.006387154764943171,2.00966871281764e-08,0.0001281446271076844,0.006270169944742014
8,5.495,0.006297856508503128,1.9535520728686357e-08,0.0001263474498742217,0.0061825072429203196
8,5.5,0.006209665325776132,1.898956246588768e-08,0.0001245727179735911,0.006095931338049323
8,5.505,0.0061225696692475485,1.845841346384994e-08,0.0001228201924859587,0.006010430894114493
8,5.51,0.006036558080412666,1.7941684935847086e-08,0.00012108963647327155,0.005925994662480957
8,5.515000000000001,0.005951619189523925,1.743899793932495e-08,0.00011938081496930622,0.0058426114816453436
8,5.5200000000000005,0.005867741715332557,1.6949983136550774e-08,0.00011769349496971944,0.005760270276982164
8,5.525,0.005784914464824434,1.6474280560818733e-08,0.00011602744542209383,0.005678960060484494
8,5.53,0.005703126332950689,1.601153938809086e-08,0.00011438243721598784,0.005598669930499533
8,5.535,0.0056223663023528235,1.5561417713951657e-08,0.00011275824317298123,0.005519389071458741
8,5.54,0.005542623443082601,1.5123582335760905e-08,0.00011115463803672053,0.005441106753602867
8,5.545,0.005463886912316763,1.469770853988913e-08,0.00010957139846296226,0.0053638123327018885
8,5.55,0.005386145954066687,1.4283479893922718e-08,0.00010800830300961432,0.005287495249769985
8,5.555,0.0053093898988830785,1.3880588043729905e-08,0.00010646513212677529,0.005212145030775643
8,5.5600000000000005,0.00523360816355578,1.348873251527836e-08,0.00010494166814677086,0.00513775128634696
8,5.565,0.0051587902508088805,1.3107620521100284e-08,0.0001034376952741892,0.005064303711472342
8,5.57,0.005084925748991031,1.2736966771299875e-08,0.0001019529995759112,0.004991792085196485
8,5.575,0.005012004331761333,1.237649328900394e-08,0.00010048736897114097,0.004920206270312021
8,5.58,0.004940015757770645,1.2025929230154907e-08,9.904059322143138e-05,0.004849536213046661
8,5.585,0.004868949870338576,1.1685010707550114e-08,9.76124639207084e-05,0.0047797719427461055
8,5.59,0.004798796597126178,1.1353480619032137e-08,9.62027744852918e-05,0.004710903571552728
8,5.595,0.004729545949804452,1.1031088479737299e-08,9.481132014391421e-05,0.004642921294080158
8,5.6000000000000005,0.00466118802371874,1.0717590258310852e-08,9.343789792773586e-05,0.004575815387083814
8,5.605,0.004593712997549213,1.0412748217000742e-08,9.208230666035994e-05,0.004509576209127617
8,5.61,0.004527111132967318,1.011633075554135e-08,9.074434694784209e-05,0.0044441942002467205
8,5.615,0.004461372774288519,9.828112258743243e-09,8.942382116870006e-05,0.0043796598816066195
8,5.62,0.004396488348121309,9.547872947704263e-09,8.812053346392132e-05,0.004315963855158591
8,5.625,0.004332448363012557,9.275398734560802e-09,8.683428972696767e-05,0.004253096803291531
8,5.63,0.004269243409089351,9.010481080699054e-09,8.55648975937794e-05,0.004191049488480362
8,5.635,0.004206864157697396,8.752916858347557e-09,8.431216643277769e-05,0.004129812752931052
8,5.640000000000001,0.004145301361036034,8.502508215474998e-09,8.307590733486588e-05,0.00406937751822232
8,5.6450000000000005,0.00408454585179007,8.25906244391772e-09,8.185593310343088e-05,0.004009734784944206
8,5.65,0.004024588542758303,8.022391850663474e-09,8.06520582443423e-05,0.003950875632333405
8,5.655,0.003965420426479076,7.79231363222e-09,7.946409895595328e-05,0.003892791217905675
8,5.66,0.003907032574852774,7.568649751997682e-09,7.829187311910039e-05,0.0038354727770852494
8,5.665,0.003849416138761434,7.351226820637755e-09,7.713520028710503e-05,0.003778911622831414
8,5.67,0.0037925623476854887,7.139875979218362e-09,7.599390167577455e-05,0.003723099145262271
8,5.675,0.0037364625093177888,6.934432785273239e-09,7.486780015340554e-05,0.0036680268112758304
8,5.68,0.003681108009174983,6.734737101557496e-09,7.375672023078878e-05,0.0036136861641685065
8,5.6850000000000005,0.003626490310206269,6.540632987499005e-09,7.266048805121561e-05,0.0035600688232510372
8,5.69,0.0035726009523997324,6.3519685932719605e-09,7.157893138048823e-05,0.0035071664834620308
8,5.695,0.0035194315523861706,6.168596056433383e-09,7.051187959693095e-05,0.003454970914979048
8,5.7,0.0034669738030406647,5.99037140106353e-09,6.945916368140654e-05,0.0034034739628274703
8,5.705,0.003415219473081882,5.817154439351528e-09,6.842061620733589e-05,0.0033526675464871413
8,5.71,0.0033641604066691933,5.648808675570948e-09,6.739607133072177e-05,0.003302543659496863
8,5.715,0.00331378852299771,5.485201212388863e-09,6.638536478017773e-05,0.003253094369056852
8,5.72,0.0032640958158913144,5.326202659455508e-09,6.538833384696222e-05,0.003204311815629221
8,5.7250000000000005,0.003215074353393731,5.171687044220388e-09,6.440481737501815e-05,0.0031561882125365408
8,5.73,0.003166716277357788,5.021531724924513e-09,6.343465575101976e-05,0.0031087158455586263
8,5.735,0.0031190138030328346,4.8756173057166516e-09,6.247769089442491e-05,0.0030618870725275076
8,5.74,0.003071959218650488,4.733827553845585e-09,6.153376624753559e-05,0.0030156943229207676
8,5.745,0.0030255448850087514,4.596049318878869e-09,6.0602726765566226e-05,0.0029701300974532743
8,5.75,0.002979763235054555,4.462172453901611e-09,5.9684418906720056e-05,0.0029251869676673696
8,5.755,0.0029346067734648293,4.332089738648076e-09,5.8778690622274774e-05,0.002880857575521614
8,5.76,0.0028900680762261478,4.205696804522027e-09,5.7885391346677306e-05,0.0028371346329781307
8,5.765000000000001,0.0028461397902130314,4.082892061460302e-09,5.700437198764861e-05,0.0027940109215886318
8,5.7700000000000005,0.0028028146327650225,3.9635766265976235e-09,5.613548491629987e-05,0.002751479292079238
8,5.775,0.0027600853912624675,3.847654254689013e-09,5.527858395725804e-05,0.0027095326639340334
8,5.78,0.002717944922701255,3.735031270249736e-09,5.443352437880469e-05,0.0026681640249775905
8,5.785,0.002676386153266453,3.6256165013712866e-09,5.3600162883026465e-05,0.0026273664309564163
8,5.79,0.0026354020779049527,3.5193212151746186e-09,5.277835759597824e-05,0.002587133005119426
8,5.795,0.002594985759897172,3.4160590548614364e-09,5.196796805785957e-05,0.0025474569377974877
8,5.8,0.002555130330427932,3.3157459783261613e-09,5.11688552132056e-05,0.002508331485982162
8,5.805,0.0025158289881564884,3.2183001982912194e-09,5.038088140109162e-05,0.0024697499729036047
8,5.8100000000000005,0.0024770749987858567,3.1236421239299977e-09,4.960391034535325e-05,0.002431705787607783
8,5.815,0.0024388616946314813,3.0316943039417952e-09,4.883780714482239e-05,0.0023941923845330446
8,5.82,0.0024011824741892477,2.9423813710443573e-09,4.808243826357842e-05,0.0023572032830860403
8,5.825,0.002364030801703001,2.8556299878503037e-09,4.7337671521217265e-05,0.002320732067217164
8,5.83,0.0023274002067315515,2.771368794094629e-09,4.660337608313704e-05,0.002284772384995491
8,5.835,0.002291284283715272,2.689528355180538e-09,4.5879422450841946e-05,0.002249317948183311
8,5.84,0.0022556766915423202,2.6100411120129113e-09,4.5165682452264424e-05,0.0022143625318102964
8,5.845,0.0022205711531145616,2.5328413320876922e-09,4.446202923210634e-05,0.002179899973747375
8,5.8500000000000005,0.0021859614549132357,2.4578650618080152e-09,4.3768337242199646e-05,0.0021459241742803527
8,5.855,0.0021518414465644758,2.3850500799969594e-09,4.308448223188786e-05,0.0021124290956833895
8,5.86,0.0021182050404046173,2.3143358525785495e-09,4.241034123842687e-05,0.0020794087617922695
8,5.865,0.002085046211045508,2.2456634883990282e-09,4.1745792577408375e-05,0.002046857257577675
8,5.87,0.0020523589949397536,2.1789756961605545e-09,4.109071583320436e-05,0.0020147687287183917
8,5.875,0.0020201374899460017,2.1142167424408314e-09,4.0444991849434e-05,0.0019831373811745566
8,5.88,0.0019883758548943256,2.051332410772592e-09,3.980850271945374e-05,0.0019519574807610029
8,5.885,0.0019570683091517317,1.9902699617568074e-09,3.918113177687055e-05,0.001921223352720723
8,5.890000000000001,0.0019262091321878554,1.930978094185296e-09,3.856276358607893e-05,0.0018909293812985205
8,5.8950000000000005,0.0018957926631409413,1.873406907147718e-09,3.795328393282364e-05,0.0018610700093149401
8,5.9,0.0018658133003840339,1.8175078630994235e-09,3.735257981478541e-05,0.0018316397377404025
8,5.905,0.0018362655010915867,1.7632337518667755e-09,3.676053943219403e-05,0.0018026331252697526
8,5.91,0.0018071437808064273,1.7105386555669974e-09,3.617705217846678e-05,0.0017740447878971549
8,5.915,0.0017784427130071682,1.6593779144206003e-09,3.560200863087349e-05,0.0017458693984914282
8,5.92,0.0017501569286760992,1.6097080934342421e-09,3.50353005412288e-05,0.0017181016863718516
8,5.925,0.0017222811158676254,1.5614869499332674e-09,3.447682082661217e-05,0.0016907364368845077
8,5.93,0.0016948100192772635,1.5146734019226491e-09,3.392646356011569e-05,0.0016637684909791724
8,5.9350000000000005,0.0016677384398112764,1.4692274972565882e-09,3.338412396162072e-05,0.001637192744786832
8,5.94,0.0016410612341569934,1.4251103835965551e-09,3.2849698388604126e-05,0.0016110041491978733
8,5.945,0.0016147733143537888,1.3822842791387538e-09,3.232308432697297e-05,0.0015851977094409203
8,5.95,0.0015888696473648667,1.3407124440918662e-09,3.1804180381930295e-05,0.0015597684846624614
8,5.955,0.001563345254649826,1.3003591528869418e-09,3.1292886268871203e-05,0.0015347115875072436
8,5.96,0.0015381952117380577,1.2611896671010893e-09,3.078910280430983e-05,0.0015100221836994833
8,5.965,0.0015134146478030252,1.2231702090776925e-09,3.0292731896837875e-05,0.001485695491624944
8,5.97,0.001488998745237466,1.1862679362257254e-09,2.980367653811511e-05,0.0014617267819139182
8,5.9750000000000005,0.0014649427392295405,1.1504509159816272e-09,2.9321840793892123e-05,0.0014381113770251391
8,5.98,0.0014412419173400108,1.1156881014171594e-09,2.884712979506653e-05,0.0014148446508307042
8,5.985,0.001417891619080395,1.0819493074773998e-09,2.8379449728771297e-05,0.0013919220282019556
8,5.99,0.0013948872354922468,1.0492051878331487e-09,2.7918707829497844e-05,0.001369338984596466
8,5.995,0.0013722242087275249,1.0174272123326781e-09,2.7464812370252905e-05,0.0013470910456460925
8,6.0,0.0013498980316300933,9.865876450376946e-10,2.701767265374972e-05,0.0013251737867461433
